"Symbol","Sector","Industry","Country","MarketCap","Fundamental Strength Index","SP500 Stock","Price","bid","ask","mid_price","macro.open","macro.high","macro.low","Day.Average","Last 5min Average","Last 20min Average","Previous Day Close","% Change","Premarket Gap(%)","Health Rating","Micro Trend Rating","Macro Trend Rating","Macro Entry Rating","Macro OB/OS","Support","Resistance","Entry Conditions","Price zone","Buy Signal","Trend Strength","Micro Alert","Macro Alert","Forecast Rating","Macro Forecast Rating","Macro Forecast Range","Macro Buy Signal Range","Volume Surge","Risk (%)","EPS","volatility_regime","vol_regime","price_rising","lROC_5","lROC_10","lROC_30","lROC_60","lROC_120","entry_ATR","safe_entry_price_mean","entry_signal","entry_reason","entry_score","Macro Buy at or below","buy_score","uptrend_score","ubw_lbw_pct","Last 5day Average","Last 20day Average","FCRSig","FVGSig","lRSI_3","lRSI_14","MacrolfastD","MacrolfastK","lfastD_slope","MacrolfastK_slope","lfastK_3","l5_STD","Macrol50_MA","l120_MA","lupper_band","llower_band","above_ubw","below_lbw","Macro.lupband","Macro.llband","micro.compositescore","macro.compositescore","lATR","MacrolATR","SignalTransition","Macro.SignalTransition","MacroRSI_3","MacroRSI_14","MacroRSIslope","MacroROC_60","MacroROC_30","MacroROC_20","MacroROC_10","MacroROC_5","MacroROC_3","MacroROC_1","MacroMomentum3","MacroMomentum5","MacroMomentum10","MacroMomentum20","Macroubwlbwpct","Macrofirstimpule","Macrol5_MA","Macrol20_MA","Macrovolatility_regime","Macrowas_near_lower","Macrolbb_width_slope","MacroVolumeSurge","UpdateTime","macro_lupper_band","macro_llower_band","Day.Low","Day.High","Goodfellas","News","Earnings","Quality Value Screener","Intrinsic Value Screener","MicroMomentumScore","MicroMomentumGrade","MicroPattern","MacroMomentumScore","MacroMomentumGrade","MacroPattern","EntryQualityScore","EntryQualityGate"
"AA","Basic Materials","Aluminum","United States","Large","Good","No",43.9726,43.89,44,43.94,42.27,44.1,41.96,43.94,43.891,43.755,43.49,1.11,0.92,"-","Mixed trend","Mixed trend","Hold","Neutral",43.49,44,"","Excellent reward to risk ratio zone"," + ","Strong"," + ",NA,"Neutral","Neutral","28.94-58.04","32.3-47.61","False",5.48,4.81,"high","expanding",TRUE,0.7159871736143,0.669871794871795,0.91244979919678,0.0992510642172548,0.233872806017785,43.365807986913,42.7485990396895,FALSE,"",5,39.33,2,6,1.65717882017238,42.656,44.673,NA,NA,66.3065334530274,57.2432975354294,85.3900709219855,94.1702127659574,9.72697353172946,-5.82978723404258,86.3000000000002,0.142400674156007,43.732226,43.8562633333333,44.0744680748705,43.3559819251295,FALSE,FALSE,51.0940346678028,39.1839653321972,6.04843477341894,10,0.125570147497603,1.64053567966638,FALSE,TRUE,81.9970126606427,40.2043527606082,9.7576565809459,-10.4959868285656,-16.1234329797493,-12.967780668401,-2.57616487455197,2.93491124260356,3.54761904761905,3.67103694874851,3.54761904761904,2.93491124260354,-2.57616487455197,-12.967780668401,30.3952630486304,FALSE,43.88852,43.715225,"medium",FALSE,-2.2339502357852,FALSE,"2026-10-06 07:10:00",51.0940346678028,39.1839653321972,41.96,44.1,"","","","Strong fundamentals, below 50/200-day averages","Undervalued",79,"A","TREND_CONFIRMED",26,"D","EARLY_REVERSAL",45,"AVOID"
"AAL","Industrials","Airlines","United States","ETF",NA,"No",12.962,12.96,12.97,12.96,13,13.03,12.79,12.93,12.961,12.955,12.83,1.03,1.02,"-","Mixed trend","Mixed trend","Hold","Neutral",12.9102,12.9786,"","Excellent reward to risk ratio zone"," + Breakout Signal + ","Very Strong"," + Breakout Signal + ",NA,"Neutral","Neutral","8.6-17.06","9.77-13.55","False",4.61,NA,"medium","normal",FALSE,0.0154320987654235,0.0154320987654235,0.247486465583914,0.558572536850265,0.8715953307393,12.9012791635717,12.8694411880595,TRUE,"MomentumPullback",7,11.95,0,7,0.389794449622277,13.093,13.307,NA,NA,56.9447582692969,55.5458663495636,38.344988344991,41.9580419580423,-4.87212010492678,6.99300699300291,100,0.000839642781735515,12.940672,12.8934116666667,12.9803551232242,12.9299548767758,FALSE,FALSE,13.8417239394611,12.4912760605389,10,0,0.0089566297798026,0.456045065815561,FALSE,TRUE,14.1191244156139,39.7180557939156,-1.46306843968911,-24.306784660767,-7.16353111432706,-2.28484386900229,-5.45320560058954,-5.10355029585798,-4.03889304412864,-0.8500772797527,-4.03889304412864,-5.10355029585798,-5.45320560058954,-2.2848438690023,10.8111282816686,FALSE,12.9608,12.955155,"low",FALSE,0.318289439897864,FALSE,"2026-10-06 07:08:00",13.8417239394611,12.4912760605389,12.79,13.03,"","","","","",79,"A","TREND_CONFIRMED",4,"D","NONE",65,"AVOID"
"AAPL","Technology","Consumer Electronics","United States","Large","Good","Yes",333.1,333,333.2,333.1,332.815,336.21,331.65,333,333.003,332.945,332.89,0.06,0.03,"Moderate","Uptrend","Mixed trend","Hold","Neutral",332.72,333.1,"","Low reward High risk zone"," + Breakout Signal: above upper bollinger band limit + ","Very Strong"," + Breakout Signal: above upper bollinger band limit + ",NA,"Lower","Neutral","273-392.78","248.21-303.52","False",2.11,8.72,"medium","normal",FALSE,0.0510617847595638,0.0901442307692342,0.0540670431334876,0.0150127608467231,-0.00900549335093589,332.638507446504,332.306800413799,TRUE,"MomentumPullback",8,308.9,0,8,0.113403275597865,333.167,331.466,NA,NA,81.8729857664969,58.8498634464168,81.8181818181802,100,3.20202020202234,15.1515151515193,100,0.0664680524639837,332.94413,332.991784166667,333.126754362763,332.749405637237,FALSE,FALSE,346.159414622937,318.922585377063,10,8.6252232042214,0.081585626260395,6.85648181994598,FALSE,FALSE,47.4719920665748,53.8070516588179,-0.931305224206071,5.66259323916838,7.60950379828672,4.03787855111415,-1.79656616909553,-1.62825059101655,-0.0390366944928219,-0.239743474482307,-0.0390366944928222,-1.62825059101654,-1.79656616909553,4.03787855111415,8.54026352936777,FALSE,332.99298,332.93808,"low",FALSE,-0.913317993356745,FALSE,"2026-10-06 07:06:00",346.159414622937,318.922585377063,331.65,336.21,"","","","","",79,"A","TREND_CONFIRMED",44,"C","NONE",60,"AVOID"
"ABBV","Healthcare","Drug Manufacturers - General","United States","ETF",NA,"Yes",265.73,265.75,266.32,266.03,261.27,267.34,260.29,265.75,265.573,265.471,265.76,-0.01,-0.07,"-","Mixed trend","Mixed trend","Hold","Neutral",261.3,266.04,"","Low reward High risk zone"," + Positive News + ","Strong"," + Positive News + ",NA,"Neutral","Neutral","228.42-303.1","200.51-241.86","True",2.39,NA,"high","expanding",TRUE,0.942070275403616,0.0112909296198832,-0.359968502756001,-0.202801667480363,0.809954665300932,260.628466550968,258.867092368512,FALSE,"",7,244.16,2,-1,1.37679295556056,263.577,262.16,NA,NA,58.2746146550843,51.170294654506,94.8758584257786,93.6080295826728,7.93358906861682,-5.70522979397741,25.0000000000079,0.323001547984,266.081382,265.1217675,267.20167603655,263.57282396345,FALSE,FALSE,271.351068136056,251.749931863944,2.85131480996695,10,0.682918421015199,5.28928855021042,FALSE,FALSE,73.0493670595485,58.3960146055612,4.61297418731919,7.88779279827872,0.301932367149763,3.6262964984793,0.483968542044757,-0.195283160582838,1.5940976337016,1.11863632904649,1.5940976337016,-0.195283160582838,0.483968542044755,3.6262964984793,7.78595494623783,FALSE,265.624,265.38725,"low",FALSE,-0.0199605526632274,TRUE,"2026-10-06 07:00:00",271.351068136056,251.749931863944,260.29,267.34,"","News Alert","","","",41,"C","EARLY_REVERSAL",77,"A","RSI_DIVERGENCE",85,"PASS"
"ABEV","Consumer Defensive","Beverages - Brewers","Brazil","Large","Moderate","No",3.25,3.21,3.26,3.23,3.28,3.35,3.24,3.19,3.225,3.228,3.25,0,-0.78,"Very Weak","Uptrend","Uptrend","Hold","Neutral",3.1,3.26,"","Low reward High risk zone"," + ","Strong"," + ","Breakout Signal: above upper bollinger band limit","Neutral","Higher","2.61-4.06","2.37-2.82","True",2.46,0.19,"high","expanding",FALSE,0.191133855354837,0,-0.459418070444108,-0.914634146341457,-0.914634146341457,3.07473913250401,2.988979411716,FALSE,"",5,2.76,2,9,5.32208355363441,3.039,2.97,NA,NA,68.276187756701,52.7505178943409,95.8333333333334,100,22.35,0,100,0.0730068489937764,3.247698,3.27080666666667,3.31509845974556,3.14758154025444,FALSE,FALSE,3.14106288625916,2.81103711374084,9.7253340399953,10,0.0264831675361203,0.0879320869649734,FALSE,FALSE,94.669700844298,72.3667827310597,16.9305235279521,6.17445279320484,13.1615598885794,7.93756227167054,9.39077751598788,13.2404181184669,11.3013698630137,8.69565217391304,11.3013698630137,13.2404181184669,9.39077751598787,7.93756227167053,11.7403562871898,TRUE,3.194,3.23134,"medium",FALSE,4.05133329174638,TRUE,"2026-10-06 07:00:00",3.14106288625916,2.81103711374084,3.24,3.35,"","","","","",30,"D","EARLY_REVERSAL",87,"A","TREND_CONFIRMED",58,"AVOID"
"ABT","Healthcare","Medical Devices","United States","Large","Good","Yes",100.4,99.78,100.7,100.24,97.84,100.7,97.39,100.27,100.333,100.295,100.1,0.3,0.23,"Very Weak","Mixed trend","Mixed trend","Hold","Neutral",99.85,100.6446,"","Good reward to risk ratio zone"," + Positive News + ","Very Strong"," + Positive News + ",NA,"Lower","Neutral","43.8-143.82","83.07-103.36","False",2.31,3.1,"high","expanding",FALSE,-0.238473767885527,0.26964945570759,-0.00995916741359516,0.189601836144109,-0.119379228014316,99.6377212722482,98.5884808434428,TRUE,"RSER",8,94.48,3,4,0.868218544597671,99.162,102.054,NA,NA,55.5266925423817,52.4389421459364,44.8863159661053,69.2172162094147,-12.0224722160481,3.7754845205136,73.3333333333348,0.274851028740809,100.295124,100.367875,100.672055038126,99.805524961874,FALSE,FALSE,106.322340793943,97.2726592060575,7.96610692393256,10,0.213448014684858,2.37002178285321,FALSE,FALSE,64.1249344554872,40.861472952003,11.1274186694773,7.33433411966544,-14.1803840877915,-7.59715683559495,-2.79665954554283,-0.871459694989116,1.28503490842861,2.66666666666666,1.28503490842862,-0.871459694989118,-2.79665954554283,-7.59715683559494,9.3034174882735,FALSE,100.30224,100.23879,"medium",TRUE,-2.36959345000115,FALSE,"2026-10-06 07:00:00",106.322340793943,97.2726592060575,97.39,100.7,"","News Alert","","Strong fundamentals, below 50/200-day averages","",35,"D","NONE",29,"D","NONE",55,"WATCH"
"ACM","Industrials","Engineering & Construction","United States","Mid","Moderate","No",60.51,59,61,60,59.33,60.97,59,60.36,60.223,60.054,59.76,1.26,0.77,"Very Weak","Mixed trend","Mixed trend","Hold","Neutral",59.2683,60.51,"","Excellent reward to risk ratio zone"," + ","Strong"," + ",NA,"Lower","Neutral","40.14-79.38","45.63-70.44","False",3.22,2.84,"high","expanding",TRUE,0.950950950950951,1.04366702847124,0.298359025360517,-0.247279920870423,-0.452414246935919,59.0870020078763,58.3769396239749,FALSE,"",7,56.37,0,7,1.83652434890913,59.669,61.569,NA,NA,79.4488183319229,60.8886058137819,100,100,22.5988588749061,0,100,0.543557796375004,60.214166,60.5315983333333,60.5332445946732,59.4415854053268,FALSE,FALSE,66.2222711030954,57.3527288969046,9.85432728830969,10,0.185096274119608,2.11273743708071,FALSE,FALSE,55.4764387076355,39.9792695593973,0.427583834503992,-12.4395604395604,-7.7635437567526,-10.2433163112046,-5.03734307961227,0.572197913160546,1.37404580152671,0.167616493462959,1.37404580152671,0.572197913160544,-5.03734307961227,-10.2433163112046,15.4649000610493,FALSE,60.03966,59.987415,"medium",FALSE,-2.20078140764147,FALSE,"2026-10-06 05:54:00",66.2222711030954,57.3527288969046,59,60.97,"","","","Strong fundamentals, below 50/200-day averages","",50,"C","NONE",16,"D","EARLY_REVERSAL",45,"AVOID"
"AEG","Financial Services","Insurance - Diversified","Netherlands","Large","Moderate","No",8.56,8.55,8.57,8.56,8.47,8.5199,8.45,8.58,8.572,8.536,8.49,0.82,0.97,"Very Weak","Mixed trend","Mixed trend","Hold","Neutral",8.48,8.6,"","Excellent reward to risk ratio zone"," + ","Strong"," + ",NA,"Higher","Neutral","7.36-9.62","6.97-8.45","False",2.25,0.69,"high","expanding",FALSE,-0.349243306169958,0.824499411071853,0.646678424456199,0.58872607198675,0.765155974102428,8.46680124249733,8.41194246710784,TRUE,"RSER",5,8.31,5,2,2.0830556972131,8.564,8.807,NA,NA,36.4935220788446,60.9944908161137,85.8585858585861,66.6666666666672,-2.69360269360266,-33.3333333333328,0,0.014142135623749,8.511502,8.50429166666667,8.60833367233548,8.43267632766452,FALSE,FALSE,9.33332656150923,8.43867343849077,0,10,0.0133232740828855,0.131378057304675,FALSE,TRUE,24.2793875912805,31.357745837333,2.75955515845969,-1.31349529233988,-3.40197974741153,-7.11159737417943,-6.6006600660066,-3.52272727272728,-1.62224797219004,0.4733727810651,-1.62224797219004,-3.52272727272728,-6.60066006600659,-7.11159737417943,10.6018218330116,FALSE,8.58,8.520505,"medium",TRUE,3.26316467513308,FALSE,"2026-10-06 06:43:00",9.33332656150923,8.43867343849077,8.45,8.52,"","","","","Undervalued",47,"C","NONE",15,"D","NONE",90,"PASS"
"AEM","Basic Materials","Gold","Canada","Large","Good","No",180,183.33,184.6,183.96,183.87,184.62,179.75,181.6,182.289,183.187,183.33,-1.82,-0.57,"-","Downtrend","Mixed trend","Hold","Neutral",180,183.92,"","Excellent reward to risk ratio zone"," + Breakdown Signal: below lower bollinger band limit + ","Strong"," + Breakdown Signal: below lower bollinger band limit + ",NA,"Higher","Neutral","122.83-243.83","146.32-183.27","False",5.17,11.69,"high","expanding",FALSE,-2.04081632653061,-1.81639666175749,-2.16593744055223,-2.30399739477327,-1.97680117627838,179.629069059469,179.072799509671,FALSE,"",4,171.22,10,-1,1.73652943635825,184.329,191.124,NA,NA,3.56998773327877,12.9323350491973,29.9435028248587,0,-12.9943502824863,-6.77966101694776,0,1.55159595255981,183.690316,183.895024166667,184.850435700859,181.695244299141,FALSE,TRUE,208.952735475933,178.862264524067,0,10,0.37093094053133,6.52291056247777,FALSE,FALSE,39.0157851834504,41.6835861255192,-0.293565716629367,25.0631011665189,-14.9872478553211,-10.4527914814634,-7.16528256025926,-0.445289166440398,0.0327385824193825,-0.195982361587449,0.0327385824193893,-0.445289166440399,-7.16528256025926,-10.4527914814634,16.8232639969833,FALSE,182.76,183.27284,"low",TRUE,2.3757124545797,FALSE,"2026-10-06 06:09:00",208.952735475933,178.862264524067,179.75,184.62,"","","","Strong fundamentals, below 50/200-day averages","",9,"D","NONE",12,"D","NONE",83,"PASS"
"AFRM","Technology","Software - Infrastructure","United States","Large","Good","No",75,74.87,75.3,75.09,70.48,74.93,70.25,75.02,74.935,74.793,74.75,0.33,0.25,"-","Uptrend","Uptrend","Hold","Neutral",74.51,75.0998,"","Low reward High risk zone"," + ","Very Strong"," + ",NA,"Higher","Neutral","49.32-100.18","47.06-68.07","False",5.77,5.53,"medium","expanding",FALSE,0.0732536216510532,0.616848358335504,0.31431819701732,0.240577385725751,0.495779177274561,74.3949126873204,73.8355741996417,FALSE,"",6,61.97,2,8,0.720062415488846,71.659,71.359,NA,NA,60.7494250880272,58.9178492469639,78.8169471272603,82.1658327376695,0.353707547949713,-17.8341672623305,70.6297822248373,0.149028883108533,74.674478,74.7397216666667,75.042851143637,74.506358856363,FALSE,FALSE,74.5034505392608,66.8855494607391,0,10,0.115844161199423,3.44443384247719,FALSE,TRUE,87.650832947355,56.3216158181637,8.11557818281052,-10.3931910812755,-2.95988575879528,3.31720801658605,5.20760028149191,11.2185686653772,7.97342192691029,5.62385191465311,7.97342192691028,11.2185686653772,5.20760028149192,3.31720801658604,11.389457274315,TRUE,74.89596,74.774605,"low",FALSE,-0.687248556968333,FALSE,"2026-10-06 07:00:00",74.5034505392608,66.8855494607391,70.25,74.93,"","","","","",79,"A","TREND_CONFIRMED",63,"B","EARLY_REVERSAL",70,"PASS"
"AGBK","NA","NA","NA","Small","Good","No",6.6,6.48,7.1,6.79,6.06,6.89,6,6.63,6.631,6.724,6.74,-2.08,-1.62,"-","Mixed trend","Uptrend","Hold","Neutral",6.6,6.84,"","Low reward High risk zone"," + ","Strong"," + ","Upwards Momentum Signal","Neutral","Neutral","4.26-9.22","4-6.47","True",5.37,1.03,"high","normal",FALSE,-2.07715133531158,-3.22580645161291,-3.08370044052863,-3.50877192982456,-2.22222222222223,6.57421386307735,6.49172396114137,FALSE,"",4,5.15,7,0,5.00434110569474,5.985,6.058,NA,NA,3.64506915521717,22.3590972084708,0,0,-1.01010101010099,0,NA,0.0571839138219783,6.798602,6.80761916666667,6.91426139046964,6.58473860953036,FALSE,FALSE,7.0196469237446,5.2723530762554,0,10,0.0257861369226517,0.306878089364436,FALSE,TRUE,87.4862757061354,62.1009403393287,33.6660998019912,-7.41758241758242,10.4918032786885,-0.148148148148145,8.53462157809984,17.0138888888889,17.0138888888889,23.4432234432234,17.0138888888889,17.0138888888889,8.53462157809983,-0.148148148148142,33.1406835281637,FALSE,6.628,6.7495,"high",FALSE,2.45408323661285,TRUE,"2026-10-06 07:00:00",7.0196469237446,5.2723530762554,6,6.89,"","","","","",7,"D","NONE",61,"B","NONE",80,"PASS"
"AGI","Basic Materials","Gold","Canada","Large","Good","No",32.39,32.38,32.7,32.54,32.56,32.56,31.72,32.45,32.43,32.412,32.31,0.25,0.37,"Very Weak","Mixed trend","Mixed trend","Hold","Neutral",32.0454,32.56,"","Excellent reward to risk ratio zone"," + ","Very Strong"," + ",NA,"Higher","Neutral","21.86-42.76","25.17-36.09","False",5.54,2.78,"high","expanding",FALSE,0.123647604327664,1.07534934811236,-0.231018019405522,-0.200277307040511,0.232090360513702,31.9697860347937,31.6973036585443,FALSE,"",3,30.17,4,-1,1.42558556550956,32.571,34.008,NA,NA,38.7738893135226,48.7362914854345,79.9196787148594,66.9646327244459,6.47752299520671,-25.2623396813063,0,0.0732802838421424,32.42425,32.4180441666667,32.6155889232936,32.1571610767064,FALSE,FALSE,37.7003498868761,31.4066501131239,2.52341924808851,10,0.0764270794882456,1.22908278724483,FALSE,FALSE,36.2756915585066,40.0192192863132,-0.602821224806746,9.78593272171255,-14.5915939730373,-12.5338386572821,-8.23629650667424,-1.25305623471882,-0.246989811670263,-0.462107208872454,-0.246989811670262,-1.25305623471882,-8.23629650667423,-12.5338386572821,20.0393857704748,FALSE,32.418,32.386375,"medium",TRUE,2.08299868055195,FALSE,"2026-10-06 07:09:00",37.7003498868761,31.4066501131239,31.72,32.56,"","","","Strong fundamentals, below 50/200-day averages","Undervalued",31,"D","EARLY_REVERSAL",12,"D","NONE",85,"PASS"
"AGMH","Technology","Computer Hardware","Hong Kong","-",NA,"No",0.65,0.64,0.65,0.64,0.805,1.42,0.662,0.63,0.636,0.628,0.73,-10.96,-12.92,"-","Uptrend","Mixed trend","Hold","Neutral",0.6172,0.65,"","Good reward to risk ratio zone"," + ","Very Strong"," + ","Upwards Momentum Signal","Lower","Neutral","0.11-1.35","0.38-1.06","True",10.08,NA,"medium","normal",TRUE,4,4.83870967741936,3.19098269566598,5.65669700910274,4.26692332370871,0.610042094800942,0.566201342605111,FALSE,"",9,0.46,0,8,5.00601338092242,0.721,0.783,NA,NA,93.9790542619671,66.7361687105872,74.373795761079,100,17.8711551708646,0,100,0.0123880184049031,0.625564,0.624175833333333,0.641998178204475,0.611391821795525,FALSE,FALSE,0.923739862171483,0.637390137828517,10,10,0.00753829938332474,0.154937169512221,FALSE,FALSE,59.1806183871346,40.9799324543205,3.93135588041196,-36.5217391304348,-31.1320754716981,-20.995670995671,-7.57153709799949,-0.922909880564608,2.22657891051674,4.2708184545065,2.22657891051674,-0.922909880564604,-7.57153709799949,-20.995670995671,44.9253459299689,FALSE,0.63124,0.626695,"medium",FALSE,-0.945395408132654,TRUE,"2026-10-06 07:13:00",0.923739862171483,0.637390137828517,0.66,1.42,"","","","","",83,"A","TREND_CONFIRMED",12,"D","NONE",38,"AVOID"
"AGNC","Real Estate","REIT - Mortgage","United States","Large","Moderate","No",8.68,8.67,8.68,8.68,8.79,8.84,8.62,8.68,8.677,8.677,8.65,0.35,0.31,"Weak","Uptrend","Downtrend","Hold","Oversold",8.67,8.69,"","Excellent reward to risk ratio zone"," + Breakout Signal: above upper bollinger band limit + ","Very Strong"," + Breakout Signal: above upper bollinger band limit + ","Upwards Momentum Signal","Neutral","Lower","2.51-9.39","7.57-9.82","False",2,1.96,"medium","normal",FALSE,0.00921743939533496,0,-0.1150747986191,0.239049345790072,0.230946882217085,8.66362825844271,8.62622220536118,TRUE,"MomentumPullback",7,8.73,1,8,0.27576542140087,8.93,9.54,NA,NA,72.6484649154195,52.3290512722387,36.8518518518501,55.5555555555523,7.17283950617221,0.555555555554243,100,0.00544995412825133,8.677628,8.66494416666667,8.6886722304648,8.6647777695352,FALSE,FALSE,10.6408401163495,8.63865988365052,9.36373315232313,0,0.00637909074017106,0.223339018214645,FALSE,FALSE,1.17191554087485,14.8425952416557,-1.4181791882738,-19.5348837209302,-18.6265286923801,-17.697431018078,-12.1202885299197,-7.38758029978586,-4.63065049614112,-1.59271899886233,-4.63065049614112,-7.38758029978587,-12.1202885299197,-17.697431018078,23.176977212499,FALSE,8.67398,8.676725,"high",TRUE,3.36727178134631,FALSE,"2026-10-06 07:08:00",10.6408401163495,8.63865988365052,8.62,8.84,"","","","Strong fundamentals, below 50/200-day averages","Undervalued",31,"D","NONE",2,"D","NONE",70,"AVOID"
"AIFA","NA","NA","NA","Nano",NA,"No",6.35,6.3,6.39,6.34,5.155,6.1999,5.08,6.25,6.386,6.314,5.88,7.99,8.61,"Moderate","Mixed trend","Uptrend","Hold","Overbought",6.0444,6.5315,"","Low reward High risk zone"," + ","Strong"," + ","Breakout Signal: above upper bollinger band limit","Higher","Higher","4.75-10.84","1.54-2.68","True",9.23,-4.52,"high","expanding",FALSE,-1.55038759689923,-2.00617283950618,8.54700854700855,5.83333333333333,5.92160133444536,5.97526041673722,5.70777871545232,TRUE,"RSER",3,2.67,6,2,6.13401354477028,4.794,3.855,NA,NA,30.6460776374778,55.1830742575937,74.7916509175163,70.1561065197427,-0.316375947041061,-0.794416986724002,0,0.0357770876400419,6.086028,6.03402833333333,6.52917683315238,6.15182316684763,FALSE,FALSE,5.17062530339416,2.07787469660584,0,10,0.0726352249551086,0.410184300451579,FALSE,TRUE,97.0785341023997,84.4815236127412,10.5280211122057,200,86.6666666666667,85.4889589905363,79.8165137614679,40.6698564593301,40,31.5436241610738,40,40.6698564593301,79.8165137614679,85.4889589905363,148.842016885824,FALSE,6.396,6.3405,"high",FALSE,27.64334663948,TRUE,"2026-10-06 07:02:00",5.17062530339416,2.07787469660584,5.08,6.2,"","","","","",47,"C","NONE",80,"A","TREND_CONFIRMED",70,"AVOID"
"AIIO","Consumer Cyclical","Auto Manufacturers","United Arab Emirates","Micro",NA,"No",1.21,1.2,1.21,1.21,1.18,1.19,1.105,1.24,1.211,1.236,1.11,9.01,9.14,"Moderate","Mixed trend","Downtrend","Hold","Oversold",1.15,1.31,"","Excellent reward to risk ratio zone"," + ","Strong"," + ","Upwards Momentum Signal","Neutral","Neutral","-2.06-1.6","0.23-3.03","False",15.74,-11.11,"high","normal",TRUE,2.64675941635561,-2.41935483870968,-3.17676242298152,0.833333333333334,6.6079295154185,1.12093183683772,0.993967073115489,FALSE,"",7,1.01,1,5,10.8721336427807,1.23,1.548,NA,NA,48.232376695779,42.9292188076251,45.3095238095238,42.8571428571429,5.63756613756611,6.92857142857145,33.3333333333333,0.012196228925359,1.28254,1.20179583333333,1.30809601993132,1.17982398006868,FALSE,FALSE,1.94408825389415,1.08091174610585,5.72274474033143,0,0.0305847629794388,0.15202657875901,TRUE,FALSE,0.744425119648653,22.2720828625035,-1.59133681272709,-66.7166416791604,-59.927797833935,-39.6739130434783,-31.055900621118,-20.1438848920863,-15.9090909090909,-6.72268907563024,-15.9090909090909,-20.1438848920863,-31.055900621118,-39.6739130434783,79.8563352556791,FALSE,1.20986,1.24396,"medium",FALSE,12.682931646162,FALSE,"2026-10-06 07:05:00",1.94408825389415,1.08091174610585,1.1,1.19,"","","","","",17,"D","NONE",2,"D","NONE",95,"PASS"
"ALEC","Healthcare","Biotechnology","United States","-",NA,"No",2.04,2.03,2.06,2.04,2.725,2.73,1.96,2.03,2.04,2.057,1.99,2.51,2.53,"-","Mixed trend","Mixed trend","Hold","Neutral",2.0303,2.09,"","Excellent reward to risk ratio zone"," + Positive News + ","Very Strong"," + Positive News + ",NA,"Neutral","Neutral","0.68-3.3","0.79-1.81","True",7.93,NA,"medium","normal",FALSE,-0.0196039992158379,-1.92307692307692,-1.46831530139102,-0.970873786407768,2.34798314268513,2.02075262400994,1.97722776976745,FALSE,"",5,1.56,4,2,4.02323064162305,1.903,1.989,NA,NA,48.425635379417,34.8936412822835,10.8319374651034,16.247906197655,3.4106458217011,0,54.1899441340784,0.00436084854126615,2.071034,2.05170416666667,2.10470609141174,2.02330390858826,FALSE,FALSE,2.3380753145467,1.6699246854533,10,10,0.00959298971567306,0.208385206574143,FALSE,TRUE,75.7708765334332,49.0700057791902,10.0449703997084,23.6024844720497,-15.6779661016949,-19.1056910569106,3.10880829015544,3.64583333333334,7.56756756756756,9.94475138121547,7.56756756756756,3.64583333333333,3.10880829015545,-19.1056910569106,40.0108241355826,FALSE,2.03808,2.064005,"medium",FALSE,-15.2342938123914,TRUE,"2026-10-06 07:08:00",2.3380753145467,1.6699246854533,1.96,2.73,"","News Alert","","","",9,"D","NONE",44,"C","NONE",68,"PASS"
"AMAT","Technology","Semiconductor Equipment & Materials","United States","Large","Good","Yes",543.8,543.32,544.49,543.9,540.99,545.814,533.59,543.34,543.96,543.487,542.28,0.28,0.31,"Moderate","Mixed trend","Uptrend","Hold","Neutral",541.5,544.49,"","Low reward High risk zone"," + ","Very Strong"," + ",NA,"Neutral","Neutral","334.54-750.02","341.02-438.92","False",6.02,11.59,"medium","normal",FALSE,-0.121221026338038,0.0478345659933015,0.0294312412625944,0.0680860460408893,0.612630641004954,540.965769881018,538.702959628091,TRUE,"Breakout",5,401.63,7,-1,0.64444098182814,526.163,490.261,NA,NA,41.9824999948077,53.2177349281148,78.7793712218917,63.8743455497348,-3.3832099938256,-36.1256544502652,0,0.267263914507852,543.27158,542.484484166667,544.840847563156,541.352152436844,FALSE,FALSE,551.224174541312,395.472825458688,0,6.83942755905674,0.536499240447309,19.0046813455652,FALSE,FALSE,98.6729046477633,69.6592909816591,0.461522130679342,-9.8993121323896,10.1478713032174,19.2584284489015,16.8102705497157,11.4060317199441,6.04247330752082,0.414784090067404,6.04247330752081,11.4060317199441,16.8102705497157,19.2584284489015,39.383578100967,FALSE,544.036,543.0965,"high",FALSE,8.06416557230408,FALSE,"2026-10-06 07:00:00",551.224174541312,395.472825458688,533.59,545.81,"","","","","",40,"C","NONE",55,"B","NONE",85,"PASS"
"AMD","Technology","Semiconductors","United States","Large","Moderate","Yes",642,641.75,642,641.88,630.605,633.5,619.99,638.23,641.647,641.326,631.75,1.62,1.57,"Good","Uptrend","Mixed trend","Hold","Neutral",640.1,642,"","Low reward High risk zone"," + Breakout Signal: above upper bollinger band limit + ","Very Strong"," + Breakout Signal: above upper bollinger band limit + ",NA,"Neutral","Neutral","415.27-848.23","244.4-462.48","False",5.73,3.92,"medium","normal",FALSE,0.1575687608231,0.0779423226812159,0.056106227791287,0.414483459763819,1.49040718046212,639.651472133949,637.426957304687,TRUE,"MomentumPullback",10,479.58,0,8,0.29530757429535,623.624,581.618,NA,NA,80.9629077650105,59.8378622096594,84.9230769230773,100,17.3506552706555,19.2307692307699,100,0.462094484910909,641.057072,637.6048675,642.198037774404,640.307162225596,FALSE,FALSE,683.188774806659,465.207725193341,10,7.13615407590931,0.449859225128076,23.4727514592926,TRUE,FALSE,75.9551992234952,69.2387985208037,-0.833824893169975,13.2391690118124,33.4918119387216,32.2842724626756,2.63679490512088,3.92847154819287,3.26762128939454,-0.340742376678072,3.26762128939453,3.92847154819287,2.63679490512088,32.2842724626756,46.856713207573,FALSE,641.48024,641.2526,"high",FALSE,-7.07610116296033,FALSE,"2026-10-06 07:09:00",683.188774806659,465.207725193341,619.99,633.5,"","","","","",79,"A","TREND_CONFIRMED",83,"A","TREND_CONFIRMED",40,"AVOID"
"AMZN","Consumer Cyclical","Internet Retail","United States","Large","Good","Yes",252.92,252.92,252.95,252.94,250.19,254.5262,250.18,252.76,252.959,252.907,251.4,0.6,0.62,"Moderate","Mixed trend","Mixed trend","Hold","Neutral",252.67,253.24,"","Moderate reward to risk ratio zone"," + Breakout Signal: above upper bollinger band limit + ","Very Strong"," + Breakout Signal: above upper bollinger band limit + ",NA,"Neutral","Neutral","230.84-277.92","200.94-238.91","False",2.97,12.43,"medium","normal",FALSE,-0.0177890221967529,-0.0118600513935565,0.0870597546497819,0.0474683544303703,0.361375552410166,252.569579311135,252.109908586874,FALSE,"",4,235.99,8,3,0.17803771462938,250.15,251.724,NA,NA,39.3177991710673,52.0981132159048,33.3192354955491,19.9999999999957,-15.0475452397939,-24.5343193898811,0.373599003713026,0.0687591303012403,252.780802,252.570799166667,253.123727394127,252.673872605873,FALSE,FALSE,258.520569321437,244.052430678563,0,8.74097169510923,0.100520048394089,5.54265561484426,FALSE,FALSE,70.5028616998064,48.4150533027448,-0.148609073452405,2.4700415749572,-2.79549936202296,-2.75037716142508,-2.72780034822983,2.13284582571603,0.90307043949428,-0.0477099236641239,0.903070439494291,2.13284582571602,-2.72780034822983,-2.75037716142509,5.92829114737664,FALSE,252.97194,252.8988,"low",FALSE,-0.95163089637416,FALSE,"2026-10-06 07:04:00",258.520569321437,244.052430678563,250.18,254.53,"","","","","",36,"D","NONE",25,"D","NONE",80,"PASS"
"ANET","Technology","Computer Hardware","United States","Large","Good","Yes",208.5,207.92,208.25,208.08,207.76,208.91,204.5,207.91,207.963,207.553,206.9,0.77,0.51,"Very Weak","Uptrend","Mixed trend","Hold","Neutral",207,208.5,"","Low reward High risk zone"," + Breakout Signal: above upper bollinger band limit + ","Strong"," + Breakout Signal: above upper bollinger band limit + ",NA,"Lower","Neutral","147.82-265.98","117.99-180.1","False",4.77,3.17,"high","expanding",TRUE,0.58372328621738,0.59828235067066,0.559467541236614,0.336862367661207,0.0671913995008573,206.783093140483,205.731574429112,FALSE,"",10,179.37,0,8,0.653278255171697,205.748,201.448,NA,NA,86.0589490541792,71.3345314952478,84.1085271317822,100,5.37467700258406,34.8837209302333,100,0.373001340480668,207.466878,207.733626666667,208.125823078673,206.775006921327,TRUE,FALSE,212.71896416843,188.28303583157,10,5.9330193310056,0.218478648353917,6.68509182102297,TRUE,FALSE,71.1384387417268,59.5233092986215,-0.653702057728403,10.6653829696192,9.67399946991784,6.7705645577459,0.720475124135926,0.966230724185057,1.62581659217054,-0.217024354955384,1.62581659217054,0.966230724185047,0.720475124135933,6.7705645577459,12.9782952717626,FALSE,207.894,207.450415,"low",FALSE,-1.13630497365256,FALSE,"2026-10-06 06:41:00",212.71896416843,188.28303583157,204.5,208.91,"","","","","",66,"B","TREND_CONFIRMED",83,"A","TREND_CONFIRMED",25,"AVOID"
"APOG","Industrials","Building Products & Equipment","United States","Small","Good","No",43.0525,41.16,43.73,42.44,36.12,36.35,35.3,41.61,42.853,41.833,35.66,20.73,20.17,"-","Mixed trend","Mixed trend","Hold","Neutral",38.75,44,"","Excellent reward to risk ratio zone"," + Positive News + ","Moderate"," + Positive News + ",NA,"Neutral","Neutral","27.11-44.21","28.48-35.39","True",3.69,3.19,"high","expanding",FALSE,-0.525646950092419,-1.69495008539827,17.3412373943854,20.9000280819994,19.6900194606617,37.9133993239444,34.6257550359709,TRUE,"MomentumPullback",7,33.66,2,5,15.1832974977348,35.789,36.977,NA,NA,60.0334902562815,60.1842724169604,45.5231707653667,60.7725428500456,-11.3500263028615,2.17355303469413,100,0.44247740055302,38.645524,37.0569975,45.2804682754693,39.3116617245307,FALSE,FALSE,38.8247762463559,35.0247237536441,5.06391244304338,10,0.929490338216407,1.08706726385107,FALSE,FALSE,37.5812632417903,36.3390179806912,0.406697770586526,-7.49675745784695,-14.2788461538462,-10.7830873154866,-3.54341357857723,-2.05987366108212,0.819903873338985,0.126351256493036,0.81990387333899,-2.05987366108212,-3.54341357857723,-10.7830873154866,10.8496287349488,FALSE,42.7665,42.296065,"low",TRUE,-0.75574918600234,TRUE,"2026-10-06 07:05:00",38.8247762463559,35.0247237536441,35.3,36.35,"","News Alert","Earnings Alert","","",47,"C","NONE",9,"D","NONE",55,"AVOID"
"APUS","Healthcare","Drug Manufacturers - Specialty & Generic","United States","Nano",NA,"No",4.98,4.85,4.98,4.92,4.99,5.83,4.21,4.71,4.793,4.685,4.59,8.5,4.42,"Moderate","Uptrend","Mixed trend","Hold","Neutral",4.56,4.98,"","Moderate reward to risk ratio zone"," + Upwards Momentum Signal + ","Very Strong"," + Upwards Momentum Signal + ",NA,"Neutral","Neutral","-2.1-11.49","1.09-8.9","True",17.46,-36.03,"medium","normal",TRUE,7.7922077922078,9.21052631578949,9.93377483443709,3.74783858669613,5.81336053034166,4.4993354444332,4.18296123367821,TRUE,"RSER",11,1.21,2,10,9.35958017516519,4.342,3.838,NA,NA,95.4539927093036,69.2938765215945,84.5555555555556,100,20.3148148148147,1.4210854715202e-14,100,0.155246539413943,4.64071,4.77572083333333,4.87799761638386,4.46051238361614,FALSE,FALSE,6.70111460942531,-0.307614609425314,10,10,0.0662520804216352,1.27027186492867,FALSE,TRUE,55.9304412614959,54.248312504611,7.80193809012911,-36.25,-5.16528925619835,89.6694214876033,174.850299401198,-28.169014084507,-8.2,42.5465838509317,-8.20000000000001,-28.169014084507,174.850299401198,89.6694214876033,-2278.41233936982,FALSE,4.74176,4.669255,"high",TRUE,-11.3060682217329,TRUE,"2026-10-06 07:01:00",6.70111460942531,-0.307614609425314,4.21,5.83,"","","","","",79,"A","TREND_CONFIRMED",53,"C","RSI_DIVERGENCE",33,"AVOID"
"AUGO","Basic Materials","Gold","United States","Mid","Good","No",84.89,84.5,88.21,86.35,84.01,86.47,81.5301,84.89,84.927,85.092,85.17,-0.33,-0.28,"Very Weak","Mixed trend","Uptrend","Hold","Neutral",84.81,85.67,"","Moderate reward to risk ratio zone"," + ","Strong"," + ","Upwards Momentum Signal","Neutral","Neutral","51.88-118.46","49.8-73.07","False",8.07,3.68,"medium","expanding",FALSE,-0.229182582123751,-0.240907221340852,-0.293634014564247,-0.707643721855084,0.497217947200191,84.69122179072,84.1696936995152,FALSE,"",7,70.61,5,1,1.19080135595383,82.196,83.129,NA,NA,33.497711600528,37.7465217300464,10.0662846871136,11.5942028985505,-5.10710407070357,2.29187731715536,NA,0.134461890512257,85.201772,85.1820991666667,85.6844673275564,84.6761426724436,FALSE,FALSE,92.4881940422366,76.9458059577634,10,10,0.118890250981995,4.34791741840295,FALSE,FALSE,80.6749505781051,54.4970176084299,5.21439351825729,41.3609958506224,-2.39514095805639,0.306206571664121,-4.46438586651711,9.58569222851261,8.24860193187595,3.92922513727883,8.24860193187595,9.58569222851262,-4.46438586651711,0.306206571664114,20.1991361205633,FALSE,84.934,85.180305,"low",FALSE,1.35815926597131,FALSE,"2026-10-06 04:02:00",92.4881940422366,76.9458059577634,81.53,86.47,"","","","","",9,"D","NONE",57,"B","NONE",75,"PASS"
"AVGO","Technology","Semiconductors","United States","Large","Good","Yes",364.9606,364.8,364.98,364.89,357.79,363.865,356.14,364.3,364.822,364.698,362.51,0.68,0.64,"Moderate","Uptrend","Uptrend","Hold","Neutral",364.45,364.99,"","Low reward High risk zone"," + Breakout Signal: above upper bollinger band limit + ","Very Strong"," + Breakout Signal: above upper bollinger band limit + ",NA,"Neutral","Neutral","266.61-458.41","275.82-327","False",4.44,7.83,"low","expanding",FALSE,0.131859086918344,0.0440241228070143,0.0989029072956601,0.189584648749559,0.12636488340192,364.276272156694,363.341110776429,TRUE,"MomentumPullback",8,321.85,0,8,0.143259633378287,355.158,356.305,NA,NA,79.4412081457835,59.741612380476,90.4332472006869,94.555555555554,21.3588860177993,-5.44444444444602,91.0909090909057,0.157274511609948,364.508196,364.290738333333,364.957154169605,364.435065830395,FALSE,FALSE,371.305554970512,336.782445029488,10,10,0.17397123865974,10.7127000580027,FALSE,FALSE,74.6919918727288,52.2488789742072,4.39990260468766,-9.19997996192767,-1.43292185545706,1.4751987459411,-0.041361054431157,3.70169064851103,3.22332640451038,2.07523793433576,3.22332640451037,3.70169064851102,-0.0413610544311549,1.47519874594111,10.2508638590115,FALSE,364.77612,364.69611,"low",FALSE,0.115974261511282,FALSE,"2026-10-06 07:07:00",371.305554970512,336.782445029488,356.14,363.86,"","","","Strong fundamentals, below 50/200-day averages","",79,"A","TREND_CONFIRMED",50,"C","EARLY_REVERSAL",70,"AVOID"
"AXG","NA","NA","NA","Nano",NA,"No",0.1184,0.12,0.12,0.12,0.115,0.1218,0.105,0.12,0.118,0.12,0.105,12.76,12.44,"Weak","Mixed trend","Mixed trend","Hold","Oversold",0.1156,0.123,"","Excellent reward to risk ratio zone"," + ","Very Strong"," + ","Breakdown Signal: below lower bollinger band limit","Higher","Neutral","-3.57-0.8","0.13-2.8","False",8.01,-0.11,"high","quiet",TRUE,0.254022015241328,-1.98675496688742,-1.25104253544621,-0.168634064080937,-4.28455941794664,0.113812467697174,0.101654661118767,TRUE,"MomentumPullback",8,0.42,1,5,5.98475428622998,0.207,1.059,NA,NA,57.1194480789779,45.3433197492083,17.8082191780823,38.3561643835618,1.89143868139301,23.2876712328768,90.3225806451615,0.000988433103452632,0.11977,0.119504166666667,0.123646026089546,0.116663973910454,FALSE,FALSE,3.08520132511433,-0.498701325114334,10,0,0.00183082893299798,0.174261857137114,TRUE,FALSE,1.55661203354121,8.75016222067423,-0.0557910149081806,-96.7889908256881,-95.8,-95.3125,-94.1340782122905,-28.5228046289993,-16.0671462829736,-8.69565217391305,-16.0671462829736,-28.5228046289993,-94.1340782122905,-95.3125,-718.647107947229,FALSE,0.11792,0.120155,"high",TRUE,81.4374873614598,FALSE,"2026-10-06 07:05:00",3.08520132511433,-0.498701325114334,0.1,0.12,"","","","","",24,"D","EARLY_REVERSAL",2,"D","NONE",70,"AVOID"
"BAC","Financial Services","Banks - Diversified","United States","Large","Good","Yes",54.23,54.22,54.24,54.23,54.04,54.3395,53.69,54.26,54.232,54.241,54,0.43,0.43,"Weak","Mixed trend","Mixed trend","Hold","Oversold",54.205,54.38,"","Excellent reward to risk ratio zone"," + Breakout Signal + ","Very Strong"," + Breakout Signal + ",NA,"Higher","Lower","25.65-63.55","47.67-56.2","False",2.55,4.33,"medium","quiet",FALSE,0.0461212065307602,-0.147302522555709,0.166235685260429,0.333024976873265,0.120003692421301,54.1750673996918,54.0083341686327,TRUE,"MomentumPullback",7,52.71,4,5,0.35143352012695,54.317,56.943,NA,NA,46.7209928473338,49.5507270641785,18.4479717813046,18.5185185185168,2.33980011757769,7.40740740740565,33.3333333333254,0.0151657508888581,54.19018,54.1498908333333,54.3656950905414,54.1753049094586,FALSE,FALSE,63.7560693620108,51.4779306379892,2.92345990445715,10,0.029946405584644,1.11137164010338,FALSE,FALSE,29.1107931972005,24.7397791284924,2.44921963831557,-9.04497220818595,-12.0234604105572,-13.8481174218251,-6.83229813664596,-2.65008112493239,-0.79000551166636,0.465116279069767,-0.790005511666358,-2.65008112493239,-6.83229813664596,-13.8481174218251,23.8512670805781,FALSE,54.234,54.2705,"high",FALSE,0.710719994435134,FALSE,"2026-10-06 07:09:00",63.7560693620108,51.4779306379892,53.69,54.34,"","","","Strong fundamentals, below 50/200-day averages","Undervalued",30,"D","NONE",10,"D","NONE",90,"PASS"
"BBD","Financial Services","Banks - Regional","Brazil","Large","Moderate","No",4.3275,4.32,4.38,4.35,4.21,4.4,4.19,4.33,4.33,4.328,4.33,-0.06,0,"Very Weak","Mixed trend","Uptrend","Hold","Overbought",4.3,4.35,"","Low reward High risk zone"," + Breakout Signal + ","Strong"," + Breakout Signal + ","Upwards Momentum Signal","Neutral","Neutral","3.13-5.53","2.56-3.35","True",3.52,0.31,"medium","normal",FALSE,-0.0577367205542815,-0.0115526802218256,-0.0577367205542815,0.173611111111097,-1.08571428571429,4.28648609943835,4.2183314759664,FALSE,"",7,3.17,5,1,1.17001472895162,3.791,3.541,NA,NA,45.6623201293189,49.9096265583965,66.3333333333335,54.9999999999999,-8.44444444444444,10.9999999999993,19.6428571428561,0.0111153047642268,4.329174,4.34110833333333,4.34980237772577,4.29949762227423,FALSE,FALSE,3.94066692284811,3.12253307715189,1.59395128507087,10,0.0136003266698911,0.162056482117426,FALSE,FALSE,97.3725659690121,79.3881081184519,17.0346081534285,18.858083996706,39.407598197038,24.8558246828143,23.0812961910176,29.3309438470729,23.0812961910176,18.6951754385965,23.0812961910176,29.3309438470729,23.0812961910176,24.8558246828143,26.2009665064127,TRUE,4.3339,4.32465,"high",FALSE,14.8971713886204,TRUE,"2026-10-06 07:11:00",3.94066692284811,3.12253307715189,4.19,4.4,"","","","","Undervalued",21,"D","NONE",80,"A","TREND_CONFIRMED",70,"AVOID"
"BEAT","Healthcare","Health Information Services","United States","Nano",NA,"No",0.6401,0.64,0.64,0.64,0.75,0.9499,0.6,0.63,0.633,0.626,0.654,-2.13,-3.25,"Moderate","Uptrend","Uptrend","","Neutral",0.612,0.6465,"","Moderate reward to risk ratio zone"," + Breakout Signal: above upper bollinger band limit + ","Very Strong"," + Breakout Signal: above upper bollinger band limit + ","Upwards Momentum Signal","Neutral","Neutral","0.23-1.08","0.1-0.85","True",8.27,-0.5,"medium","normal",TRUE,2.48158821645853,2.53083453467885,2.87688846030216,1.81326546842691,4.11515940143136,0.606013697977581,0.571671565750204,TRUE,"Breakout",13,0.29,2,9,4.9334646332055,0.488,0.436,NA,NA,89.4752589217348,64.6386129328711,75.8982508652254,78.2312925170069,-1.30552131652984,18.8841115081047,64.835164835165,0.00584148953606123,0.623998,0.620381666666667,0.638699277415687,0.608670722584313,TRUE,FALSE,0.539727998687609,0.295462001312391,10,10,0.00626116327540923,0.0675916803790892,TRUE,FALSE,97.8110151806223,75.7652894182032,23.6700593093982,8.13223140495868,32.6170687208595,53.2802249297095,51.7865429234339,75.3887399463807,78.4506273867976,50.5292222733548,78.4506273867976,75.3887399463807,51.7865429234339,53.2802249297095,82.6725590059742,TRUE,0.63114,0.623685,"high",FALSE,32.2940754427195,TRUE,"2026-10-06 07:01:00",0.539727998687609,0.295462001312391,0.6,0.95,"","","","","",79,"A","TREND_CONFIRMED",80,"A","TREND_CONFIRMED",65,"AVOID"
"BITO","NA","NA","NA","ETF",NA,"No",11.52,11.52,11.53,11.52,11.51,11.61,11.36,11.49,11.522,11.516,11.44,0.7,0.72,"-","Mixed trend","Uptrend","Hold","Neutral",11.4997,11.53,"","Low reward High risk zone"," + ","Very Strong"," + ",NA,"Neutral","Neutral","8.19-14.8","8.57-9.75","False",3.94,NA,"medium","quiet",FALSE,0,0,0.0877505451828387,0.26109660574412,0.479720889664193,11.4929756372877,11.4483127066008,TRUE,"Breakout",5,9.83,4,4,0.393480952476169,11.315,10.964,NA,NA,30.0427207152234,55.3156932546965,62.0158730158724,52.3809523809512,-8.95767195767218,-14.2857142857155,0,0.00545912080834011,11.49321,11.4778591666667,11.5395790408176,11.4943509591824,FALSE,FALSE,11.9125114922715,9.93748850772855,0,10,0.00673623298398129,0.324512547680018,FALSE,TRUE,78.9810023259788,65.5686130223329,2.59459129233849,32.4994208941394,10.2119460500963,6.71641791044775,-1.37931034482759,2.60089686098654,2.32558139534884,1.41843971631206,2.32558139534884,2.60089686098655,-1.37931034482759,6.71641791044775,19.8744681114036,FALSE,11.52402,11.516965,"medium",FALSE,0.650173330655921,FALSE,"2026-10-06 07:12:00",11.9125114922715,9.93748850772855,11.36,11.61,"","","","","",43,"C","NONE",85,"A","PULLBACK_ENTRY",80,"PASS"
"BKNG","Consumer Cyclical","Travel Services","United States","ETF",NA,"Yes",158.92,158.33,158.89,158.61,158.67,158.8,154.06,158.84,158.624,158.712,158.33,0.37,0.19,"-","Uptrend","Mixed trend","Hold","Neutral",158.29,159.06,"","Excellent reward to risk ratio zone"," + Breakout Signal + ","Very Strong"," + Breakout Signal + ",NA,"Neutral","Neutral","107.49-209.17","120.58-178.44","False",3.69,NA,"high","expanding",FALSE,0.170185943901659,0.201765447667083,-0.0566002138230321,0.467821469212278,0.50594485201112,158.114867127464,157.291058244555,TRUE,"MomentumPullback",8,150.44,0,8,0.537973718606331,160.106,168.761,NA,NA,75.403990334226,54.7823795655927,27.2727272727267,81.8181818181801,-4.45551404455488,81.8181818181801,100,0.255792884968326,158.68595,158.3798125,159.168551518478,158.316848481522,FALSE,FALSE,180.333940151302,153.061059848698,10,0,0.175829907785388,5.9277006134919,TRUE,FALSE,19.4402502122631,29.9100827034122,-0.55235224426319,-11.0305686671162,-24.283869733633,-17.8871486360336,-6.04676002848326,-3.38072862635015,-2.81136824013258,-0.433907684567977,-2.81136824013258,-3.38072862635015,-6.04676002848327,-17.8871486360336,17.8183009640485,FALSE,158.554,158.7427,"medium",FALSE,-11.0026560919075,FALSE,"2026-10-06 07:09:00",180.333940151302,153.061059848698,154.06,158.8,"","","","","",42,"C","NONE",2,"D","NONE",45,"AVOID"
"BND","NA","NA","NA","ETF",NA,"No",69.9999,69.97,70,69.98,69.88,69.9486,69.72,69.96,69.955,69.9,69.88,0.17,0.11,"-","Mixed trend","Mixed trend","Hold","Neutral",69.71,70,"","Excellent reward to risk ratio zone"," + Breakout Signal: above upper bollinger band limit + ","Very Strong"," + Breakout Signal: above upper bollinger band limit + ",NA,"Lower","Neutral","67.77-71.99","67.94-71.48","False",0.4,NA,"high","expanding",FALSE,0.142918454935609,0.0999570999570854,0.164412964155386,0.178747763864038,0.365474227543182,69.6653627787253,69.5005821276922,TRUE,"MomentumPullback",7,69.6,0,-1,0.501036967594659,70.001,70.574,NA,NA,80.927077110157,59.581551312507,98.7278996865195,99.9655172413782,9.29818878439539,-0.0344827586218344,99.6062992125854,0.0667733629526181,69.889286,69.8536291666667,70.0635320518984,69.7142379481015,FALSE,FALSE,71.7947352382719,69.5282647617281,10,1.32491294786612,0.0448228521805186,0.322405216201035,FALSE,TRUE,27.023654392428,30.3023002995357,-0.77575653966295,-2.95792251076241,-2.56553262688233,-2.53835425383544,-1.78496134926214,-0.214193916892768,-0.0286123032904295,-0.0857878181298288,-0.0286123032904317,-0.214193916892769,-1.78496134926214,-2.53835425383544,3.25978288730628,FALSE,69.94198,69.888885,"high",TRUE,-0.0473556797549013,FALSE,"2026-10-06 07:09:00",71.7947352382719,69.5282647617281,69.72,69.95,"","","","","",79,"A","TREND_CONFIRMED",9,"D","NONE",55,"AVOID"
"CBRG","NA","NA","NA","ETF",NA,"No",2.79,2.79,2.8,2.8,2.6,2.87,2.58,2.8,2.791,2.803,2.76,1.09,1.12,"-","Mixed trend","Mixed trend","Hold","Neutral",2.78,2.83,"","Excellent reward to risk ratio zone"," + ","Very Strong"," + ","Upwards Momentum Signal","Neutral","Neutral","-3.41-8.93","1.89-2.44","True",19.36,NA,"high","normal",FALSE,-0.00716794495018199,-1.23893805309735,-0.711743772241994,0,-0.35714285714285,2.77397572619568,2.75138823856043,FALSE,"",5,1.92,3,2,2.27320404944058,2.753,3.193,NA,NA,43.8501148021152,39.4456691839496,20.0000000000004,20.0000000000004,6.41541038525971,0,NA,0.00461974025243256,2.808192,2.80187,2.84054306347526,2.77740693652474,FALSE,FALSE,4.09800640828815,2.36299359171185,10,10,0.00604594385397424,0.496370036509296,FALSE,TRUE,50.5922187361042,42.1524397527401,6.84997294025486,-47.8260869565217,-21.5909090909091,-29.0488431876607,-26.790450928382,-16.9924812030075,2.22222222222221,17.4468085106383,2.22222222222221,-16.9924812030075,-26.790450928382,-29.0488431876607,73.4243555573666,FALSE,2.78822,2.808975,"low",TRUE,14.2997893279952,TRUE,"2026-10-06 07:08:00",4.09800640828815,2.36299359171185,2.58,2.87,"","","","","",9,"D","NONE",16,"D","NONE",75,"PASS"
"CEG","Utilities","Utilities - Renewable","United States","Large","Good","Yes",286.5,285.5,286.5,286,259.51,271.19,257.7,278.62,285.647,285.116,267.62,7.05,6.74,"Moderate","Mixed trend","Uptrend","Hold","Neutral",283.58,288.98,"","Good reward to risk ratio zone"," + Breakout Signal + ","Very Strong"," + Breakout Signal + ",NA,"Higher","Neutral","200.4-334.84","188.05-293.59","False",4.74,10.23,"high","expanding",FALSE,0.069856793573171,0.350262697022767,1.68950095833037,3.80434782608696,6.69993668764665,282.448756425394,275.98287040335,TRUE,"MomentumPullback",8,236.48,0,7,1.12142951782918,261.805,265.494,NA,NA,78.3373645644705,61.2860900329592,30.2515989885468,54.074074074074,1.88238509310291,33.9937527889335,93.589743589744,0.726408341057476,281.663114,277.914340833333,287.284316398477,284.098353601523,FALSE,FALSE,292.959223206131,241.298276793869,10,10,1.14289189690568,10.8104985661051,TRUE,TRUE,73.9056837546086,50.5213359476997,8.4160422234484,6.6257619825491,-1.92758721782468,-10.4830077602355,2.10217084430201,2.76081864608532,5.35390914101252,3.9341333644025,5.35390914101253,2.76081864608533,2.102170844302,-10.4830077602355,21.4095795041231,FALSE,285.21534,285.691335,"medium",FALSE,-3.22971106385313,FALSE,"2026-10-06 07:06:00",292.959223206131,241.298276793869,257.7,271.19,"","","","Strong fundamentals, below 50/200-day averages","",79,"A","TREND_CONFIRMED",57,"B","NONE",50,"AVOID"
"CIRC","NA","NA","NA","ETF",NA,"No",0.5441,0.54,0.57,0.55,0.5301,0.5495,0.4851,0.57,0.549,0.561,0.538,1.13,1.97,"-","Mixed trend","Uptrend","Hold","Neutral",0.54,0.599,"","Low reward High risk zone"," + ","Strong"," + ","Upwards Momentum Signal","Higher","Neutral","0.13-0.95","0.08-0.6","True",15.05,NA,"high","normal",FALSE,-2.01692778678192,-9.16527545909849,-2.83928571428572,-2.56088825214899,-7.38723404255319,0.527381614322222,0.456827059186248,FALSE,"",6,0.25,6,1,13.5850031935468,0.489,0.486,NA,NA,38.4479663297485,44.2712460259415,2.37288135593219,6.94915254237288,-13.728813559322,6.77966101694916,35.344827586207,0.0172225143344406,0.56325,0.565856666666667,0.59670880880072,0.525341191199281,FALSE,FALSE,0.623912283413744,0.307077716586256,10,10,0.0127141919394052,0.0669030798350955,FALSE,FALSE,94.4958997566758,53.3609908741993,3.18020818535732,-37.406976744186,-12.6419993508601,-17.8920073215375,26.9575471698113,36.2784810126582,14.0707777071413,5.44564152791382,14.0707777071414,36.2784810126582,26.9575471698113,-17.8920073215375,103.177322779946,FALSE,0.5532,0.561025,"medium",FALSE,-18.4970904438156,TRUE,"2026-10-06 07:05:00",0.623912283413744,0.307077716586256,0.49,0.55,"","","","","",7,"D","NONE",40,"C","EARLY_REVERSAL",75,"PASS"
"CLS","Technology","Electronic Components","Canada","Large","Good","No",385.02,382.69,387,384.85,389.08,393.72,375.41,384.62,384.918,384.066,382.69,0.61,0.58,"Very Weak","Mixed trend","Mixed trend","Hold","Neutral",382.27,385.73,"","Low reward High risk zone"," + ","Strong"," + ",NA,"Neutral","Neutral","205.46-559.92","224.54-296.83","False",7.91,9.63,"high","expanding",FALSE,0.00519480519480047,0.608847892550102,0.541853268746162,0.0828955259030934,-0.0181775688800003,381.585603801889,378.3355146393,TRUE,"RSER",6,291.42,1,6,1.1281966451995,375.939,353.094,NA,NA,53.6281701040754,58.7161486780574,90.3417178600949,77.2107205905942,7.47167609464021,-22.7892794094058,2.7397260273947,0.816223008741215,383.516504,384.237070833333,385.881326037778,381.576393962222,FALSE,FALSE,393.576559921393,304.772440078607,0.191971693896159,3.42258381545299,0.68931965416219,19.775653809546,FALSE,FALSE,69.2462397899786,63.3419655424355,-2.13537970711423,6.34708906488814,29.0473781824313,22.519609412518,11.1178861788618,7.33739096289233,5.88219018897158,-1.19539398946607,5.88219018897158,7.33739096289232,11.1178861788618,22.519609412518,29.1378445570343,FALSE,384.698,383.72886,"medium",FALSE,-3.46154455978268,FALSE,"2026-10-06 06:57:00",393.576559921393,304.772440078607,375.41,393.72,"","","","","",79,"A","TREND_CONFIRMED",81,"A","TREND_CONFIRMED",65,"PASS"
"COST","Consumer Defensive","Discount Stores","United States","Large","Good","Yes",921.98,919.75,922.67,921.21,920,925.335,914.7545,922.35,921.879,922.322,923.52,-0.17,-0.18,"Very Weak","Mixed trend","Mixed trend","Hold","Neutral",920.06,924.51,"","Low reward High risk zone"," + Breakout Signal + ","Very Strong"," + Breakout Signal + ",NA,"Neutral","Neutral","809.72-1037.32","795.12-930.86","False",2.13,20.76,"high","expanding",FALSE,0.0527187257391354,-0.110509209100756,0.0624046971744288,0.103145391572484,-0.147291355297075,919.117747566798,914.871146555347,TRUE,"MomentumPullback",7,864.97,3,3,0.441892548894186,918.919,915.926,NA,NA,51.4349786156447,48.5284192172129,23.4641480757756,43.1460674157315,-16.0418070284075,43.1460674157315,98.9690721649494,1.6488389854692,922.228004,921.9752875,924.600673162717,920.532906837284,FALSE,FALSE,930.005838513443,886.190661486556,10,10,0.944218744824575,15.2922625885274,TRUE,FALSE,70.8697871553092,52.7816309711304,1.40232764090403,0.953213817227812,-2.55555321079621,0.849586127066632,2.78692903570474,0.0650110518788219,1.44781070808708,0.311736273285179,1.44781070808708,0.0650110518788161,2.78692903570474,0.849586127066626,4.94421561082452,FALSE,922.348,922.56679,"low",FALSE,-0.330264148813328,FALSE,"2026-10-06 07:00:00",930.005838513443,886.190661486556,914.75,925.34,"","","","","",30,"D","NONE",52,"C","NONE",60,"AVOID"
"CPA","Industrials","Airlines","Panama","Mid","Good","No",135.52,135.6,138.88,137.24,134.58,137.64,134.27,135.51,135.517,135.636,135.51,0.01,0,"Very Weak","Mixed trend","Mixed trend","Hold","Neutral",135.34,135.905,"","Low reward High risk zone"," + Breakout Signal + ","Moderate"," + Breakout Signal + ",NA,"Lower","Neutral","105.31-165.71","102.94-127.03","False",4.14,15.21,"low","normal",FALSE,-0.0258197779499071,-0.176782557454317,-0.426157237325484,-1.02972321624187,-0.790629575402624,135.219306852176,134.674507911276,FALSE,"",7,119.94,3,3,0.440652526812544,133.361,131.9,NA,NA,52.1196568419741,41.3404029211725,30.6784660766952,31.8584070796474,5.75677401696871,1.76991150442821,100,0.0529150262295102,135.933418,136.3679225,135.934435300918,135.338064699082,FALSE,FALSE,136.89411434827,125.39588565173,10,10,0.120853667748389,3.89921063943213,FALSE,TRUE,80.1359199252423,56.5877014794759,5.0104082435344,-8.80888290713325,5.67729860407081,2.41856246693371,-1.16694624753849,3.3875028610666,2.77588168373151,2.28713768115942,2.77588168373151,3.38750286106659,-1.16694624753849,2.4185624669337,9.16954223559931,FALSE,135.475,135.63625,"low",FALSE,0.490748645575879,FALSE,"2026-10-06 04:59:00",136.89411434827,125.39588565173,134.27,137.64,"","","","","Undervalued",9,"D","NONE",59,"B","NONE",70,"AVOID"
"CRM","Technology","Software - Application","United States","Large","Good","Yes",232.2,232,233,232.5,234.43,235.02,227.8106,232.01,232.181,232.013,229.79,1.05,1.04,"Moderate","Uptrend","Mixed trend","Hold","Neutral",231.59,232.61,"","Excellent reward to risk ratio zone"," + Breakout Signal + ","Strong"," + Breakout Signal + ",NA,"Neutral","Neutral","144.24-315.34","165.62-212.83","False",4.11,10.93,"medium","normal",FALSE,0.0775795190069728,-0.0860585197934669,0.851285615010415,1.07957513494689,0.903876238484262,231.351137216482,229.970397752944,TRUE,"MomentumPullback",8,212.34,1,8,0.477323830851206,232.11,234.682,NA,NA,51.7471673905695,56.595688218134,31.1475409836055,32.786885245899,4.18943533697552,32.786885245899,54.0540540540503,0.164984847789244,230.948378,230.258225833333,232.81951184912,231.71348815088,FALSE,FALSE,257.757581072218,221.256418927782,9.24739611297899,0,0.239491939776581,8.67321113634129,TRUE,FALSE,36.4256018787462,47.6947643576878,-3.79970558997314,40.9495184935288,10.0526819923372,-11.1991343664258,-2.80433127484984,1.10881330575966,0.0958313368471485,-2.0878605820444,0.0958313368471408,1.10881330575967,-2.80433127484985,-11.1991343664258,16.4972217851673,FALSE,232.178,232.2665,"medium",FALSE,-3.26604826473124,FALSE,"2026-10-06 07:03:00",257.757581072218,221.256418927782,227.81,235.02,"","","","","",47,"C","NONE",30,"D","NONE",75,"PASS"
"CRVO","Healthcare","Biotechnology","United States","Micro",NA,"No",3.45,3.44,3.48,3.46,3.13,3.35,3.06,3.48,3.457,3.459,3.31,4.23,4.44,"Moderate","Mixed trend","Uptrend","Hold","Overbought",3.44,3.5,"","Low reward High risk zone"," + ","Strong"," + ","Upwards Momentum Signal","Neutral","Higher","1.96-9.72","1.63-3.94","True",8.44,-3.21,"medium","normal",FALSE,-0.862068965517236,-1.14613180515759,3.55695632597929,4.54545454545456,6.64605873261206,3.41829591173452,3.2852637108068,FALSE,"",6,2.19,6,4,2.13754996932728,3.029,2.745,NA,NA,40.1704481974381,49.8664777929958,33.3333333333336,16.666666666667,8.0528176719478e-14,0,0,0.0151657508881521,3.40761,3.34355416666667,3.50630524106581,3.43292475893419,FALSE,FALSE,3.13125154031952,2.14674845968048,3.36811088257457,10,0.021767181545323,0.168297757494566,FALSE,FALSE,95.5041212218968,75.2730312704632,7.44546445537031,-7.2829131652661,26.3358778625954,29.296875,37.344398340249,23.9700374531835,11.4478114478114,9.60264900662252,11.4478114478114,23.9700374531835,37.344398340249,29.296875,45.8601973696334,FALSE,3.456,3.469615,"medium",FALSE,15.4852872889644,TRUE,"2026-10-06 07:07:00",3.13125154031952,2.14674845968048,3.06,3.35,"","","","","",26,"D","NONE",42,"C","NONE",65,"AVOID"
"CSCO","Technology","Communication Equipment","United States","Large","Good","Yes",112.8,112.6,112.9,112.75,111.975,113.19,111.535,112.8,112.776,112.775,112.82,-0.02,-0.04,"Very Weak","Mixed trend","Uptrend","Hold","Neutral",112.51,112.94,"","Low reward High risk zone"," + Breakout Signal + ","Strong"," + Breakout Signal + ",NA,"Neutral","Neutral","87.24-138.4","72.96-106.03","False",2.87,3.33,"medium","expanding",FALSE,-0.123959624579423,0,0.32017075773746,-0.0708717221828475,0.079850944902851,112.4024751053,111.872082141568,TRUE,"MomentumPullback",9,101.41,3,5,0.390146997423624,110.252,109.067,NA,NA,56.1169112861432,51.3857377094949,25.0000000000005,50,-16.8182719827704,50,100,0.0799999999982163,112.699762,112.839671666667,112.99159505077,112.55247494923,FALSE,FALSE,112.885835613063,104.248164386937,10,9.55701992240769,0.107802045348635,2.56949886551507,FALSE,FALSE,95.6934384656264,59.5030111149151,1.34360212522541,-6.63687520688515,1.99801102974414,3.71391799963228,1.61217688912906,6.10363961252703,5.23272082828094,0.55258467023172,5.23272082828095,6.10363961252702,1.61217688912905,3.71391799963228,8.28568184094459,FALSE,112.78,112.772035,"medium",FALSE,1.66885329510128,FALSE,"2026-10-06 05:55:00",112.885835613063,104.248164386937,111.53,113.19,"","","","","",32,"D","NONE",58,"B","NONE",70,"AVOID"
"CTVA","Basic Materials","Agricultural Inputs","United States","Mid","Moderate","Yes",12.71,12.71,12.75,12.73,11.81,12.63,11.74,12.73,12.722,12.734,12.39,2.58,2.68,"Moderate","Mixed trend","Downtrend","Hold","Oversold",12.67,12.78,"","Excellent reward to risk ratio zone"," + ","Very Strong"," + ","Breakdown Signal: below lower bollinger band limit","Higher","Neutral","-80.72-105.5","0.63-12.57","True",2.46,1.62,"medium","normal",FALSE,-0.0786163522012562,-0.313725490196072,-0.547730829420959,-0.469851213782292,2.08835341365463,12.637264190743,12.4458547717047,FALSE,"",4,32.02,5,-1,1.11323739578737,31.844,62.918,NA,NA,37.0162084498941,46.654320528444,41.9225589225599,22.2222222222238,0.84287317620669,-41.4141414141405,40.0000000000021,0.0148775670052837,12.73311,12.58975,12.804939969424,12.663960030576,FALSE,FALSE,121.466972345197,20.1350276548035,2.33763483291409,10,0.0328391582996437,6.00038517039506,FALSE,FALSE,1.7795341614801,6.42102931149746,0.652213600315221,-85.5087719298246,-84.819897084048,-85.8980195765991,-84.3382631778536,-84.0622588114227,-84.0437862202189,3.94295302013423,-84.0437862202189,-84.0622588114227,-84.3382631778536,-85.8980195765991,503.262009010546,FALSE,12.71678,12.73445,"high",TRUE,124.978950303715,TRUE,"2026-10-06 07:09:00",121.466972345197,20.1350276548035,11.74,12.63,"","","","","",17,"D","NONE",7,"D","NONE",95,"PASS"
"CVCO","Consumer Cyclical","Residential Construction","United States","Mid","Good","No",581.8,575,599,587,585.92,585.92,567.41,579.85,578.582,577.25,576.27,0.96,0.4,"Very Weak","Uptrend","Uptrend","Hold","Neutral",575.33,581.8,"","Low reward High risk zone","Strong Bullish Breakout Signal + Bullish Signal + ","Weak","Strong Bullish Breakout Signal + Bullish Signal + ",NA,"Lower","Neutral","461.43-691.11","419.45-522.55","True",3.46,22.99,"medium","normal",TRUE,0.803936516737124,0.880843390206673,0.819657927114545,2.24057639926193,1.73685337949787,574.267346500808,568.09220838583,TRUE,"MomentumPullback",10,500.13,0,8,0.937518641132968,572.173,559.138,NA,NA,95.7554332898895,74.2586366399989,71.9278155947149,100,10.7576817863735,15.0709332654746,100,2.3905606037053,575.3405,571.635856666667,579.998419170295,574.611330829705,TRUE,FALSE,582.577536217762,514.676463782238,10,0,1.07460380273954,18.1375931679141,FALSE,FALSE,61.8577098412376,58.2207528688086,-5.03286942279212,1.58833691781546,-1.07801905415844,1.7803210936258,6.05090266659305,3.36125410291823,2.85760182772284,-1.51419342710167,2.85760182772283,3.36125410291823,6.05090266659305,1.7803210936258,13.19296241692,FALSE,577.734,577.304875,"low",FALSE,3.06088018513426,TRUE,"2026-10-06 04:50:00",582.577536217762,514.676463782238,567.41,585.92,"","","","","",66,"B","TREND_CONFIRMED",47,"C","NONE",50,"AVOID"
"CVE","Energy","Oil & Gas Integrated","Canada","Large","Good","No",31.0311,31.03,31.6,31.32,31.9,32.15,30.74,31.17,31.215,31.364,31.47,-1.39,-0.81,"Very Weak","Mixed trend","Mixed trend","Hold","Neutral",31,31.495,"","Good reward to risk ratio zone"," + Breakdown Signal: below lower bollinger band limit + ","Very Strong"," + Breakdown Signal: below lower bollinger band limit + ",NA,"Higher","Neutral","24.54-38.4","15.92-29.4","True",3.74,2.6,"high","expanding",FALSE,-1.44696014507713,-1.39152817058058,-1.19057474924376,-1.41032565528198,-2.00189483657035,30.924143178113,30.6751740109772,TRUE,"MeanReversion",6,29.17,6,1,1.86099568060528,31.606,31.732,NA,NA,15.9304994191384,31.5052296577158,32.884877027734,6.34693877550993,-19.2321065178207,6.34693877550993,6.47916666666636,0.251656388752604,31.418968,31.4570766666667,31.6989542137968,31.1198157862032,FALSE,TRUE,34.0672573245186,30.1847426754814,0,2.23648966700452,0.0759329234082732,1.00526016342529,FALSE,FALSE,44.5273614646598,48.4999824313863,-7.83307140370447,19.7033092430582,-4.05487804878048,-2.38833746898264,-0.316756414317394,1.18971061093247,1.25482625482626,-2.87037037037037,1.25482625482625,1.18971061093247,-0.316756414317398,-2.38833746898264,12.8625070313782,FALSE,31.29086,31.409385,"medium",FALSE,0.150498342880285,TRUE,"2026-10-06 06:04:00",34.0672573245186,30.1847426754814,30.74,32.15,"","","","","Undervalued",9,"D","NONE",27,"D","NONE",83,"PASS"
"CVX","Energy","Oil & Gas Integrated","United States","Large","Good","Yes",205.25,205.05,205.45,205.25,206.83,207.26,201.96,205.5,205.145,205.641,206.47,-0.59,-0.64,"Very Weak","Mixed trend","Mixed trend","Hold","Neutral",204.94,206.635,"","Good reward to risk ratio zone"," + ","Very Strong"," + ",NA,"Neutral","Neutral","175.95-236.99","150.92-196.72","False",2.28,10.39,"high","expanding",FALSE,0.00974516396238865,-0.388255277845189,-0.310845597163527,-0.614952546968822,-0.874142760552498,204.787408672517,204.346169736811,TRUE,"Thrust",8,195.92,4,7,1.21279778420895,206.168,206.444,NA,NA,66.1340449602116,35.1762197637145,7.05128205128232,19.871794871795,2.35042735042744,19.871794871795,93.9393939393911,0.132664991613613,206.020936,206.390745,207.122438100157,204.640561899843,FALSE,FALSE,216.970223331944,200.019776668056,10,10,0.152822142899436,4.17597750439406,TRUE,FALSE,57.7396384844631,51.5066876681034,-0.423531331638024,18.0705667066964,0.584595898085443,-1.02109300095877,1.37477291697354,0.0484566555216331,1.10670388325743,-0.106439595529536,1.10670388325742,0.0484566555216226,1.37477291697354,-1.02109300095877,8.47438535641307,FALSE,205.03,205.8815,"medium",FALSE,-0.0125485905418738,FALSE,"2026-10-06 07:00:00",216.970223331944,200.019776668056,201.96,207.26,"","","","","",16,"D","EARLY_REVERSAL",47,"C","NONE",53,"AVOID"
"DAL","Industrials","Airlines","United States","Large","Good","Yes",83.83,83.42,83.88,83.65,85,85.35,82.81,83.55,83.72,83.471,83.08,0.9,0.77,"Very Weak","Uptrend","Mixed trend","Hold","Neutral",83.15,83.86,"","Low reward High risk zone"," + ","Strong"," + ",NA,"Higher","Neutral","65.81-100.35","59.63-74.7","False",3.53,6.03,"high","normal",TRUE,0.395209580838321,0.612097935669713,0.890600553616554,0.902744342802118,0.18524051389304,83.0718895931958,82.7180613827456,FALSE,"",8,74.68,2,8,1.00644357000639,83.647,82.606,NA,NA,85.7057753197711,75.3890569528932,98.4825493171472,95.4476479514415,1.77338538491795,-4.55235204855855,76.9230769230752,0.172133668990116,83.221422,83.2651583333333,83.8342184532522,82.9988815467478,FALSE,FALSE,86.4891880858454,76.6108119141546,6.32062648398968,0,0.0787491930534523,2.36887644800888,FALSE,FALSE,32.9065760798615,51.6006184585122,-3.38958203253789,-4.93191440668269,0.813008130081303,3.62978670325558,0.703030303030301,-1.13054861359039,-0.455307931943441,-1.2010940658818,-0.455307931943438,-1.13054861359039,0.703030303030294,3.62978670325558,12.8942324521503,FALSE,83.686,83.41655,"medium",FALSE,0.117628514734134,FALSE,"2026-10-06 07:02:00",86.4891880858454,76.6108119141546,82.81,85.35,"","","","","Undervalued",59,"B","TREND_CONFIRMED",34,"D","NONE",55,"WATCH"
"DIA","NA","NA","NA","ETF",NA,"No",514.3,514.33,514.42,514.38,510.37,513.28,507.84,514.47,514.308,514.371,512.11,0.43,0.43,"-","Mixed trend","Mixed trend","Hold","Neutral",513.95,514.95,"","Good reward to risk ratio zone"," + ","Very Strong"," + ",NA,"Neutral","Neutral","470.96-553.26","462.74-499.78","False",1.23,NA,"high","normal",FALSE,0.0252834665577524,0.0330655670744674,-0.0971250971250971,0.366886538386479,0.218247008846799,513.79675205263,512.98918126818,FALSE,"",2,500.72,4,-1,0.261402734115631,511.512,516.65,NA,NA,48.4182757660161,48.234622341849,39.6972222222172,36.4583333333268,3.34351851851824,-9.37500000000406,39.6782841822644,0.144660982984506,514.46832,513.275570833333,515.113905582549,513.770894417451,FALSE,FALSE,527.074291790082,506.297708209918,0.410916199233979,10,0.153352309237072,4.98877390229249,FALSE,FALSE,58.1010421647006,41.2566715069434,1.56566038748948,-2.2672188400542,-3.55743879472693,-3.89227737637234,-1.47562430258955,-0.371580872339591,0.700029495624816,0.197612991586772,0.700029495624821,-0.371580872339594,-1.47562430258955,-3.89227737637234,4.10362978999494,FALSE,514.3156,514.4424,"medium",FALSE,-1.44949612485354,FALSE,"2026-10-06 07:06:00",527.074291790082,506.297708209918,507.84,513.28,"","","","","",32,"D","NONE",17,"D","NONE",70,"PASS"
"DXCM","Healthcare","Medical Devices","United States","Large","Good","Yes",86.9,86.5,87.77,87.13,84.75,87.12,84.75,86.88,86.902,86.871,86.9,0,0,"-","Mixed trend","Mixed trend","Hold","Neutral",86.665,86.98,"","Moderate reward to risk ratio zone"," + ","Very Strong"," + ",NA,"Neutral","Neutral","60.36-114.52","58.09-80.25","False",3.55,2.52,"medium","expanding",FALSE,-0.0402599643411705,0.201787258575972,0.149821366831865,0.0172641998043397,0.242242473180307,86.5915769369585,86.2583734985294,TRUE,"RSER",6,79.83,4,1,0.364337400425459,86.429,86.923,NA,NA,46.2114802845668,53.3787196621502,71.4285714285722,71.4285714285722,-3.4920634920632,0,100,0.0223606797731432,86.900432,86.8549716666667,86.9972364226567,86.6814235773433,FALSE,FALSE,90.1094349495774,82.9225650504226,0,10,0.0736221563296622,2.15741247687836,FALSE,TRUE,64.254741357788,50.6049865688136,6.90085034266836,15.9284951974387,-5.89127138834741,-1.13765642775882,-2.54569922619715,0.253807106598983,0.706918530536562,1.80412371134021,0.706918530536571,0.253807106598991,-2.54569922619715,-1.13765642775882,8.66696525220216,FALSE,86.91,86.83933,"low",FALSE,-1.01810282288459,FALSE,"2026-10-06 06:17:00",90.1094349495774,82.9225650504226,84.75,87.12,"","","","","",40,"C","NONE",50,"C","NONE",50,"AVOID"
"EEM","NA","NA","NA","ETF",NA,"No",68.54,68.5,68.65,68.58,68.45,68.875,68.3584,68.52,68.525,68.597,68.73,-0.28,-0.3,"-","Mixed trend","Uptrend","Hold","Neutral",68.43,68.86,"","Low reward High risk zone"," + ","Strong"," + ",NA,"Lower","Neutral","58.72-78.74","55.24-64.3","False",2.73,NA,"high","expanding",FALSE,-0.0145878920495856,-0.279345865099216,-0.290951411114327,-0.399622175397793,-0.4574831166945,68.375171477836,68.1561060835863,FALSE,"",5,63.78,4,-1,0.836253081948063,67.78,67.42,NA,NA,58.051554785869,44.0761068692749,24.7223968154196,29.7297297297304,6.38894708662128,-5.40540540540447,77.777777777783,0.0526307894677426,68.687854,68.7529816666667,68.919520956973,68.347959043027,FALSE,FALSE,69.4714455438215,65.4315544561785,8.56704005863119,10,0.0549166580318427,1.0449508693043,FALSE,TRUE,82.8590623408641,58.0075291148109,5.13734377024264,2.73542600896861,2.39868891537545,0.043668122270744,-0.145285485979942,2.27678571428572,2.90462644108399,1.56642529924635,2.904626441084,2.27678571428571,-0.14528548597994,0.0436681222707458,6.17422453313211,FALSE,68.502,68.63374,"medium",FALSE,0.0695535534075677,FALSE,"2026-10-06 06:27:00",69.4714455438215,65.4315544561785,68.36,68.88,"","","","","",9,"D","NONE",65,"B","NONE",80,"PASS"
"EFA","NA","NA","NA","ETF",NA,"No",104.65,104.31,104.7,104.5,103.515,104.2,103.24,104.6,104.583,104.296,104.03,0.6,0.53,"-","Uptrend","Mixed trend","Hold","Neutral",103.9,104.66,"","Good reward to risk ratio zone"," + ","Very Strong"," + ",NA,"Neutral","Neutral","94.97-113.09","95.77-102.82","False",1.58,NA,"high","expanding",FALSE,0.220264317180621,0.673400673400676,0.513854872016531,0.48490085937876,0.663716814159304,103.841581449707,103.667935248655,TRUE,"Breakout",11,101.24,2,10,1.11386479927284,104.014,105.143,NA,NA,92.6790200301145,82.6307152453235,98.2456140350887,98.684210526317,-0.584795321637108,1.3157894736849,87.5000000000111,0.00547722553728027,104.150866,104.0942775,104.768808730768,103.614681269232,FALSE,FALSE,107.628395543537,102.944604456463,3.20638288073001,10,0.0588402433895471,1.17744227764941,FALSE,FALSE,50.6151077549054,42.6275798576775,0.397661094403347,-0.287549122975172,-3.88950480413894,-3.98707891093677,-1.97870536134928,-0.961538461538466,0.134757917027626,0.0673335898422541,0.134757917027617,-0.961538461538469,-1.97870536134929,-3.98707891093677,4.54981697370504,FALSE,104.644,104.191745,"medium",TRUE,-0.256816394375335,FALSE,"2026-10-06 06:11:00",107.628395543537,102.944604456463,103.24,104.2,"","","","","",59,"B","TREND_CONFIRMED",14,"D","NONE",30,"AVOID"
"ENSC","Healthcare","Biotechnology","United States","-",NA,"No",0.4236,0.42,0.44,0.43,0.39,0.44,0.39,0.43,0.43,0.433,0.419,1.1,2.68,"-","Mixed trend","Uptrend","MomentumPullback","Neutral",0.4229,0.4467,"","Excellent reward to risk ratio zone"," + ","Strong"," + ",NA,"Higher","Neutral","0.06-0.78","0.21-0.52","True",10.81,NA,"high","normal",FALSE,-1.7853002550429,-1.57992565055763,-5.86666666666667,-1.46545708304257,-2.3963133640553,0.416564677998287,0.380388845633821,FALSE,"",4,0.32,8,1,5.64644537131739,0.41,0.42,NA,NA,25.0939433793491,43.5486690004585,19.7154471544716,0,4.90604157538581,0,0,0.00585252082439637,0.432382,0.432581666666667,0.445073846263819,0.421286153736181,FALSE,FALSE,0.507546671334701,0.369083328665299,0,10,0.00634580846518237,0.0372758296422366,FALSE,TRUE,66.5408136250442,50.38594594822,6.1922420252281,55.2426824749907,12.2421644789713,-8.05354399824446,-0.498693896936592,4.46272749937671,0.769600769600765,6.0759493670886,0.769600769600776,4.46272749937671,-0.498693896936597,-8.05354399824446,37.5154692492132,FALSE,0.43102,0.43318,"medium",FALSE,3.45099045123049,TRUE,"2026-10-06 06:58:00",0.507546671334701,0.369083328665299,0.39,0.44,"","","","","",6,"D","NONE",56,"B","NONE",90,"PASS"
"EWZ","NA","NA","NA","ETF",NA,"No",43.02,43.01,43.09,43.05,42.78,43.9,42.735,43.08,43.049,43.07,42.98,0.09,0.16,"-","Mixed trend","Uptrend","Hold","Neutral",43.02,43.12,"","Low reward High risk zone"," + Breakdown Signal: below lower bollinger band limit + Positive News + ","Very Strong"," + Breakdown Signal: below lower bollinger band limit + Positive News + ","Breakout Signal: above upper bollinger band limit","Higher","Neutral","34.29-51.67","30.04-34.98","True",2.7,NA,"low","quiet",FALSE,-0.185614849187931,-0.185614849187931,0.0232504068821323,-0.393609631859214,0.0348796651552158,42.9915028069113,42.7988243761238,FALSE,"",5,35.01,6,0,0.298181575452199,39.256,37.752,NA,NA,4.35877318326727,40.4444295757929,15.9902878945552,0,-19.4476818129273,0,0,0.0363290517358924,43.076342,43.0514025,43.1372724978962,43.0090275021038,FALSE,FALSE,40.6123930789407,35.1216069210593,0,10,0.0284971930887376,1.1782864221167,FALSE,FALSE,96.5814762287567,77.8711704293563,18.1457194351964,19.6214862232118,22.5898459783229,13.5235076597993,12.8972944575781,18.6964926815797,15.3825503355705,12.5425504058654,15.3825503355705,18.6964926815797,12.8972944575781,13.5235076597993,15.6336416218732,TRUE,43.0586,43.07315,"high",FALSE,7.5003253855576,TRUE,"2026-10-06 07:06:00",40.6123930789407,35.1216069210593,42.74,43.9,"","News Alert","","","",14,"D","NONE",80,"A","TREND_CONFIRMED",70,"AVOID"
"FNGR","Communication Services","Telecom Services","Singapore","Nano",NA,"No",0.2658,0.26,0.27,0.26,0.2591,0.3,0.2305,0.26,0.264,0.263,0.27,-1.56,-2.2,"Moderate","Uptrend","Uptrend","Hold","Neutral",0.2603,0.2658,"","Low reward High risk zone"," + Upwards Momentum Signal + ","Very Strong"," + Upwards Momentum Signal + ",NA,"Neutral","Neutral","-0.02-0.52","0.11-0.47","False",11.19,-0.12,"medium","quiet",TRUE,1.06463878326995,2.11294660007684,-0.0751879699248246,2.152190622598,-0.412139378044228,0.259070219293423,0.249822188656699,TRUE,"MomentumPullback",10,0.1,0,8,2.71463950803559,0.217,0.184,NA,NA,87.5212151997685,62.5157062719467,82.5396825396828,100,3.7037037037037,26.1904761904757,100,0.00110905365064562,0.26385,0.262943333333333,0.265326144981531,0.258313855018469,FALSE,FALSE,0.238835845746961,0.0921941542530394,10,10,0.00125576531620457,0.0408232897802021,TRUE,FALSE,96.8786130677096,65.5016819370717,3.00292107512237,-35.4066985645933,22.6158038147139,36.7781155015198,90.5434015525759,90.8127208480566,52.8878822197056,8.87096774193549,52.8878822197056,90.8127208480566,90.5434015525759,36.7781155015198,159.057472441738,FALSE,0.2639,0.26182,"high",FALSE,28.1133053853146,FALSE,"2026-10-06 07:06:00",0.238835845746961,0.0921941542530394,0.23,0.3,"","","","","",49,"C","NONE",58,"B","NONE",55,"AVOID"
"FRGT","Technology","Software - Application","Mexico","-",NA,"No",0.4836,0.48,0.48,0.48,0.245,0.2692,0.2362,0.66,0.492,0.525,0.245,97.39,100.77,"-","Mixed trend","Mixed trend","Hold","Oversold",0.4471,0.6031,"","Excellent reward to risk ratio zone"," + Upwards Momentum Signal + ","Strong"," + Upwards Momentum Signal + ","Breakdown Signal: below lower bollinger band limit","Neutral","Neutral","-4.15-1.07","0.07-3.7","False",14.26,NA,"high","normal",FALSE,-11.4610032954962,-18.6953597848016,-7.5511374498184,-12.2641509433962,-31.248222917259,0.425294154963365,0.332738908897388,TRUE,"Reversal",5,0.25,4,-1,33.5677281296612,0.279,0.624,NA,NA,33.720804404557,35.7303403510017,23.482905982906,23.3974358974359,1.69645566454911,-4.10256410256411,66.9934640522874,0.00951488307864333,0.535736,0.589799166666667,0.614387789014251,0.459982210985749,FALSE,FALSE,1.20081572657776,-9.5726577761801e-05,5.52862943495679,0,0.0235860135533806,0.170591885348812,FALSE,FALSE,2.28486374924977,19.5302690598046,-0.139681027720741,-93.7017994858612,-85.0609756097561,-77.1028037383178,-51.0391686650679,-25.7575757575758,-12.5,-2.8548770816812,-12.5,-25.7575757575758,-51.0391686650679,-77.1028037383178,-1254522.49650435,FALSE,0.47856,0.537185,"high",TRUE,30.131169893162,FALSE,"2026-10-06 07:04:00",1.20081572657776,-9.5726577761801e-05,0.24,0.27,"","","","","",2,"D","NONE",2,"D","NONE",88,"PASS"
"GE","Industrials","Aerospace & Defense","United States","Large","Good","Yes",306.9844,306.81,307,306.9,309.125,309.68,305.36,307.19,307.009,306.943,306.34,0.21,0.22,"Very Weak","Mixed trend","Mixed trend","Hold","Neutral",306.37,307.88,"","Excellent reward to risk ratio zone"," + Breakout Signal + ","Strong"," + Breakout Signal + ",NA,"Higher","Neutral","238.01-374.67","254.78-302.36","False",3.5,8.48,"high","normal",FALSE,-0.0213645985995824,0.180922233462777,0.0666275506877961,0.434934812124788,0.0862023995826703,306.182068431017,305.252987062636,FALSE,"",6,294.84,4,3,0.52786628829296,310.837,319.402,NA,NA,45.8292865144567,52.0714648233014,36.8827586206899,38.2344827586201,-1.82820024866159,9.26896551723945,63.9999999999924,0.0840016190322689,306.67627,306.713674166667,307.701416594388,306.085693405612,FALSE,FALSE,331.357190746084,303.224809253916,10,0,0.188308450387723,8.19520833596115,TRUE,FALSE,9.97853521445228,32.9825348247377,-1.79896880294076,-14.6019179304193,-11.9307727690892,-8.99260271530853,-3.82695507487521,-3.59390735146023,-1.7574241549612,-0.889708499142645,-1.75742415496121,-3.59390735146022,-3.8269550748752,-8.99260271530853,9.27773079036258,FALSE,306.98888,306.893555,"low",FALSE,-1.14901087360536,FALSE,"2026-10-06 07:14:00",331.357190746084,303.224809253916,305.36,309.68,"","","","Strong fundamentals, below 50/200-day averages","",40,"C","NONE",2,"D","NONE",70,"PASS"
"GEV","Industrials","Specialty Industrial Machinery","United States","Large","Good","Yes",1002,999,1002.12,1000.56,988.06,996.43,973.7,996.54,1000.04,997.324,990,1.21,1.01,"Very Weak","Uptrend","Uptrend","Hold","Neutral",990,1002,"","Low reward High risk zone"," + Upwards Momentum Signal + ","Very Strong"," + Upwards Momentum Signal + ",NA,"Neutral","Neutral","672.15-1307.85","686.94-946.71","False",4.92,34.88,"high","expanding",FALSE,0.2,0.2020040400808,1.11713239078442,1.27656993844568,1.10998990918264,988.838871745705,985.185844655061,TRUE,"Breakout",10,837.35,2,10,1.45287037183123,978.382,957.773,NA,NA,87.3888941985737,71.1417135243187,88.8869322029281,100,-2.19958635019956,15.2466367713003,100,1.34673679684015,992.78735,991.433890833333,1003.97805582645,989.600444173546,FALSE,FALSE,1007.40385758437,886.730142415626,10,10,1.17520253616523,35.9232491327017,TRUE,FALSE,82.18103146176,58.0316796442671,0.256940879655438,-9.30494608682906,3.46449286722057,5.10112001698603,4.62683096954196,4.23576234246186,4.15680333301771,0.131485789420446,4.15680333301771,4.23576234246186,4.62683096954197,5.10112001698604,13.6088432541617,FALSE,999.73,996.78925,"low",FALSE,2.26980913084253,FALSE,"2026-10-06 07:03:00",1007.40385758437,886.730142415626,973.7,996.43,"","","","","",66,"B","TREND_CONFIRMED",55,"B","NONE",50,"AVOID"
"GLD","NA","NA","NA","ETF",NA,"No",381,380.97,381.07,381.02,380.7,380.78,377.98,380.62,381.112,381.168,379.55,0.38,0.41,"-","Mixed trend","Mixed trend","Hold","Neutral",381,381.4,"","Excellent reward to risk ratio zone"," + ","Very Strong"," + ",NA,"Neutral","Neutral","314.9-444.2","337.89-404.13","False",3.14,NA,"low","quiet",FALSE,-0.0472217849834742,-0.0970186433122701,0.0688137249237009,0,0.407903815025976,380.920995911739,380.526945981057,FALSE,"",4,366.78,6,1,0.10329433156437,381.746,390.451,NA,NA,10.3126607732625,41.0831725973641,14.2573273720755,0,1.56053926665289,-17.6602086438094,0,0.0680804670989587,380.950756,380.736745833333,381.443661555398,381.050058444602,FALSE,TRUE,408.255256701246,375.442743298754,0,2.38150409865773,0.079004088261371,6.68377977761869,FALSE,TRUE,28.1880931174933,38.4172214280185,-0.388227390080154,0.673722182435485,-10.3481670445956,-6.69174226221205,-4.72664290376022,0.433965759043155,-0.338724923852527,-0.155205976745403,-0.338724923852529,0.433965759043153,-4.72664290376023,-6.69174226221205,8.73968507533058,FALSE,381.1183,381.24686,"medium",TRUE,0.0503439868654159,FALSE,"2026-10-06 07:07:00",408.255256701246,375.442743298754,377.98,380.78,"","","","","",14,"D","NONE",12,"D","NONE",80,"PASS"
"GNLN","Consumer Defensive","Tobacco","United States","Nano","Moderate","No",3.13,3.12,3.29,3.2,2.83,3.63,2.815,3.19,3.172,3.289,3.5,-10.57,-9.37,"Very Weak","Downtrend","Uptrend","Hold","Neutral",3.11,3.45,"","Low reward High risk zone"," + ","Strong"," + ","Upwards Momentum Signal","Higher","Neutral","0.97-6.03","1.16-6.3","True",12.05,5.56,"high","normal",FALSE,-5.15151515151515,-6.84523809523809,-12.5698324022346,-10.1865136298422,-4.71841704718418,3.05582679398207,2.82424228980178,FALSE,"",4,1.86,9,-1,14.681138905719,3.032,2.817,NA,NA,16.4445999832939,35.3002995029215,14.010752688172,6.45161290322581,-5.78726544381193,-9.77419354838709,0,0.0192280524234443,3.427024,3.39246833333333,3.53311440822851,3.08081559177149,FALSE,FALSE,3.27566922952792,2.26183077047208,0,10,0.0545215867640237,0.353507866843783,FALSE,TRUE,80.4446929357833,64.2242445076318,15.6736474842945,37.2549019607843,18.6440677966102,25,41.1290322580645,29.1512915129151,19.0476190476191,31.578947368421,19.047619047619,29.1512915129151,41.1290322580645,25,44.8237981502137,TRUE,3.16206,3.306965,"medium",FALSE,9.27381557221383,TRUE,"2026-10-06 07:00:00",3.27566922952792,2.26183077047208,2.82,3.63,"","","","","",2,"D","NONE",100,"A","TREND_CONFIRMED",88,"PASS"
"GOOG","Communication Services","Internet Content & Information","United States","Large","Good","Yes",345.1,345,345.13,345.06,339.21,344.99,339.15,345.56,345.103,345.25,343.83,0.37,0.37,"Moderate","Mixed trend","Mixed trend","Hold","Neutral",344.95,345.5,"","Moderate reward to risk ratio zone"," + Breakdown Signal: below lower bollinger band limit + ","Very Strong"," + Breakdown Signal: below lower bollinger band limit + ",NA,"Lower","Neutral","321.48-364.42","275.51-317.49","False",2.5,19.93,"medium","quiet",FALSE,-0.0723903286520921,-0.0434467776973142,-0.0984251968503865,-0.254349962425572,0.492123118138667,344.848796104742,344.447842882525,TRUE,"MomentumPullback",9,318.27,6,4,0.149895711621982,340.558,340.224,NA,NA,49.3546934775583,42.0077467153312,9.09090909091098,27.2727272727329,-3.0190796857473,27.2727272727329,75.0000000000213,0.121778487383901,345.444226,345.4238,345.521418304092,345.004271695908,FALSE,FALSE,350.790559401865,328.596440598135,10,10,0.101247903329098,8.5917922673533,FALSE,FALSE,69.6003770776659,52.963642648926,2.90117913691819,-3.09188275084555,0.673440107750421,2.54093227162923,-2.00644113204321,1.37693124189172,0.906849797499552,1.02247686205376,0.906849797499554,1.37693124189171,-2.00644113204321,2.54093227162924,6.75421765474101,FALSE,345.096,345.262845,"low",FALSE,-0.0712246261495846,FALSE,"2026-10-06 07:02:00",350.790559401865,328.596440598135,339.15,344.99,"","","","","",9,"D","NONE",50,"C","NONE",70,"PASS"
"GOOGL","Communication Services","Internet Content & Information","United States","Large","Good","Yes",347.8256,347.83,347.94,347.88,342.59,348.09,342.4,348.41,347.942,348.131,346.47,0.39,0.42,"Moderate","Mixed trend","Mixed trend","Hold","Neutral",347.7501,348.35,"","Moderate reward to risk ratio zone"," + Breakdown Signal: below lower bollinger band limit + ","Very Strong"," + Breakdown Signal: below lower bollinger band limit + ",NA,"Neutral","Neutral","322.97-366.23","275.97-319.45","False",2.53,19.93,"medium","quiet",FALSE,-0.118998391913623,-0.121866475233307,-0.0960477941176518,-0.20783244871611,-0.107524411257892,347.678173531657,347.517363583474,FALSE,"",4,320.69,8,-1,0.183614092166127,343.641,343.47,NA,NA,2.13972256592908,26.4058144552876,8.63477246207869,12.5854309051555,-6.01063140153185,-0.733455575925186,21.8904030153732,0.185006680963182,348.243504,348.410514166667,348.501817829335,347.863092170665,FALSE,TRUE,355.048148062869,330.993851937131,2.57679799490929,10,0.0719420842931256,8.76640602359968,FALSE,FALSE,68.0240175231808,52.4407060663455,2.42862273838804,-2.93598543213334,0.542658154381893,2.36660166637123,-2.39456855508916,1.08533916849016,0.694605905603361,0.864628820960707,0.694605905603352,1.08533916849016,-2.39456855508916,2.36660166637122,7.2672939346038,FALSE,347.96712,348.182455,"low",FALSE,-0.103544120265656,FALSE,"2026-10-06 07:02:00",355.048148062869,330.993851937131,342.4,348.09,"","","","","",9,"D","NONE",50,"C","NONE",78,"PASS"
"GRAB","Technology","Software - Application","Singapore","ETF",NA,"No",3.19,3.19,3.2,3.2,3.1,3.21,3.08,3.19,3.195,3.193,3.17,0.63,0.79,"-","Mixed trend","Mixed trend","Hold","Neutral",3.18,3.2,"","Low reward High risk zone"," + ","Very Strong"," + ",NA,"Higher","Neutral","2.21-4.13","2.16-3.34","False",3.87,NA,"medium","normal",FALSE,-0.312500000000007,0,0.630914826498423,0.368121322719687,0.78988941548183,3.17402716182307,3.14353272931279,TRUE,"RSER",3,2.7,4,1,0.902441748657892,3.123,3.138,NA,NA,28.9433994903462,49.4593608517599,80.8333333333329,49.9999999999989,-0.833333333333364,-42.5000000000008,0,0.005239274758976,3.185146,3.17616083333333,3.20706652968429,3.17838347031571,FALSE,FALSE,3.30577519568705,2.79122480431295,0,10,0.0059916206869186,0.121390359946386,FALSE,TRUE,73.0140025976239,49.5216760830834,5.82142429738229,-19.3384223918575,-8.9080459770115,-7.30994152046784,8.93470790378006,2.4232633279483,1.92926045016077,2.92207792207792,1.92926045016077,2.42326332794829,8.93470790378006,-7.30994152046783,18.4345736172534,FALSE,3.1957,3.192725,"medium",FALSE,-8.79372789772058,FALSE,"2026-10-06 07:12:00",3.30577519568705,2.79122480431295,3.08,3.21,"","","","","",26,"D","NONE",34,"D","EARLY_REVERSAL",70,"PASS"
"HAFN","Industrials","Marine Shipping","Singapore","Mid","Good","No",10.26,10.28,10.31,10.3,10.38,10.42,9.95,10.3,10.29,10.303,10.28,-0.19,0.1,"Very Weak","Mixed trend","Uptrend","Hold","Neutral",10.22,10.37,"","Low reward High risk zone"," + ","Strong"," + ",NA,"Higher","Higher","9.65-14.06","5.76-8.11","False",3.56,1.29,"medium","expanding",FALSE,-0.484966052376341,-1.06075216972034,-1.01302460202605,-0.773694390715668,-0.677637947725075,10.1890334962074,10.0496570341795,FALSE,"",6,8.33,8,-1,1.05033266355834,10.017,9.407,NA,NA,25.5141703437147,42.001077333077,46.6666666666665,26.6666666666664,-4.44444444444452,-13.3333333333332,0,0.0349284983931453,10.318652,10.3295791666667,10.350497328743,10.242912671257,FALSE,FALSE,10.4096604376852,8.63433956231479,0,2.36180504715845,0.0310877034160633,0.365723236771826,FALSE,FALSE,92.3940998074731,71.9244744002832,0.315032609282881,49.5055264688772,33.2123882337696,17.8899082568807,5.87023686920699,12.5958378970427,3.420523138833,0.292682926829262,3.42052313883299,12.5958378970427,5.87023686920698,17.8899082568807,20.5611658258026,FALSE,10.298,10.296705,"medium",FALSE,-1.48711188499901,FALSE,"2026-10-06 06:41:00",10.4096604376852,8.63433956231479,9.95,10.42,"","","","","",9,"D","NONE",77,"A","TREND_CONFIRMED",53,"WATCH"
"HBM","Basic Materials","Copper","Canada","Large","Good","No",27.5,27.3,27.75,27.52,27.36,27.59,26.73,27.43,27.409,27.375,27.26,0.88,0.55,"Very Weak","Uptrend","Uptrend","Hold","Neutral",27.26,27.5,"","Moderate reward to risk ratio zone"," + Breakout Signal: above upper bollinger band limit + ","Strong"," + Breakout Signal: above upper bollinger band limit + ",NA,"Lower","Neutral","17.72-36.8","18.57-23.5","False",6.48,1.71,"high","expanding",TRUE,0.843417675100845,0.603621730382291,0.072780203784569,-0.199600798403193,0.109210047324358,27.2225276164604,27.0547374219528,FALSE,"",7,23.15,0,8,0.948234764839235,26.946,26.911,NA,NA,95.0978616777239,65.692189070016,85.1851851851842,100,19.1358024691358,22.2222222222238,100,0.0855569985448002,27.4274,27.4397908333333,27.4888552202458,27.2306447797542,TRUE,FALSE,28.6999513272699,24.8950486727302,10,10,0.0378022944731925,1.25604363200493,TRUE,FALSE,68.9384470212664,52.4700824877678,0.356552598656975,25.9704251386322,-9.28452579034941,-0.583515681983954,2.28893058161352,1.45143282471158,2.17391304347827,0.220588235294126,2.17391304347827,1.45143282471158,2.28893058161352,-0.583515681983959,15.2837727074122,FALSE,27.392,27.35975,"low",FALSE,-0.163710621892175,FALSE,"2026-10-06 05:29:00",28.6999513272699,24.8950486727302,26.73,27.59,"","","","","",50,"C","NONE",46,"C","NONE",43,"AVOID"
"HD","Consumer Cyclical","Home Improvement Retail","United States","Large","Good","Yes",282.8,282.7,283,282.85,283.54,283.54,279.76,282.64,282.874,282.767,281.15,0.59,0.61,"Weak","Mixed trend","Mixed trend","Hold","Oversold",282.49,283.25,"","Excellent reward to risk ratio zone"," + ","Very Strong"," + ",NA,"Neutral","Neutral","228.28-334.02","243.46-340","False",2.51,14.29,"medium","normal",FALSE,-0.0883236177353824,-0.0636087355996914,0.180665273300503,0.53323853537149,0.365546367604795,282.321604039553,281.372622154736,TRUE,"RSER",6,275.26,6,2,0.263769677851405,284.222,297.225,NA,NA,36.9180897756714,52.5471023651366,55.0701754385953,40.7894736842113,-0.795321637426721,-26.315789473683,0,0.0793112350248462,282.400596,281.857424166667,283.163246937279,282.418313062721,FALSE,FALSE,318.472233667867,276.869766332133,0,6.84498792362873,0.168580755476132,6.47816182414339,FALSE,FALSE,9.95453358530929,25.533691098506,-0.981773117900204,-17.5005135127205,-15.6085847215969,-12.4279707210715,-5.40040376850606,-3.01493670012764,-1.17403072164225,-0.601025278416138,-1.17403072164225,-3.01493670012764,-5.40040376850606,-12.4279707210715,15.026005867982,FALSE,282.89112,282.79078,"medium",FALSE,0.2877233313239,FALSE,"2026-10-06 07:09:00",318.472233667867,276.869766332133,279.76,283.54,"","","","Strong fundamentals, below 50/200-day averages","",36,"D","NONE",2,"D","NONE",85,"PASS"
"HOOD","Financial Services","Capital Markets","United States","Large","Moderate","No",115.16,114.8,115.2,115,114.86,115.48,112.6,114.56,115.041,114.868,114.11,0.92,0.82,"Moderate","Uptrend","Mixed trend","Hold","Neutral",114.63,115.2,"","Moderate reward to risk ratio zone"," + Breakout Signal: above upper bollinger band limit + ","Very Strong"," + Breakout Signal: above upper bollinger band limit + ",NA,"Higher","Neutral","63.73-164.49","66.02-96.34","False",7.22,2.27,"medium","normal",TRUE,0.26991728341315,0.313588850174216,0.472349164969731,0.576419213973796,0.91132141605327,114.553294046128,114.189035239964,TRUE,"MomentumPullback",11,95.99,1,9,0.447010058884461,113.979,114.236,NA,NA,97.0319037615226,75.3575029681264,94.8304093567248,92.9824561403499,3.25764603078592,1.47368421052535,86.6666666666645,0.136872612310881,114.67618,114.470941666667,115.104028417515,114.591791582485,TRUE,FALSE,125.696518199805,105.403481800195,10,10,0.0770606093335043,6.01994963143262,FALSE,FALSE,51.9019598302356,51.4274723923512,1.66521572174959,1.91122622130928,5.53038009803015,-6.55146998607813,-7.45336577453366,-2.01786020951399,1.43111111111111,1.21518538229555,1.43111111111112,-2.01786020951399,-7.45336577453366,-6.55146998607813,19.2527192204883,FALSE,115.00832,114.84791,"low",FALSE,-2.51007961448473,FALSE,"2026-10-06 07:15:00",125.696518199805,105.403481800195,112.6,115.48,"","","","","",59,"B","TREND_CONFIRMED",56,"B","RESUMING",25,"AVOID"
"HYG","NA","NA","NA","ETF",NA,"No",77.02,76.93,77.18,77.06,76.89,77.015,76.81,76.99,76.962,76.95,76.98,0.05,-0.02,"-","Uptrend","Mixed trend","Hold","Neutral",76.8,77.02,"","Excellent reward to risk ratio zone"," + Breakout Signal: above upper bollinger band limit + ","Strong"," + Breakout Signal: above upper bollinger band limit + ",NA,"Lower","Lower","70.95-78.89","75.03-77.53","False",0.4,NA,"high","expanding",TRUE,0.286458333333332,0.0324696408857607,0.0454634019614166,0.123496912577184,0.221210149642162,76.7679009761462,76.6633166764978,TRUE,"MomentumPullback",10,76.5,0,8,0.302817835145344,77.025,77.667,NA,NA,82.3424133809671,58.9354809741184,93.3333333333347,100,26.3611111111111,9.99999999999787,100,0.0862586227574266,76.96896,76.9281283333333,77.068861840796,76.8361881592041,FALSE,FALSE,79.06946993263,76.54053006737,10,10,0.0321909741825634,0.306515420897922,TRUE,FALSE,36.9432176806659,25.4731093026089,2.86225680908264,-1.98624904507258,-2.34682227578332,-2.32204035020936,-1.72347759479126,-0.284974093264247,0.143098738129308,0.0910154726303568,0.143098738129299,-0.284974093264245,-1.72347759479126,-2.32204035020936,3.30405324216347,FALSE,76.9331,76.952525,"high",TRUE,0.199723683489,FALSE,"2026-10-06 07:01:00",79.06946993263,76.54053006737,76.81,77.02,"","","","","",79,"A","TREND_CONFIRMED",19,"D","NONE",65,"AVOID"
"IBM","Technology","Information Technology Services","United States","Large","Good","Yes",223.11,222.95,223.25,223.1,222.3,222.88,220.3,222.86,223.067,222.894,221.58,0.69,0.67,"Weak","Mixed trend","Mixed trend","Hold","Neutral",222.6959,223.25,"","Excellent reward to risk ratio zone"," + Breakout Signal: above upper bollinger band limit + ","Very Strong"," + Breakout Signal: above upper bollinger band limit + ",NA,"Neutral","Neutral","108.59-334.57","181.1-255.2","False",3.52,11.25,"medium","normal",FALSE,0.0942126514131933,0.04039998224374,0.735958100054192,0.772357723577239,0.833841773439101,222.563401234777,221.768728731126,TRUE,"RSER",5,210.94,2,6,0.212671986568602,222.794,228.457,NA,NA,58.9208736606301,61.0297470963937,70.396438669316,74.733802562717,7.84047955643873,0,100,0.207548989397817,222.24488,221.496485,223.230555671125,222.756814328875,FALSE,FALSE,249.551466667637,213.514533332363,9.09671052855736,6.22148878477239,0.132745144876934,6.53972785252666,FALSE,TRUE,37.2461016125794,40.6419352088131,-0.919405349964968,-22.3915099295997,-5.98268839103869,-5.66648218314955,-4.46255335661622,0.412380477636301,0.750238712317558,-0.476104922745227,0.750238712317564,0.412380477636298,-4.46255335661622,-5.66648218314955,16.8779767694677,FALSE,223.04076,222.993685,"medium",FALSE,1.36540410798382,FALSE,"2026-10-06 07:12:00",249.551466667637,213.514533332363,220.3,222.88,"","","","Strong fundamentals, below 50/200-day averages","",79,"A","TREND_CONFIRMED",9,"D","EARLY_REVERSAL",65,"AVOID"
"INTC","Technology","Semiconductors","United States","Large",NA,"Yes",116.7474,116.65,116.75,116.7,115.335,118.0583,115.31,116.46,116.779,116.818,116.19,0.48,0.51,"Good","Mixed trend","Mixed trend","Hold","Neutral",116.6701,116.94,"","Low reward High risk zone"," + Breakdown Signal: below lower bollinger band limit + ","Very Strong"," + Breakdown Signal: below lower bollinger band limit + ",NA,"Higher","Neutral","68.5-163.88","41.19-89.65","False",6.16,-2.12,"low","normal",FALSE,-0.129428299887001,-0.0963546123566665,-0.173236425823005,0.263998625901753,0.566284779050733,116.578512631161,116.114203405842,FALSE,"",4,92.94,6,-1,0.144609905498181,118.293,113.024,NA,NA,33.7376827183475,43.7222580196903,28.9911901527315,28.6402371248596,-8.30154772686766,-8.85976287514264,64.4703919933221,0.0289888254394303,116.871556,116.641054166667,116.907477834519,116.738662165481,FALSE,TRUE,132.244503331453,93.0644966685468,0,0,0.0916480502272937,5.99197722990653,FALSE,FALSE,27.4984131836935,56.4893063245908,-4.14794731698181,5.78113619810633,28.9996669257244,21.2839248434238,-4.59024470356381,0.137895371886578,-3.36022623305332,-2.6313584178329,-3.36022623305332,0.137895371886576,-4.59024470356381,21.2839248434238,42.099842652615,FALSE,116.77948,116.82307,"medium",FALSE,-8.60114378124942,FALSE,"2026-10-06 07:06:00",132.244503331453,93.0644966685468,115.31,118.06,"","","","","",13,"D","NONE",73,"A","PULLBACK_ENTRY",75,"PASS"
"IONQ","Technology","Computer Hardware","United States","Large",NA,"No",43.3,43.33,43.37,43.35,43.77,44.22,42.24,43.23,43.297,43.318,42.97,0.77,0.76,"Moderate","Mixed trend","Mixed trend","Hold","Neutral",43.21,43.44,"","Low reward High risk zone"," + Breakout Signal + ","Very Strong"," + Breakout Signal + ",NA,"Neutral","Neutral","23.52-62.42","23.87-38.52","False",8.49,-3.43,"medium","expanding",FALSE,0.101719992602175,-0.138606691405245,-0.184416781927168,0.0231000231000185,0.744532340623547,43.1756459214526,43.0371164078956,TRUE,"MomentumPullback",7,33.07,3,3,0.539230614574131,43.542,42.106,NA,NA,53.1831484615533,46.0850356285898,45.9039548022594,47.6694915254216,-1.04519774011323,10.5932203389809,39.9999999999943,0.0254950975694685,43.352206,43.3000066666667,43.4459386506837,43.2129213493163,FALSE,FALSE,47.2002799712205,34.8387200287795,5.59394412707519,0,0.0344256329808753,2.64524454469655,FALSE,FALSE,23.2957177673095,54.2597222183529,-3.12114289667612,0.256649556696219,-4.21310744538565,8.72975708502023,6.07257467292027,-3.61148497083894,-2.02918376652987,-1.82773589216359,-2.02918376652987,-3.61148497083894,6.07257467292026,8.72975708502024,35.482244847771,FALSE,43.31,43.32943,"medium",FALSE,0.585028669420623,FALSE,"2026-10-06 07:11:00",47.2002799712205,34.8387200287795,42.24,44.22,"","","","","",25,"D","NONE",33,"D","NONE",95,"PASS"
"IQV","Healthcare","Diagnostics & Research","United States","Large","Good","Yes",269.111,260,277.79,268.9,258.51,266.91,258.51,267.1,267.132,266.103,266.09,1.14,0.39,"Very Weak","Uptrend","Mixed trend","Hold","Neutral",264.79,269.111,"","Moderate reward to risk ratio zone"," + Breakout Signal: above upper bollinger band limit + ","Very Strong"," + Breakout Signal: above upper bollinger band limit + ",NA,"Lower","Neutral","203.46-328.72","158.05-245.76","False",3.24,8.05,"high","expanding",TRUE,0.949433565908923,1.31237647058823,1.58965647414119,1.91861235774204,2.21087014318811,264.324442435305,262.066931335778,TRUE,"MomentumPullback",10,245.13,0,8,1.36323275937759,264.61,264.824,NA,NA,96.0743792887135,83.4654045869359,74.2138364779859,100,0.995807127882581,38.6792452830211,100,1.33675510098121,265.17227,264.275986666667,267.70447696206,264.10412303794,TRUE,FALSE,276.582984404497,255.650015595503,10,10,0.473154808689035,7.1316193323704,TRUE,TRUE,57.5294202007359,53.899107438443,8.60887861562089,28.0202068799615,2.41320914479254,-0.627404115472236,-1.40432784941456,-1.80093737314096,-1.02659475543985,3.05177955927346,-1.02659475543986,-1.80093737314095,-1.40432784941457,-0.627404115472241,8.18813515822891,FALSE,266.7222,265.9043,"low",FALSE,0.573234880853374,FALSE,"2026-10-06 07:01:00",276.582984404497,255.650015595503,258.51,266.91,"","","","","",59,"B","TREND_CONFIRMED",70,"A","RSI_DIVERGENCE",45,"AVOID"
"IREN","Financial Services","Capital Markets","Australia","Large",NA,"No",40.74,40.7,40.75,40.73,41.995,42.2,39.965,40.72,40.756,40.78,40.48,0.64,0.68,"Moderate","Mixed trend","Mixed trend","Hold","Neutral",40.7202,40.87,"","Excellent reward to risk ratio zone"," + ","Very Strong"," + ",NA,"Neutral","Neutral","14.25-66.71","26.32-36.71","False",9.76,-2.22,"medium","normal",FALSE,-0.0238038562246965,-0.318081722534856,-0.1470588235294,0.147492625368737,0.221402214022149,40.6882530513097,40.5367575275576,FALSE,"",5,35.22,8,-1,0.489829477622677,41.398,42.763,NA,NA,37.1721920585191,41.5876033521713,26.835781041391,13.2176234979998,3.07817831182366,-34.1789052069438,0,0.0212576574439602,40.799444,40.7451816666667,40.8964231394968,40.6970768605033,FALSE,FALSE,48.9245434420563,38.8029565579437,0,3.47023547151787,0.0319624827393908,2.69701615577369,FALSE,FALSE,27.4161920681429,43.821307605329,-3.05685282528864,-1.60427807486632,-3.34288443170966,-9.40017905102955,-14.2917637095067,-2.97219558964526,-0.978473581213321,-3.06513409961686,-0.978473581213324,-2.97219558964525,-14.2917637095067,-9.40017905102954,26.0845764909644,FALSE,40.75424,40.79675,"low",FALSE,0.357263010752391,FALSE,"2026-10-06 07:09:00",48.9245434420563,38.8029565579437,39.97,42.2,"","","","","",13,"D","NONE",5,"D","NONE",80,"PASS"
"ITUB","Financial Services","Banks - Regional","Brazil","Large","Good","No",9.93,9.89,9.94,9.91,9.83,10.19,9.81,9.9,9.909,9.894,9.92,0.1,-0.11,"Very Weak","Uptrend","Uptrend","Hold","Overbought",9.82,9.9699,"","Low reward High risk zone"," + Upwards Momentum Signal + ","Very Strong"," + Upwards Momentum Signal + ","Upwards Momentum Signal","Lower","Higher","8.63-31.49","6.21-7.88","True",3.42,0.78,"high","expanding",TRUE,0.303030303030297,0.486748499782429,0.404448938321528,-0.10060362173038,-0.451127819548871,9.79208949697185,9.66291633221828,TRUE,"MomentumPullback",10,7.56,2,10,1.61715522395327,8.911,8.379,NA,NA,78.9771687403912,55.4385727467257,85.4406699868681,100,13.3706398433288,9.09090909090894,100,0.0238746727725431,9.896496,9.94325666666667,9.97402932381582,9.81530067618418,FALSE,FALSE,9.15774592168799,7.54785407831201,10,10,0.0282231461374263,0.350453265715526,FALSE,FALSE,95.8272420386477,78.6997128384597,16.4298787463861,15.2014864707932,32.7090301003345,21.7626120044188,17.4381437196638,24.201827970452,16.3363433798522,15.4831199068685,16.3363433798522,24.201827970452,17.4381437196638,21.7626120044188,21.3291331108512,FALSE,9.902,9.894665,"high",FALSE,12.426729056362,TRUE,"2026-10-06 07:00:00",9.15774592168799,7.54785407831201,9.81,10.19,"","","","","Undervalued",50,"C","NONE",80,"A","TREND_CONFIRMED",50,"AVOID"
"IVV","NA","NA","NA","ETF",NA,"No",780.37,780.56,780.61,780.58,773.05,780.02,773.035,779.83,780.189,779.77,778.25,0.27,0.25,"-","Uptrend","Uptrend","Hold","Neutral",779.42,780.37,"","Low reward High risk zone"," + Breakout Signal: above upper bollinger band limit + ","Very Strong"," + Breakout Signal: above upper bollinger band limit + ",NA,"Neutral","Neutral","721.68-834.82","634.87-744.47","False",1.39,NA,"medium","normal",FALSE,0.0551324460855899,0.0461532544454576,0.21703395489804,0.269829236640243,0.177152466655541,779.242096345997,778.321450857631,FALSE,"",9,743.81,1,9,0.127937443028188,772.613,769.324,NA,NA,88.0616873375111,66.8903847433837,100,100,4.14312617702264,0,100,0.219931807615994,778.96788,778.949490833333,780.361549474936,779.364450525064,TRUE,FALSE,780.190949207551,755.116050792449,0,10,0.178120492769343,6.78465736662577,FALSE,FALSE,84.7729357993705,59.6128889236856,4.14654870826132,2.95265434630191,1.45484884433378,0.850082286928682,0.178925417707178,1.21207392090308,1.61911601488542,0.666149269176042,1.61911601488542,1.21207392090308,0.178925417707188,0.850082286928688,3.32066817925367,FALSE,780.148,779.863,"medium",FALSE,0.164459916428032,FALSE,"2026-10-06 07:11:00",780.190949207551,755.116050792449,773.04,780.02,"","","","","",79,"A","TREND_CONFIRMED",93,"A","TREND_CONFIRMED",53,"AVOID"
"IWB","NA","NA","NA","ETF",NA,"No",424.1,423.73,424.99,424.36,420.69,424.16,420.29,423.63,423.79,423.637,423.33,0.18,0.11,"-","Uptrend","Uptrend","Hold","Neutral",423.34,424.11,"","Low reward High risk zone"," + Breakout Signal: above upper bollinger band limit + ","Strong"," + Breakout Signal: above upper bollinger band limit + ","Upwards Momentum Signal","Lower","Neutral","391.98-454.68","347.09-405.25","False",1.34,NA,"high","expanding",FALSE,0.179524731893997,0.179524731893997,0.0283032218500883,0.0790532488525566,0.139311940686178,423.107496892127,421.858929894565,TRUE,"RSER",7,404.98,2,9,0.319812475098387,420.03,418.485,NA,NA,87.8170432112583,58.1710182462341,66.2337662337666,98.7012987012999,22.0779220779222,-1.29870129870005,98.7012987012999,0.416269143704958,423.4869,423.612005,424.301321318843,422.948678681157,FALSE,FALSE,424.073942662969,411.132057337031,10,10,0.232920508453749,3.69999509675953,FALSE,FALSE,85.0966870402847,59.1483149709652,4.60086732236825,2.72257407002984,1.11063341931785,0.67779680365296,0.20119295587956,1.35513683051212,1.73022853435224,0.74248589990719,1.73022853435225,1.35513683051212,0.20119295587957,0.677796803652964,3.14786577572284,FALSE,423.644,423.625,"medium",FALSE,0.094852541641762,FALSE,"2026-10-06 07:10:00",424.073942662969,411.132057337031,420.29,424.16,"","","","","",79,"A","TREND_CONFIRMED",93,"A","TREND_CONFIRMED",70,"AVOID"
"IWM","NA","NA","NA","ETF",NA,"No",283.66,283.65,283.69,283.67,281.95,284.24,280.03,283.59,283.618,283.581,283.38,0.1,0.08,"-","Uptrend","Mixed trend","Hold","Neutral",283.53,283.72,"","Good reward to risk ratio zone"," + Breakout Signal: above upper bollinger band limit + ","Very Strong"," + Breakout Signal: above upper bollinger band limit + ",NA,"Neutral","Neutral","257.53-309.23","245.58-271.9","False",1.84,NA,"low","quiet",FALSE,0.0317381951546468,0.0105771603850191,0.105872388481088,0.0282107341843716,0.169503496009612,283.477876400305,283.196569126935,TRUE,"MomentumPullback",9,272.09,2,9,0.071895789603233,281.319,284.386,NA,NA,75.8322235684318,59.3228676798797,43.8596491228144,68.4210526315868,6.43274853801065,26.3157894736826,100,0.0393700393748626,283.451538,283.585224166667,283.701236352023,283.497413647977,FALSE,FALSE,292.231762048335,276.148237951665,10,10,0.0521474986400945,3.64964705481009,FALSE,FALSE,79.8021093644912,44.4993272163587,4.46396126955239,-4.01056838967551,-5.28110167791965,-4.01707085760737,-0.770362070172977,1.1999142918363,1.97560185684984,0.660699062233594,1.97560185684984,1.1999142918363,-0.770362070172981,-4.01707085760737,5.82423564096216,FALSE,283.6,283.599325,"medium",FALSE,-1.55005561042267,FALSE,"2026-10-06 07:12:00",292.231762048335,276.148237951665,280.03,284.24,"","","","","",79,"A","TREND_CONFIRMED",25,"D","EARLY_REVERSAL",45,"AVOID"
"JAGX","Healthcare","Biotechnology","United States","-",NA,"No",6.64,6.7,6.72,6.71,4.27,6,4.1,5.78,6.358,6.024,4.73,40.38,34.41,"-","Uptrend","Mixed trend","Hold","Neutral",5.77,6.86,"","Excellent reward to risk ratio zone"," + Breakout Signal: above upper bollinger band limit + ","Very Strong"," + Breakout Signal: above upper bollinger band limit + ","Breakdown Signal: below lower bollinger band limit","Neutral","Lower","-32.77-14.81","0.37-45.15","True",19.82,NA,"high","expanding",TRUE,14.878892733564,13.6986301369863,15.2777777777778,13.6986301369863,14.878892733564,5.62306170640973,4.82773514241145,TRUE,"Breakout",12,0.63,2,9,20.2791287820903,4.868,7.163,NA,NA,73.764320743839,72.9346083406369,68.6697530864197,79.6296296296296,1.92970674614359,32.4166666666666,74.1176470588235,0.310921456319745,5.81937,5.80815083333333,6.48780913512207,5.39396086487793,FALSE,FALSE,20.009602973338,-7.28060297333804,6.08460381026776,10,0.169093634218271,3.97908496814772,TRUE,FALSE,47.4904290147165,45.3941375939697,1.47075189491387,-86.3492063492063,-63.6433512682552,-47.1626452189455,77.1535580524345,-21.4285714285714,5.11111111111112,29.2349726775956,5.11111111111111,-21.4285714285714,77.1535580524345,-47.1626452189455,-374.834420261815,FALSE,6.33298,5.940885,"high",TRUE,50.4965231307202,TRUE,"2026-10-06 07:04:00",20.009602973338,-7.28060297333804,4.1,6,"","","","","",70,"A","TREND_CONFIRMED",20,"D","NONE",60,"WATCH"
"JNJ","Healthcare","Drug Manufacturers - General","United States","Large","Good","Yes",253.78,253.7,254.1,253.9,256,256.24,252.51,254.29,253.963,253.954,252.93,0.34,0.41,"Very Weak","Mixed trend","Downtrend","Hold","Oversold",253,254.9,"","Excellent reward to risk ratio zone"," + ","Strong"," + ","Breakdown Signal","Higher","Neutral","216.79-289.07","223.73-247.48","False",1.78,8.63,"high","expanding",FALSE,-0.180931403398367,-0.318158607957894,0.209279368213229,-0.0039402655738961,0.146008444812756,252.73984881862,251.651535502848,FALSE,"",3,250.55,6,1,1.06967471846694,258.947,265.213,NA,NA,28.7152303721361,48.6319559880404,26.0066673080369,4.27350427350519,-13.7287717160345,-33.1326048902404,29.4117647058863,0.308787953133523,253.411624,253.5657925,255.330836775767,252.628533224233,FALSE,FALSE,276.666187502655,256.408812497345,0,0,0.260953228500096,5.03939731402928,FALSE,FALSE,2.73899898734479,29.5706541450016,-3.06958922900708,-1.09103707179728,-5.9425086460154,-8.102314427933,-6.13797454262071,-6.99393270821842,-4.46098058472464,-1.21079560988945,-4.46098058472464,-6.99393270821842,-6.13797454262071,-8.10231442793301,7.90042074139728,FALSE,254,253.979685,"medium",TRUE,2.39002741596895,FALSE,"2026-10-06 07:13:00",276.666187502655,256.408812497345,252.51,256.24,"","","","","",22,"D","NONE",2,"D","NONE",95,"PASS"
"JPM","Financial Services","Banks - Diversified","United States","Large","Good","Yes",332.7984,332.1,333,332.55,331.66,332.09,328.95,332.36,332.526,332.298,330.73,0.63,0.54,"Weak","Mixed trend","Mixed trend","Hold","Neutral",332,333,"","Excellent reward to risk ratio zone"," + Breakout Signal: above upper bollinger band limit + Positive News + ","Very Strong"," + Breakout Signal: above upper bollinger band limit + Positive News + ",NA,"Lower","Neutral","287.9-373.56","288.58-336.36","False",2.39,23.34,"high","expanding",FALSE,0.231424871246587,0.180132450331134,0.0686772709504832,0.288813886210234,0.728956687551085,331.781075777434,330.597050375127,TRUE,"RSER",5,319.74,1,-1,0.370580611159379,331.936,340.145,NA,NA,73.4948053275529,61.1981226751736,63.2800000000013,79.8400000000015,19.4266666666673,-20.1599999999985,77.7237569060783,0.458272530268733,332.269668,331.658111666667,332.859399057418,331.630440942582,FALSE,FALSE,359.918216768863,324.672783231137,9.15993615940652,4.21569985598556,0.219450695756968,6.19295640028765,FALSE,FALSE,31.6152437028761,34.5044408619444,0,-1.21565113500597,-5.45979475745361,-7.32219918175195,-5.58394473150818,-1.25104502567777,0.467814939700483,0,0.467814939700473,-1.25104502567778,-5.58394473150818,-7.32219918175194,10.8556785040509,FALSE,332.40368,332.24492,"medium",TRUE,0.149953548089526,FALSE,"2026-10-06 07:11:00",359.918216768863,324.672783231137,328.95,332.09,"","News Alert","","","",79,"A","TREND_CONFIRMED",4,"D","NONE",75,"PASS"
"KLAC","Technology","Semiconductor Equipment & Materials","United States","Large","Good","Yes",207.52,207.24,207.98,207.61,205.29,206.87,199.6057,207.14,207.391,207.316,206.85,0.32,0.26,"Moderate","Mixed trend","Mixed trend","Hold","Neutral",206.87,207.83,"","Low reward High risk zone"," + Breakout Signal + ","Very Strong"," + Breakout Signal + ",NA,"Neutral","Neutral","137.75-275.95","132.7-159.79","False",5.97,3.66,"medium","normal",FALSE,0.0289212378289802,0.135109052306505,0.241522558206937,0.154440154440165,0.327301383174689,206.619242362448,205.38736224353,TRUE,"MomentumPullback",8,159.56,0,7,0.410441323954221,201.388,190.243,NA,NA,64.2051899922124,54.329874925307,27.6041666666676,51.5625000000008,-6.60995370370334,43.7499999999992,100,0.213420598818692,207.085868,207.175365833333,207.781036611534,206.931703388466,FALSE,FALSE,209.530161197564,161.472838802436,10,7.66017824453356,0.251545535576702,7.6125555904844,FALSE,FALSE,93.4265639050483,67.1916885044028,-0.0492519140959189,-10.5552192337629,12.424588292842,11.4493534482759,12.4368103495135,9.34609081778295,6.11501564664238,-0.0193339455749394,6.11501564664239,9.34609081778295,12.4368103495135,11.4493534482759,29.7618613455641,FALSE,207.39948,207.35637,"medium",FALSE,5.69079117680318,FALSE,"2026-10-06 07:11:00",209.530161197564,161.472838802436,199.61,206.87,"","","","","",72,"A","TREND_CONFIRMED",48,"C","NONE",65,"AVOID"
"KO","Consumer Defensive","Beverages - Non-Alcoholic","United States","Large","Good","Yes",86.63,86.58,86.63,86.6,85.87,86.57,85.13,86.64,86.629,86.615,86.51,0.14,0.14,"Weak","Mixed trend","Mixed trend","Hold","Neutral",86.5,86.8,"","Good reward to risk ratio zone"," + ","Very Strong"," + ",NA,"Neutral","Neutral","74.99-98.03","66.46-83.92","False",1.56,3.33,"medium","normal",FALSE,0.0346420323325648,-0.0576834333179642,0.324261725535612,0.364942362277701,0.359128822984247,86.4486496085819,86.184765898963,TRUE,"Breakout",7,83.94,2,7,0.272813673051817,86.397,87.246,NA,NA,51.2599597024861,52.9229801408534,28.4819599481573,36.0341151385915,0.739777895176725,16.0341151385915,100,0.0141421356161075,86.521646,86.4578883333333,86.7655321098117,86.5294678901883,FALSE,FALSE,89.3089843571019,85.666015642898,10,10,0.0514275654167725,1.23118909118418,FALSE,TRUE,55.093659719836,44.8598331392501,6.48863773636827,4.24147487649116,-4.47217314487632,-1.18789263278126,-0.700183654729109,-0.768524891030055,0.499535315985138,1.00408639813193,0.499535315985145,-0.768524891030054,-0.700183654729114,-1.18789263278126,4.2525249795552,FALSE,86.63,86.6475,"low",TRUE,1.06368706256175,FALSE,"2026-10-06 07:00:00",89.3089843571019,85.666015642898,85.13,86.57,"","","","","",40,"C","NONE",27,"D","NONE",65,"AVOID"
"LHSW","Technology","Software - Infrastructure","China","Nano",NA,"No",0.577,0.57,0.58,0.57,0.463,0.566,0.463,0.56,0.578,0.573,0.547,5.48,5.68,"Moderate","Mixed trend","Mixed trend","Hold","Neutral",0.547,0.586,"","Excellent reward to risk ratio zone"," + ","Very Strong"," + ",NA,"Neutral","Neutral","-4.89-5.99","0.15-1.79","False",19.64,-27.84,"medium","quiet",FALSE,-1.36752136752137,4.71869328493646,6.26151012891343,0.208405696422365,10.8975591005189,0.540375060254375,0.507446982323622,TRUE,"RSER",7,0.25,4,3,7.02643563498341,0.542,0.986,NA,NA,41.1969549248228,54.42036477078,76.4102564102564,76.9230769230769,-7.83475783475785,3.07692307692304,90.9090909090903,0.00505351362914104,0.56298,0.555749166666667,0.592623274653311,0.553716725346688,FALSE,FALSE,1.09191410925352,0.199435890746476,3.8239658912987,10,0.00698828196202129,0.347571798288163,FALSE,TRUE,52.3704897132506,37.4091057131942,1.70670002862379,-84.1449275362319,-78.12,-87.8444444444444,26.3279445727483,-19.5588235294118,6.81507518062879,16.3334751169715,6.81507518062878,-19.5588235294118,26.3279445727483,-87.8444444444444,447.501307395855,FALSE,0.58046,0.57317,"high",TRUE,-300.889911454789,FALSE,"2026-10-06 07:08:00",1.09191410925352,0.199435890746476,0.46,0.57,"","","","","",40,"C","NONE",12,"D","NONE",45,"AVOID"
"LIN","Basic Materials","Specialty Chemicals","United Kingdom","Large","Good","Yes",483.77,482.38,486.5,484.44,480.09,485.935,476.578,483.77,483.104,482.537,482.38,0.29,0.15,"-","Mixed trend","Uptrend","Hold","Neutral",480.865,484.79,"","Low reward High risk zone"," + Breakout Signal: above upper bollinger band limit + ","Strong"," + Breakout Signal: above upper bollinger band limit + ",NA,"Lower","Neutral","418.49-546.27","406.64-468.38","False",1.88,15.58,"medium","expanding",TRUE,0.275681950087054,0.464140716666485,0.282957266197492,0.375549838160844,-0.265946480847734,480.350120595458,478.169302283331,FALSE,"",10,445.96,0,7,0.472356564333494,476.669,472.591,NA,NA,97.0487818632781,70.7774336353753,78.3439490445855,74.0127388535023,1.38516960763086,12.9936305732481,43.3396289301173,0.577207248740428,482.596396,483.213769166667,483.461703386585,481.188776613415,TRUE,FALSE,480.785696313209,454.488303686791,10,10,0.517989892246745,8.34620825253877,FALSE,FALSE,81.5348609195237,58.8837922709295,2.45147538124066,-8.64880219676166,-0.738728728110795,1.00718219318634,5.43825136612022,2.19049233115837,1.62856841883493,0.604821890381242,1.62856841883494,2.19049233115838,5.43825136612022,1.00718219318634,5.78615388186975,TRUE,482.97196,482.32524,"low",FALSE,-0.852052427883524,FALSE,"2026-10-06 06:51:00",480.785696313209,454.488303686791,476.58,485.94,"","","","","",66,"B","TREND_CONFIRMED",56,"B","EARLY_REVERSAL",60,"WATCH"
"LLY","Healthcare","Drug Manufacturers - General","United States","Large","Good","Yes",1149.25,1146.6,1151.35,1148.97,1150.76,1165.73,1139.495,1148.47,1149.704,1148.373,1143.12,0.54,0.58,"Very Weak","Mixed trend","Mixed trend","Hold","Neutral",1142.19,1151.2,"","Good reward to risk ratio zone"," + ","Strong"," + ",NA,"Neutral","Higher","1096.17-1243.1","862.14-1082.61","False",2.61,29.79,"high","normal",FALSE,-0.169388464211262,0.196163905841325,0.536251662117723,0.144650964194537,-0.0408882127049881,1141.22230638132,1139.03400114397,TRUE,"RSER",4,1080.08,5,2,0.57569982999945,1152.416,1160.183,NA,NA,35.3605178229641,56.0604920507368,77.716558321441,53.571428571428,-3.75288480171937,-33.1100364674172,0,0.540999075783075,1146.386322,1148.0660575,1151.34246302446,1144.75212697554,FALSE,FALSE,1194.55449196081,1107.25350803919,0,0,0.973675037664503,31.5066014565485,FALSE,FALSE,14.7371463677569,43.1509910041438,0.102352795670967,-3.68697762200056,-8.94376294408158,-0.542910837335561,-1.86884598545787,-3.51626462296798,-1.206485290559,0.0236251476571713,-1.206485290559,-3.51626462296798,-1.86884598545787,-0.542910837335564,7.88446216587021,FALSE,1149.846,1148.047295,"low",FALSE,0.0191141990120975,FALSE,"2026-10-06 07:11:00",1194.55449196081,1107.25350803919,1139.49,1165.73,"","","","","",47,"C","NONE",11,"D","NONE",85,"PASS"
"LNG","Energy","Oil & Gas Midstream","United States","Large","Good","No",273.99,272,275,273.5,270,276.12,267.86,274.15,274.383,274.636,274.93,-0.34,-0.2,"-","Mixed trend","Mixed trend","Hold","Neutral",273.69,275.4799,"","Low reward High risk zone"," + ","Strong"," + ",NA,"Higher","Neutral","226-322.66","217.26-252.34","False",2.81,13.21,"high","expanding",FALSE,-0.540838006693039,-0.341905212235841,-0.193064257613279,-0.305643488702098,-0.587787090453904,273.446258901936,272.500389090596,FALSE,"",4,253.09,7,0,0.708646847117043,271.889,272.956,NA,NA,7.84844190396703,36.4070309044134,0,0,-26.3337008013747,0,0,0.491273854383162,274.635812,274.8533125,275.600892142494,273.661597857506,FALSE,FALSE,279.501871918027,265.393128081973,0,10,0.24400827015471,7.5856786154937,FALSE,TRUE,72.0365559373579,52.1679170851091,5.62905024221499,6.52898326100435,-0.929696227162979,-5.8458904109589,-0.0181831405920472,1.95809382532914,2.19306397056092,1.84478607149473,2.19306397056092,1.95809382532914,-0.018183140592043,-5.8458904109589,5.3161677312517,FALSE,274.47,274.631245,"low",FALSE,-6.85065443802707,FALSE,"2026-10-06 07:00:00",279.501871918027,265.393128081973,267.86,276.12,"","","","","",9,"D","NONE",51,"C","NONE",63,"WATCH"
"LRCX","Technology","Semiconductor Equipment & Materials","United States","Large","Good","Yes",346.46,345.75,347.55,346.65,346.875,351.365,341.7,346.26,346.466,346.215,345.8,0.19,0.19,"Moderate","Mixed trend","Mixed trend","Hold","Neutral",345,347.6561,"","Low reward High risk zone"," + ","Strong"," + ",NA,"Neutral","Lower","271.16-366.19","214.92-268.94","False",6.27,5.73,"high","expanding",FALSE,0.0519810557930019,0.190861769809129,0.272053716137994,0.340298593915158,0.344657804037419,344.519617411528,342.261773059175,TRUE,"MomentumPullback",5,258.34,4,-1,0.731575490276748,337.336,315.983,NA,NA,49.6452776402818,52.7160373237379,77.9024390243894,71.2195121951206,11.3679624210118,-9.26829268292667,0,0.512181608413907,345.872288,345.09189,347.55423273966,345.03007726034,FALSE,FALSE,355.91224459918,258.40575540082,0,0,0.482415511889551,13.5191769545117,FALSE,FALSE,87.9195743473327,66.6647465573812,-1.0981073883536,-1.18870728083209,10.2432492747155,12.5211505922166,14.5184792687773,9.96279454319966,5.26315789473685,-0.486344930789375,5.26315789473686,9.96279454319966,14.5184792687773,12.5211505922166,37.7338689872112,FALSE,346.474,346.292155,"high",FALSE,6.86527639262141,FALSE,"2026-10-06 07:00:00",355.91224459918,258.40575540082,341.7,351.36,"","","","","",72,"A","TREND_CONFIRMED",50,"C","NONE",80,"PASS"
"LW","Consumer Defensive","Packaged Foods","United States","Mid","Moderate","Yes",45.75,45.3,46,45.65,43.9,45.6,42.99,45.46,45.708,45.513,44.57,2.65,2.55,"Very Weak","Mixed trend","Mixed trend","Hold","Neutral",44.93,45.82,"","Moderate reward to risk ratio zone"," + ","Very Strong"," + ",NA,"Neutral","Neutral","33.78-55.36","32.68-42.25","True",3.04,2.08,"high","normal",FALSE,-0.0436967445925347,-0.10917030567685,2.30322003577818,3.48337480208098,3.02893818263709,44.7707182903926,44.0384210738968,TRUE,"Breakout",6,40.65,5,7,2.41825267874972,43.456,45.641,NA,NA,59.3202489140862,59.3457694700025,92.1794871794874,86.5384615384616,8.27438844680215,-13.4615384615384,0,0.152413910126067,45.189712,44.7170216666667,46.0430739430643,44.9559260569357,FALSE,FALSE,50.3266427713049,40.9573572286951,0,10,0.162188698298173,1.64106973042315,FALSE,FALSE,73.4445635961411,41.4814430193461,5.05872623105193,-3.33983951420516,-16.9709388971684,-10.6276318427913,-5.75174455487418,3.21908290875405,6.90813144639003,2.22477064220183,6.90813144639002,3.21908290875406,-5.75174455487418,-10.6276318427913,22.8757082403882,FALSE,45.664,45.4995,"medium",FALSE,-2.5355862696523,TRUE,"2026-10-06 07:09:00",50.3266427713049,40.9573572286951,42.99,45.6,"","","Earnings Alert","Strong fundamentals, below 50/200-day averages","",43,"C","NONE",25,"D","EARLY_REVERSAL",60,"WATCH"
"MA","Financial Services","Credit Services","United States","Large","Good","Yes",564.59,563.15,565,564.08,552.04,565.87,551.15,565.31,565.177,564.86,564.59,0,0.1,"Very Weak","Mixed trend","Mixed trend","Hold","Neutral",563.5,565.99,"","Low reward High risk zone"," + ","Very Strong"," + ",NA,"Higher","Neutral","489.58-639.6","478.87-536.06","False",2.07,18.59,"high","expanding",FALSE,0,0.117035802315905,-0.0911335061625691,-0.126480395538677,-0.0132822115767635,562.978721921567,560.512415148781,FALSE,"",5,536.26,5,0,0.502675029087976,558.526,564.267,NA,NA,26.0021102255983,47.322780869751,74.6987951807232,43.7751004016075,-3.36897136717913,-36.5461847389544,0,0.533638454385259,564.97065,564.9831325,565.958852290152,563.128147709848,FALSE,FALSE,578.26975687781,550.40124312219,0,10,0.522286406925555,9.67172373441132,FALSE,TRUE,72.5478162717171,49.4709911963074,10.5955127195542,7.18570831909481,-2.76251657682172,-2.52412769116555,-0.539064564432299,-0.645831133636005,2.3790958710356,2.23264404447181,2.3790958710356,-0.645831133635999,-0.539064564432301,-2.52412769116556,5.06330865052816,FALSE,565.482,564.5435,"low",TRUE,-1.19414557228217,FALSE,"2026-10-06 05:21:00",578.26975687781,550.40124312219,551.15,565.87,"","","","","",21,"D","NONE",57,"B","RSI_DIVERGENCE",70,"PASS"
"MCD","Consumer Cyclical","Restaurants","United States","ETF",NA,"Yes",233.85,233.8,233.9,233.85,231.9,233.08,229.2,234.03,233.901,233.945,233.04,0.35,0.37,"-","Mixed trend","Mixed trend","Hold","Oversold",233.8,234.1551,"","Excellent reward to risk ratio zone"," + Breakdown Signal: below lower bollinger band limit + ","Very Strong"," + Breakdown Signal: below lower bollinger band limit + ",NA,"Neutral","Neutral","184.47-243.97","206.12-288.37","False",1.98,NA,"low","normal",FALSE,-0.0213766566908984,-0.0641025641025665,-0.22612850925847,0.263252671114238,0.40790038643194,233.705952574991,233.161692496524,FALSE,"",3,227.89,7,-1,0.151073239030277,233.166,242.434,NA,NA,29.1656232713397,45.2063000601494,43.8666666666601,19.9999999999932,-0.0444444444459187,-24.0000000000009,0,0.0434879293658705,234.02652,233.5233425,234.106274216781,233.753135783219,FALSE,FALSE,262.637716959867,224.939283040133,0,10,0.0940675378034727,4.44396157027534,FALSE,TRUE,47.4140532020721,26.9362599982644,2.92115418410671,-14.5309176263478,-13.3809099018733,-8.85838319840432,-5.98676779086655,-0.239726027397261,0.909327097947516,0.495924791927209,0.90932709794751,-0.239726027397258,-5.98676779086655,-8.85838319840432,16.7593820920141,FALSE,233.9118,233.929705,"high",FALSE,0.37980959886371,FALSE,"2026-10-06 07:14:00",262.637716959867,224.939283040133,229.2,233.08,"","","","","",21,"D","NONE",12,"D","NONE",85,"PASS"
"MDT","Healthcare","Medical Devices","Ireland","Large","Good","Yes",88.05,87.9,88.99,88.44,86.33,88.12,85.5276,88.08,88.061,88.053,87.97,0.09,0.1,"Very Weak","Mixed trend","Mixed trend","Hold","Neutral",87.72,88.45,"","Good reward to risk ratio zone"," + ","Strong"," + ",NA,"Higher","Neutral","73.55-102.39","73.54-87.11","True",2.2,4.07,"high","expanding",FALSE,0.0568181818181786,-0.0223686466514593,0.0915089889109301,0.113700966458208,0.0625035513381358,87.5922236328617,87.0429416849252,FALSE,"",3,83.67,4,4,0.571427469179565,87.348,89.02,NA,NA,43.054861269504,50.3241659636556,19.4444444444434,16.6666666666662,0.526094276094017,-4.1666666666658,0,0.0100000000062998,87.980384,87.97424,88.3269132495473,87.8250567504527,FALSE,FALSE,94.4397706298566,85.2902293701434,0,10,0.128257057985974,2.09459484346236,FALSE,TRUE,67.0223491100815,45.0279787168054,7.58998552665638,5.53023032629558,-5.18430696270748,-6.01495726495726,-3.53108893519026,-1.70949720670391,1.9469231660679,1.8407038666358,1.9469231660679,-1.70949720670391,-3.53108893519026,-6.01495726495727,10.7275374064314,FALSE,88.06,88.075985,"medium",TRUE,1.03800646198381,TRUE,"2026-10-06 05:56:00",94.4397706298566,85.2902293701434,85.53,88.12,"","","","Strong fundamentals, below 50/200-day averages","",40,"C","NONE",49,"C","RSI_DIVERGENCE",85,"PASS"
"MELI","Consumer Cyclical","Internet Retail","Uruguay","Large","Good","No",1872.49,1870,1875,1872.5,1774,1871.67,1769.76,1876.65,1878.15,1875.179,1860.61,0.64,0.94,"Very Weak","Mixed trend","Uptrend","Hold","Neutral",1860.53,1888.26,"","Low reward High risk zone"," + ","Very Strong"," + ","Upwards Momentum Signal","Neutral","Neutral","1372.45-2348.77","1334.73-1622.27","True",3.76,40.33,"high","expanding",FALSE,-0.821504237288135,-0.345930526506261,0.455472103004292,0.590384098845018,0.0914057238157366,1857.10102003786,1843.93415684374,FALSE,"",4,1622.14,6,2,1.60746436971224,1762.775,1798.183,NA,NA,19.8087680415571,48.7512258548204,52.9793694547336,20.1923076923077,-10.2922877551817,-37.7024291497978,0,4.19690719457506,1867.79867,1865.30801416667,1889.08447691044,1859.19852308956,FALSE,FALSE,1956.93187159495,1657.95212840505,0,10,3.45102239110066,63.8336111545694,FALSE,TRUE,85.7312983333392,55.1078076644005,21.6203774371293,0.452969949574018,-3.23082284044042,-5.95189955316525,2.20492510175943,8.65446943197014,7.64117487113327,9.66956665252039,7.64117487113327,8.65446943197015,2.20492510175943,-5.95189955316525,18.0330745422378,FALSE,1879.746,1874.1415,"medium",FALSE,-2.84181232745783,TRUE,"2026-10-06 07:00:00",1956.93187159495,1657.95212840505,1769.76,1871.67,"","","","","",26,"D","NONE",60,"B","NONE",70,"PASS"
"MERC","Basic Materials","Paper & Paper Products","Canada","-",NA,"No",0.2597,0.25,0.25,0.25,0.2501,0.2549,0.24,0.26,0.257,0.253,0.247,5.14,4.25,"-","Mixed trend","Downtrend","Hold","Oversold",0.24,0.26,"","Excellent reward to risk ratio zone"," + ","Strong"," + ","Breakdown Signal: below lower bollinger band limit","Higher","Neutral","-0.24-0.39","0.03-0.62","False",9.13,NA,"high","expanding",TRUE,1.84313725490195,4.04647435897436,2.68880980624752,3.58994814519346,7.71464122770634,0.237019842636,0.223178974388299,FALSE,"",6,0.2,2,7,8.57097057688127,0.282,0.337,NA,NA,70.1720566322637,59.37644105316,98.4999999999999,98.4999999999999,5.05555555555552,0,69.9999999999978,0.00549108368175147,0.252082,0.2497025,0.261876730624332,0.241203269375668,FALSE,FALSE,0.428323493571399,0.256206506428601,0,1.21288919502211,0.00322477861429462,0.0365476647353901,FALSE,FALSE,9.23764911618073,21.2012417383474,-1.0501551133607,-61.502493765586,-41.9506462984724,-34.5348529021998,-27.8832116788321,-22.3270440251572,-20.4252577319588,-3.85363954846244,-20.4252577319588,-22.3270440251572,-27.8832116788321,-34.5348529021998,67.1790070994013,FALSE,0.25732,0.25154,"high",TRUE,17.0329611555338,FALSE,"2026-10-06 05:15:00",0.428323493571399,0.256206506428601,0.24,0.25,"","","","","",79,"A","TREND_CONFIRMED",2,"D","NONE",95,"PASS"
"META","Communication Services","Internet Content & Information","United States","Large","Good","Yes",744.93,744.39,744.89,744.64,727.71,746.7,727.12,746.37,744.897,745.271,741.9,0.41,0.4,"Moderate","Mixed trend","Mixed trend","Hold","Neutral",744.11,746.5376,"","Low reward High risk zone"," + Positive News + ","Very Strong"," + Positive News + ",NA,"Neutral","Neutral","541.21-942.59","516.89-597.6","False",3.7,26.54,"high","normal",FALSE,-0.0630533941507952,-0.0469622155431546,-0.127366332385913,-0.381128139292308,0.275953047598529,743.642252747415,741.619296873651,FALSE,"",4,612.94,4,-1,0.330298076292191,733.541,701.167,NA,NA,53.7047281636835,43.7161963474625,28.5737260746686,37.3610351740451,3.464163479618,-2.73373428103059,93.1818181818114,0.199749843555131,745.952416,745.6790075,746.614322116892,744.156387883108,FALSE,FALSE,792.882034950652,610.999965049348,8.81142017388289,10,0.46826270426151,25.0092221994022,FALSE,TRUE,67.7617068989756,64.0055790584181,2.46704281929951,10.9499312077526,35.0210202558829,20.3835918738236,0.0883648456313328,3.67234006875157,2.30563446316777,1.89814306120206,2.30563446316776,3.67234006875157,0.088364845631328,20.3835918738236,29.7679345835338,FALSE,744.76,745.385355,"high",FALSE,-6.183889382193,FALSE,"2026-10-06 07:08:00",792.882034950652,610.999965049348,727.12,746.7,"","News Alert","","","",9,"D","NONE",93,"A","TREND_CONFIRMED",50,"AVOID"
"MI","Consumer Cyclical","Internet Retail","Hong Kong","Nano",NA,"No",4.16,4.15,4.21,4.18,2.99,10.42,2.02,4.24,4.195,4.195,7,-40.57,-40.07,"Moderate","Mixed trend","Uptrend","Hold","Neutral",4.14,4.27,"","Low reward High risk zone"," + ","Very Strong"," + ","Upwards Momentum Signal","Higher","Neutral","-4.4-18.4","0.24-23.47","True",10.99,-2.24,"low","normal",FALSE,-0.239808153477213,-2.11764705882353,-0.715990453460626,-1.88679245283019,-4.02141060840273,4.10524794129615,3.91134921027688,FALSE,"",5,0.65,8,-1,4.02799604107992,3.33,2.775,NA,NA,31.4608805098911,45.2258724561057,55.5555555555557,8.33333333333321,12.5356125356125,-75.0000000000004,0,0.046690470119638,4.203346,4.24453166666667,4.27221065609401,4.10678934390599,FALSE,FALSE,4.69623455613996,-0.0133345561399563,0,10,0.0349199430454133,1.06069724308841,FALSE,TRUE,90.6913418934256,72.6398303766032,52.4961010959312,-23.9130434782609,133.333333333333,195.35864978903,184.552845528455,195.35864978903,224.074074074074,682.997762863535,224.074074074074,195.35864978903,184.552845528455,195.35864978903,-35318.5292622373,TRUE,4.194,4.1895,"high",TRUE,177.837184303044,TRUE,"2026-10-06 07:00:00",4.69623455613996,-0.0133345561399563,2.02,10.42,"","","","","",17,"D","NONE",52,"C","NONE",73,"PASS"
"MPWR","Technology","Semiconductors","United States","Large","Good","Yes",1484.36,1480,1497.8,1488.9,1444.412,1482.97,1432.38,1487.46,1486.583,1482.402,1479.89,0.3,0.45,"Very Weak","Mixed trend","Uptrend","Hold","Neutral",1474.91,1499.9882,"","Low reward High risk zone"," + ","Very Strong"," + ",NA,"Neutral","Neutral","1022.06-1937.72","914.73-1090.58","False",5.29,16.44,"high","expanding",FALSE,0.0235847467335065,0.302049476650278,0.763006408167699,1.40109983946443,1.98825426980825,1470.51159277073,1446.62728091807,FALSE,"",8,1103.36,1,6,1.48074976159571,1412.874,1327.84,NA,NA,42.2370683689372,54.0733590131685,53.7462152352528,29.2463849476183,-5.57697768315719,-2.7458758105218,2.49560150235126,6.92191634217394,1475.212564,1465.03556833333,1492.6538910978,1470.8739289022,FALSE,FALSE,1492.75095301956,1075.80704698044,0.748056524016332,10,4.42658857478269,54.3566829872492,FALSE,FALSE,94.2490245210062,69.6120131714221,3.00965423214087,9.56142558893644,12.5956753960163,21.0989730371098,15.9970214767205,9.68566790936919,9.84768634669913,2.78941190362082,9.84768634669912,9.6856679093692,15.9970214767205,21.0989730371098,38.75638361074,FALSE,1488.21764,1481.76391,"high",FALSE,5.86248661807547,FALSE,"2026-10-06 07:02:00",1492.75095301956,1075.80704698044,1432.38,1482.97,"","","","","",72,"A","TREND_CONFIRMED",93,"A","TREND_CONFIRMED",85,"PASS"
"MRK","Healthcare","Drug Manufacturers - General","United States","Large","Moderate","Yes",140.02,139.54,140.87,140.2,143.67,144.06,138.8,140.11,139.968,139.872,139.54,0.34,0.31,"Very Weak","Mixed trend","Mixed trend","Hold","Neutral",139.56,140.4,"","Excellent reward to risk ratio zone"," + Breakout Signal + ","Strong"," + Breakout Signal + ","Breakdown Signal","Neutral","Neutral","106.79-172.29","109.49-135.31","False",2.4,1.26,"high","expanding",FALSE,-0.270655270655267,0.32960733734595,0.232649701134627,0.0142857142857216,0.18603319977105,139.406666522954,138.646419318615,TRUE,"MomentumPullback",7,136.28,3,4,0.735020298046636,143.62,145.719,NA,NA,57.2864741395708,54.8168752255169,37.0476190476183,54.7619047619055,-16.6190476190477,26.5714285714308,100,0.241910462775594,139.73065,139.804669166667,140.35955678475,139.33541321525,FALSE,FALSE,151.778321791308,140.631678208692,10,0,0.153838875437003,3.51164175945809,TRUE,FALSE,8.44118864248847,38.0840477197956,-8.86219605091205,13.6134180100961,-7.98549291130894,-6.63098026095684,-6.66220735785954,-6.1537426861255,-3.97082100337211,-3.29868329868331,-3.9708210033721,-6.1537426861255,-6.66220735785954,-6.63098026095684,7.9261256955746,FALSE,140.01672,139.847485,"low",TRUE,0.701292466828068,FALSE,"2026-10-06 07:12:00",151.778321791308,140.631678208692,138.8,144.06,"","","","","",40,"C","NONE",10,"D","NONE",65,"AVOID"
"MRNA","Healthcare","Biotechnology","United States","Large",NA,"Yes",203.562,203.35,203.7,203.52,191.41,205.77,185.9,204.03,203.245,203.142,203.21,0.17,0.02,"Moderate","Uptrend","Uptrend","Hold","Neutral",202.32,204,"","Low reward High risk zone"," + Breakout Signal + ","Very Strong"," + Breakout Signal + ",NA,"Neutral","Neutral","70.01-329.92","45.97-121.48","False",6.34,-7.98,"medium","normal",FALSE,0.178149606299224,-0.16576753310446,0.773267326732679,-0.536499560246255,-0.214705882352935,201.979321215374,200.31558125341,FALSE,"",7,130.77,1,8,1.04183970747633,195.34,174.579,NA,NA,77.0319620436241,55.4802158278789,55.2956349206353,73.9285714285722,2.90079365079369,18.5714285714292,90.2172349302282,0.250201664679251,202.88628,203.916493333333,204.404740908977,202.297129091023,FALSE,FALSE,220.982377279626,120.167622720374,10,10,0.342770140153983,13.8786648354214,FALSE,TRUE,76.7435448462573,70.6949173885364,4.47342799737018,197.65636443533,40.0192930476125,39.6152524905531,17.5031802937435,3.0058799675588,5.52526354053072,6.94700278932689,5.52526354053073,3.00587996755881,17.5031802937435,39.6152524905531,83.8951060834775,FALSE,203.17104,203.350935,"high",FALSE,0.749094225421338,FALSE,"2026-10-06 07:10:00",220.982377279626,120.167622720374,185.9,205.77,"","","","","",43,"C","NONE",84,"A","TREND_CONFIRMED",53,"AVOID"
"MSFT","Technology","Software - Infrastructure","United States","Large","Good","Yes",528.48,528.69,529,528.84,521.62,532.35,521.47,528.03,528.448,528.45,525.18,0.63,0.62,"Moderate","Mixed trend","Uptrend","Hold","Neutral",528.13,528.82,"","Low reward High risk zone"," + Breakout Signal: above upper bollinger band limit + ","Very Strong"," + Breakout Signal: above upper bollinger band limit + ","Breakout Signal: above upper bollinger band limit","Neutral","Higher","476.54-709.32","366-475.07","False",2.81,18.22,"low","quiet",FALSE,-0.00567633535788778,-0.00567633535788778,0.0871179122003023,0.0283913463176381,0.603453199063424,527.945862259369,526.998611205316,TRUE,"MomentumPullback",7,471.93,4,5,0.0949652070417229,516.834,505.404,NA,NA,54.8579144663312,52.0587923979385,30.0223871803942,50.7246376811587,4.20822294945675,33.3333333333333,74.4680851063835,0.105688220590863,528.209036,527.808920833333,528.769925520801,528.268254479199,FALSE,FALSE,522.91422676153,482.97777323847,10,10,0.184259771587661,11.8132155153024,TRUE,FALSE,90.9746482754546,66.2480664660926,3.54752042261472,36.6304178157032,8.67891730816984,5.09905943566139,4.69886963975996,3.13420525509601,2.39422889452134,1.47817517825053,2.39422889452134,3.13420525509602,4.69886963975996,5.09905943566138,8.26879739315481,FALSE,528.432,528.51909,"medium",FALSE,1.94319431593361,FALSE,"2026-10-06 07:01:00",522.91422676153,482.97777323847,521.47,532.35,"","","","","",36,"D","NONE",93,"A","TREND_CONFIRMED",70,"PASS"
"MSTR","Technology","Software - Application","United States","-",NA,"No",165.86,165.81,166.1,165.95,164.68,166.2,160.12,165.42,166.03,166.049,164.43,0.87,0.97,"-","Mixed trend","Uptrend","Hold","Neutral",165.86,166.35,"","Low reward High risk zone"," + Breakdown Signal + Positive News + ","Very Strong"," + Breakdown Signal + Positive News + ",NA,"Neutral","Neutral","94.41-234.45","95.02-131.18","False",7.09,NA,"low","normal",FALSE,-0.228525161528605,-0.0674812618995944,0.138863732415636,0.163053324476122,0.70431086824531,165.702757731702,164.824329320284,FALSE,"",6,120.2,8,1,0.27590379717246,160.279,149.876,NA,NA,21.0975796391412,44.0451630762507,32.3564301165299,0,-7.2269873404747,-59.6608750261665,0,0.107741022827804,165.901208,165.606349166667,166.30129456792,165.84372543208,FALSE,FALSE,178.731231036396,118.841768963604,0,10,0.157242268297721,9.10670628628842,FALSE,TRUE,80.0954091330952,64.9795983817605,2.36146997045006,73.7426035502959,37.8867924528302,15.1470588235294,-2.41543026706231,4.63917525773197,7.40740740740741,2.76232735454035,7.40740740740742,4.63917525773196,-2.41543026706231,15.1470588235294,50.3942869540537,FALSE,166.03166,166.07251,"medium",FALSE,-0.658881174524737,FALSE,"2026-10-06 07:10:00",178.731231036396,118.841768963604,160.12,166.2,"","News Alert","","","",18,"D","NONE",85,"A","PULLBACK_ENTRY",80,"PASS"
"MSTZ","NA","NA","NA","ETF",NA,"No",2.3097,2.3,2.31,2.3,2.35,2.49,2.3,2.32,2.309,2.31,2.35,-1.71,-1.75,"-","Mixed trend","Mixed trend","Hold","Neutral",2.3,2.31,"","Excellent reward to risk ratio zone"," + ","Very Strong"," + ",NA,"Lower","Neutral","-11.79-5.74","1.66-6.45","False",15.88,NA,"low","quiet",FALSE,0,0,-0.443965517241378,-1.08351177730193,-2.95378151260504,2.29631628704461,2.27823535653451,FALSE,"",6,1.92,1,-1,0.548393152981554,2.496,3.403,NA,NA,58.4346992562555,48.1793675649268,97.9898989898978,96.9696969696951,10.6632996632992,-0.0303030303031164,0,0.00436291187168105,2.314954,2.32413833333333,2.31500805247785,2.30238194752215,FALSE,FALSE,5.04961841269681,1.40288158730319,6.67474138697532,0,0.00369924861438043,0.561499491316182,FALSE,FALSE,19.1222446348998,31.6137555663623,-0.941539208313429,-81.2375249500998,-63.7904468412943,-36.9127516778523,2.62008733624454,-9.61538461538461,-14.2335766423358,-5.62248995983936,-14.2335766423358,-9.61538461538461,2.62008733624455,-36.9127516778523,259.946160702263,FALSE,2.3079,2.308695,"high",FALSE,1.35403306447203,FALSE,"2026-10-06 07:08:00",5.04961841269681,1.40288158730319,2.3,2.49,"","","","","",17,"D","NONE",2,"D","NONE",80,"PASS"
"MU","Technology","Semiconductors","United States","Large","Good","Yes",1059.155,1059.01,1060,1059.51,1069.68,1074.88,1055.56,1058.62,1059.954,1060.664,1063.96,-0.45,-0.38,"Good","Downtrend","Mixed trend","Hold","Neutral",1059.155,1062,"","Low reward High risk zone"," + Breakdown Signal: below lower bollinger band limit + ","Very Strong"," + Breakdown Signal: below lower bollinger band limit + ",NA,"Neutral","Neutral","610.81-1517.11","331.42-864.81","False",7.01,74.33,"medium","normal",FALSE,-0.173892554194159,-0.19270637014701,-0.136243635677912,0.208619139978232,0.203878902554397,1058.69436978172,1056.65501031597,TRUE,"MeanReversion",5,865.84,9,2,0.253795178164405,1071.192,1035.136,NA,NA,1.1951015012946,30.2677969588569,0,0,-1.4492753623196,0,0,0.572498908271467,1060.454728,1058.61112833333,1062.33042401642,1059.64110598358,FALSE,FALSE,1143.67185516917,911.068144830827,0,0,0.460630218284312,44.545224839583,FALSE,TRUE,39.3095298399615,57.2567763748525,-2.00750157465579,8.64495047482897,10.0519249467304,4.6596956491801,1.91578221387793,0.946887037704702,-0.10797006881917,-1.01684823563342,-0.107970068819174,0.946887037704691,1.91578221387794,4.6596956491801,25.5308795130289,FALSE,1060.051,1060.985765,"medium",FALSE,0.233459897867942,FALSE,"2026-10-06 07:00:00",1143.67185516917,911.068144830827,1055.56,1074.88,"Good Fundamentals & Health","","","","",13,"D","NONE",81,"A","TREND_CONFIRMED",83,"PASS"
"NBIS","Communication Services","Internet Content & Information","Netherlands","Large","Moderate","No",235.23,235.25,235.3,235.28,244.1,244.49,230.51,234.84,235.024,235.148,232.57,1.14,1.06,"Moderate","Uptrend","Mixed trend","Hold","Neutral",234.76,235.66,"","Moderate reward to risk ratio zone"," + Breakout Signal + ","Very Strong"," + Breakout Signal + ",NA,"Neutral","Neutral","57.03-408.11","74.5-189.91","False",9.43,1.23,"medium","normal",FALSE,0.167520735694515,0,-0.0934380972605644,0.221549997869704,0.551853260892795,234.568818172846,233.665940010734,TRUE,"MomentumPullback",8,185.7,4,8,0.479245803763906,235.557,230.071,NA,NA,78.8435828388796,51.3873399794782,27.1459694989107,55.2941176470572,2.63260711692053,44.7058823529394,100,0.146266954576715,235.290706,234.847328333333,235.778880465897,234.654309534103,FALSE,FALSE,251.988363953666,207.658136046334,10,0,0.191564581706551,15.9237934456188,TRUE,FALSE,40.4519307993822,52.0866618270967,-5.06098296019979,5.88208513544274,6.13334550266965,2.72980255311631,-0.0987972508591143,0.297567707434879,-1.40325589282686,-4.21728923849924,-1.40325589282686,0.297567707434876,-0.0987972508591173,2.7298025531163,21.3476961468251,FALSE,234.98862,235.216595,"low",FALSE,-2.79992370350343,FALSE,"2026-10-06 07:11:00",251.988363953666,207.658136046334,230.51,244.49,"","","","","",31,"D","NONE",66,"B","PULLBACK_ENTRY",50,"AVOID"
"NEOG","Healthcare","Diagnostics & Research","United States","Mid",NA,"No",12.98,12.98,13.1,13.04,12.02,13.06,11.98,13.13,13.091,13.083,13.01,-0.23,0.62,"Very Weak","Mixed trend","Mixed trend","Hold","Neutral",12.76,13.23,"","Moderate reward to risk ratio zone"," + ","Very Strong"," + ",NA,"Higher","Neutral","8.66-17.36","8.38-11.07","False",4.29,-0.04,"high","expanding",FALSE,-0.875169917370514,-1.14242193450115,0.154320987654318,0.464396284829725,1.60469667318982,12.6983955875168,12.4954998382935,FALSE,"",3,11.21,7,0,3.55841913085401,12.746,12.705,NA,NA,17.5948084692452,43.9022618953077,46.9696969696969,0,-13.2118847336239,-40.9090909090907,0,0.105240828579048,13.022442,12.9458925,13.3117353733288,12.8543246266712,FALSE,FALSE,14.2619691612097,11.2545308387903,0,10,0.062666557526002,0.571716356714876,FALSE,TRUE,63.6837029294642,56.0430901565972,11.219124090563,35.2390852390852,8.87029288702929,9.97464074387151,-4.40852314474651,-5.17492711370263,1.64062499999999,7.07818930041152,1.640625,-5.17492711370263,-4.40852314474651,9.97464074387151,26.7220230278626,FALSE,13.12792,13.08303,"medium",FALSE,-2.40204341928919,FALSE,"2026-10-06 07:00:00",14.2619691612097,11.2545308387903,11.98,13.06,"","","Earnings Alert","","",18,"D","NONE",80,"A","RSI_DIVERGENCE",70,"PASS"
"NFLX","Communication Services","Entertainment","United States","Large","Good","Yes",67.6966,67.65,67.7,67.68,67.05,67.5,66.54,67.77,67.675,67.677,67.5,0.29,0.26,"Weak","Uptrend","Mixed trend","Hold","Neutral",67.51,67.78,"","Excellent reward to risk ratio zone"," + Breakout Signal + ","Very Strong"," + Breakout Signal + ",NA,"Neutral","Neutral","49.4-85.6","56.69-80.73","False",3.52,3.18,"medium","expanding",FALSE,0.0955169150697875,0.0245271867612246,-0.0128498064405451,-0.196668140940579,0.246705168073453,67.4724760747888,67.3407353020416,TRUE,"Breakout",9,65.53,3,9,0.361830217582195,68.322,72.153,NA,NA,84.4015400981624,51.0467259888982,85.100000000001,93.3000000000046,11.3888888888896,3.30000000000315,91.9621749408998,0.0295755304309107,67.734984,67.7019866666667,67.7981448772068,67.5537151227932,FALSE,FALSE,80.6607301456582,65.2597698543418,10,10,0.0376276426522236,1.90494873993459,FALSE,FALSE,26.7418735431875,32.7860637552125,1.72922012377003,-8.00054518195448,-15.1903505465511,-13.7380191693291,-7.98800436205016,-2.4989166546295,-2.9893647599885,0.656128839844912,-2.9893647599885,-2.4989166546295,-7.98800436205016,-13.7380191693291,23.59947073931,FALSE,67.67132,67.67593,"medium",FALSE,-0.894829275816157,FALSE,"2026-10-06 07:08:00",80.6607301456582,65.2597698543418,66.54,67.5,"","","","","",41,"C","EARLY_REVERSAL",10,"D","NONE",55,"AVOID"
"NKE","Consumer Cyclical","Footwear & Accessories","United States","Large","Good","Yes",33.6285,33.62,33.64,33.63,33.82,34.12,32.76,33.56,33.62,33.619,33.96,-0.98,-1,"Weak","Uptrend","Mixed trend","Hold","Neutral",33.5724,33.6796,"","Good reward to risk ratio zone"," + Breakout Signal + ","Very Strong"," + Breakout Signal + ","Breakdown Signal: below lower bollinger band limit","Neutral","Neutral","25.29-35.37","26.61-43.34","False",3.12,2.08,"medium","quiet",FALSE,0.0550431419220561,0.0252825698988848,-0.00446030330062461,0.26386404293382,0.443548387096791,33.5538704596158,33.4708105641106,TRUE,"MomentumPullback",7,32.19,3,9,0.280184998308054,34.664,36.08,NA,NA,79.0830087406025,53.6906671774808,54.1663461045278,72.2938144329936,7.40039065839195,26.491575627027,85.0000000000071,0.0111186779790797,33.598212,33.56562,33.67863441523,33.58453558477,FALSE,FALSE,38.0122286238768,34.0267713761232,10,6.05928393311101,0.0185605035329501,1.1535012177604,FALSE,FALSE,13.2263460528612,29.4074500209333,0.927245329996609,-22.6423690205011,-15.7946937763451,-11.5625,-5.92797783933518,-6.67765869744435,-4.06779661016949,0.265721877767946,-4.06779661016948,-6.67765869744436,-5.92797783933519,-11.5625,11.7127105704489,FALSE,33.616,33.631585,"medium",TRUE,-0.0460921879803404,FALSE,"2026-10-06 07:08:00",38.0122286238768,34.0267713761232,32.76,34.12,"","","","Strong fundamentals, below 50/200-day averages","",42,"C","NONE",7,"D","NONE",55,"AVOID"
"NOK","Technology","Communication Equipment","Finland","-",NA,"No",10.3,10.29,10.3,10.3,10.445,10.52,10.19,10.35,10.3,10.319,10.2,0.98,0.98,"-","Mixed trend","Mixed trend","Hold","Neutral",10.29,10.34,"","Good reward to risk ratio zone"," + ","Very Strong"," + ",NA,"Neutral","Neutral","8.91-11.61","7.21-10.35","False",5.52,NA,"high","normal",FALSE,-0.0969932104752647,-0.386847195357825,-0.587786775280141,-0.866217516843117,-0.577231220679928,10.2807257345352,10.2422372155975,TRUE,"MeanReversion",8,9.14,4,1,0.718304023950417,10.343,10.372,NA,NA,50.7632095969804,32.4081055779156,6.66666666666761,20.0000000000028,-6.1111111111108,20.0000000000028,50.5050505050583,0.0100000000000017,10.345094,10.3567358333333,10.3590845224086,10.2852054775914,FALSE,FALSE,11.1831221083908,9.72387789160918,10,0,0.0092832783563836,0.454271076341253,FALSE,FALSE,37.3007869903479,47.5674741936144,-5.5359811448102,-17.741935483871,-0.0979431929481054,1.69491525423729,-6.76416819012797,0.790513833992096,0.591715976331348,-3.77358490566038,0.591715976331342,0.79051383399209,-6.76416819012797,1.69491525423728,15.0068134652415,FALSE,10.3,10.322145,"low",FALSE,-2.20662805741037,FALSE,"2026-10-06 07:08:00",11.1831221083908,9.72387789160918,10.19,10.52,"","","","","",9,"D","NONE",24,"D","EARLY_REVERSAL",68,"PASS"
"NOW","Technology","Software - Application","United States","Large","Moderate","Yes",137.62,137.5,137.75,137.62,135.22,137.9,134.15,137.49,137.576,137.561,136.08,1.13,1.1,"Moderate","Mixed trend","Mixed trend","Hold","Neutral",137.4542,137.8,"","Moderate reward to risk ratio zone"," + Breakout Signal: above upper bollinger band limit + ","Strong"," + Breakout Signal: above upper bollinger band limit + ",NA,"Neutral","Neutral","88.64-183.52","89.81-125.4","False",5.77,1.62,"low","normal",FALSE,0.0145348837209377,0.0727166957533408,0.0945523310786206,1.14655299132736,1.24701121942247,137.34548871903,136.567901204649,TRUE,"MomentumPullback",6,119.29,1,7,0.238823088157533,135.256,135.247,NA,NA,64.1821887085583,53.1038642952182,47.2141237447403,80.5636540330467,-0.8868543240172,41.7395529640452,100,0.0668473036077466,137.569034,136.732431666667,137.729893547031,137.401746452969,FALSE,FALSE,143.312197880484,128.638802119516,10,10,0.108842410687504,5.87573034764063,FALSE,TRUE,57.4191102558845,52.2324369260613,1.88439938196135,26.3392442670133,5.91531755915319,-3.66699702675915,-1.16211504938989,3.52225180677065,1.54466084620552,1.2650692067272,1.54466084620553,3.52225180677066,-1.16211504938989,-3.66699702675916,11.4066638675133,FALSE,137.58682,137.56582,"low",FALSE,-1.92539545922163,FALSE,"2026-10-06 07:12:00",143.312197880484,128.638802119516,134.15,137.9,"","","","","",72,"A","TREND_CONFIRMED",52,"C","NONE",50,"AVOID"
"NU","Financial Services","Banks - Regional","Brazil","Large","Moderate","No",15.23,15.23,15.24,15.23,14.98,15.46,14.84,15.19,15.22,15.204,15.18,0.33,0.26,"Moderate","Uptrend","Uptrend","Hold","Neutral",15.1795,15.23,"","Low reward High risk zone"," + Breakout Signal: above upper bollinger band limit + ","Very Strong"," + Breakout Signal: above upper bollinger band limit + ","Upwards Momentum Signal","Neutral","Lower","12.86-15.92","9.25-13.5","True",3.5,0.73,"low","normal",FALSE,0.0657030223390262,0.263331138907182,0.329380764163378,0,0.0657030223390262,15.1693232488826,15.1183092524604,FALSE,"",8,12.04,1,9,0.385269712980359,13.819,13.813,NA,NA,77.2541263663255,62.1462344338049,80.0000000000007,100,-2.26666666666648,19.9999999999993,100,0.00995027637809179,15.195486,15.2109091666667,15.2313432685805,15.1728867314195,FALSE,FALSE,15.6645515309175,12.1354484690825,10,10,0.0102106076957357,0.66074646422214,FALSE,TRUE,91.4676707208636,61.3766921582064,15.9242563222785,10.3197674418605,4.11522633744856,-1.23617436564736,7.96586059743954,24.1210139002453,19.9052132701422,13.0305286671631,19.9052132701422,24.1210139002453,7.96586059743953,-1.23617436564736,29.0809447283801,FALSE,15.22004,15.202115,"high",TRUE,-3.00066730237106,TRUE,"2026-10-06 07:07:00",15.6645515309175,12.1354484690825,14.84,15.46,"","","","","",50,"C","NONE",71,"A","NONE",40,"AVOID"
"NVD","NA","NA","NA","ETF",NA,"No",3.2585,3.25,3.26,3.26,3.4,3.42,3.28,3.27,3.258,3.262,3.31,-1.56,-1.56,"-","Mixed trend","Mixed trend","Hold","Neutral",3.255,3.27,"","Excellent reward to risk ratio zone"," + ","Strong"," + ","Upwards Momentum Signal","Neutral","Neutral","1.34-5.41","2.08-5.77","False",7.77,NA,"medium","quiet",FALSE,-0.0460122699386384,-0.35168195718654,-0.19908116385911,-0.625190606892337,-0.957446808510634,3.25191306973937,3.23759740729287,FALSE,"",9,3.09,6,2,0.694389854947395,3.483,3.729,NA,NA,50.2267639648967,44.2216293464118,18.8888888888891,23.333333333335,-4.81481481481441,23.333333333335,70.0000000000071,0.00216794833922464,3.266032,3.27998333333333,3.27493700462349,3.25235299537651,FALSE,FALSE,4.27834694329428,3.28265305670572,5.85653903583991,0,0.00309024954047978,0.206114843578947,FALSE,FALSE,5.76493650610063,33.237651664286,-3.16956870315393,-28.8172043010753,-23.2018561484919,-8.05555555555556,-9.56284153005465,-8.31024930747922,-9.06593406593407,-4.05797101449276,-9.06593406593407,-8.31024930747922,-9.56284153005464,-8.05555555555556,30.331986639727,FALSE,3.2587,3.263645,"medium",FALSE,4.68744866420995,FALSE,"2026-10-06 07:05:00",4.27834694329428,3.28265305670572,3.28,3.42,"","","","","",9,"D","NONE",0,"D","NONE",80,"PASS"
"NVDA","Technology","Semiconductors","United States","Large","Good","Yes",241,240.95,241,240.98,236.09,240.0983,235.15,240.69,240.97,240.923,238.9,0.88,0.87,"Good","Uptrend","Uptrend","Hold","Neutral",240.8048,241.1,"","Low reward High risk zone"," + Breakout Signal: above upper bollinger band limit + Positive News + ","Very Strong"," + Breakout Signal: above upper bollinger band limit + Positive News + ","Breakout Signal: above upper bollinger band limit","Neutral","Neutral","193.6-278.73","166.67-203.75","False",3.9,7.91,"low","normal",FALSE,0.026563070690969,0.0332060434999222,0.124636476942256,0.207900207900208,0.1182309067056,240.733349257369,240.364037258042,TRUE,"RSER",7,203.99,3,8,0.0852039851827537,233.112,226.192,NA,NA,65.6388502668478,59.1754115454907,60.4938271604928,62.9629629629626,3.25102880658368,-11.1111111111123,50,0.0579206354240173,240.855126,240.756459166667,241.033932840762,240.828737159238,TRUE,FALSE,238.426757485708,209.949242514292,6.80335756906407,10,0.0715086616800558,5.91940307048897,FALSE,TRUE,94.4890082920319,67.0123895069678,3.99943798446304,13.3731966590737,11.3856769861992,3.82442416340722,5.06640865511479,4.38696146115529,4.60635782467817,2.11583671724728,4.60635782467818,4.38696146115529,5.06640865511478,3.82442416340723,13.5639998650996,TRUE,240.9536,240.931335,"medium",FALSE,2.33751021836699,FALSE,"2026-10-06 07:01:00",238.426757485708,209.949242514292,235.15,240.1,"Good Fundamentals & Health","News Alert","","","",79,"A","TREND_CONFIRMED",93,"A","TREND_CONFIRMED",90,"PASS"
"OLOX","NA","NA","NA","Nano","Moderate","No",1.59,1.57,1.58,1.58,0.8465,0.8999,0.825,1.7,1.594,1.634,0.88,80.68,81.17,"Moderate","Mixed trend","Mixed trend","Hold","Neutral",1.55,1.71,"","Good reward to risk ratio zone"," + ","Very Strong"," + ","Upwards Momentum Signal","Neutral","Neutral","-3.89-1.61","0.56-4.61","True",17.26,265.44,"medium","normal",FALSE,-2.50781776932981,-4.21686746987951,-5.35714285714285,-7.55813953488371,-3.04878048780487,1.52187204000673,1.39647825806001,FALSE,"",6,0.5,5,2,10.1924103520165,0.851,1.003,NA,NA,40.5284893547771,34.7520652683263,24.0238095238095,28.5714285714286,3.69443180547321,0,80,0.0243138232287847,1.667444,1.65384333333333,1.72458397573646,1.56506602426354,FALSE,FALSE,0.987033610567819,0.721406389432181,10,10,0.0288538428318036,0.163967471385163,FALSE,TRUE,77.6021954929111,32.4373278500488,2.73681054335597,-84,-57.8947368421053,2.92397660818714,-8.2186065915728,5.38922155688623,9.1946891673905,4.57516339869281,9.1946891673905,5.38922155688624,-8.2186065915728,2.92397660818713,36.8207469502333,FALSE,1.59018,1.644825,"low",FALSE,-3.96637821362907,TRUE,"2026-10-06 07:04:00",0.987033610567819,0.721406389432181,0.82,0.9,"","","","","",2,"D","NONE",25,"D","EARLY_REVERSAL",48,"WATCH"
"OPCH","Healthcare","Medical Care Facilities","United States","Mid","Good","No",28,27.85,28,27.92,22.55,23.485,22.445,28.46,28.003,28.144,23.37,19.81,19.82,"Weak","Mixed trend","Mixed trend","Hold","Neutral",27.6,28.63,"","Moderate reward to risk ratio zone"," + ","Very Strong"," + ",NA,"Neutral","Neutral","18.52-28.22","18.54-22.49","True",2.99,1.32,"high","expanding",TRUE,1.30246020260492,-0.355871886121002,-1.99509975498775,-1.16484292269678,-1.54607819351118,27.4360468279253,26.7377251164394,FALSE,"",6,21.63,4,-1,4.12021274454937,22.946,23.293,NA,NA,49.5120184736804,43.5109092698198,67.2426607209217,57.9710144927536,16.4443662916337,-10.144927536232,13.04347826087,0.197053292284721,28.45496,28.39104,28.7170919245802,27.5807080754198,FALSE,FALSE,24.6970963026481,22.2289036973519,0,10,0.166329305003269,0.659586354605146,FALSE,TRUE,81.1613032570323,50.3363596241069,11.0193857394593,8.34492350486788,-1.39240506329113,-3.46964064436183,-2.42171189979122,2.0524017467249,3.91285015562473,3.2243816254417,3.91285015562473,2.0524017467249,-2.42171189979122,-3.46964064436184,11.1035282661745,FALSE,27.984,28.1489,"low",TRUE,0.481369160613136,TRUE,"2026-10-06 07:04:00",24.6970963026481,22.2289036973519,22.44,23.48,"","","","","",16,"D","EARLY_REVERSAL",54,"C","NONE",85,"PASS"
"ORCL","Technology","Software - Infrastructure","United States","Large","Good","Yes",143.8,143.66,143.92,143.79,142.53,146.66,142.37,143.69,143.764,143.795,142.48,0.93,0.9,"Weak","Uptrend","Mixed trend","Hold","Neutral",143.67,144.01,"","Good reward to risk ratio zone"," + Breakout Signal + ","Very Strong"," + Breakout Signal + ",NA,"Neutral","Neutral","92.18-192.78","97.77-142.15","False",5.66,6.38,"medium","normal",FALSE,0.0333212523503994,-0.118080155587961,0,0.0695894224078099,0.65094141527263,143.599211089919,143.225229183459,TRUE,"MomentumPullback",8,124.79,2,9,0.306053567132038,140.497,143.004,NA,NA,74.3714289632191,50.1178183531995,26.4705882352977,38.2352941176537,1.78758169934536,5.88235294117942,52.3809523809569,0.0437955248854276,143.797838,143.576495,144.054359141084,143.614820858915,FALSE,FALSE,160.972577122192,129.364422877808,10,10,0.0708529635248523,6.69090653639372,FALSE,FALSE,74.8645324160453,48.5134164015212,0.198489788891258,1.30830489192264,-2.72410732573224,-10.2657765461645,-4.09262250942381,7.45098039215686,3.77276037873269,0.126493323963442,3.77276037873269,7.45098039215686,-4.09262250942382,-10.2657765461645,24.433421137927,FALSE,143.75064,143.83459,"medium",FALSE,-0.923350170760045,FALSE,"2026-10-06 07:14:00",160.972577122192,129.364422877808,142.37,146.66,"","","","Strong fundamentals, below 50/200-day averages","",35,"D","NONE",30,"D","NONE",85,"PASS"
"PBR","Energy","Oil & Gas Integrated","Brazil","Large","Good","No",23.93,23.65,24,23.82,23.98,24.76,23.535,23.91,23.767,23.784,24.14,-0.87,-1.55,"Moderate","Mixed trend","Uptrend","Hold","Neutral",23.5232,24.06,"","Low reward High risk zone"," + Breakout Signal + ","Very Strong"," + Breakout Signal + ","Breakout Signal: above upper bollinger band limit","Lower","Higher","17.49-33.29","11.76-19.55","True",3.34,3.96,"high","expanding",TRUE,1.14116652578191,0.970464135021099,-0.41614648356222,-1.07482430756512,-1.58338474192886,23.4408700218986,23.0837277142736,TRUE,"RSER",8,19.22,1,6,1.99127859719882,22.113,20.979,NA,NA,82.983575470781,56.5772770167278,47.7707401887731,75.7824143070046,7.42879615830433,48.6400894187778,100,0.12330588793731,23.953616,24.0931316666667,23.9987206134396,23.5301693865604,FALSE,FALSE,22.7010158622375,19.5579841377625,10,10,0.0837537569703931,0.772795757979181,TRUE,FALSE,97.8477399685898,78.0822716734172,13.0526361913161,42.755765819042,29.0909090909091,19.9801192842942,17.014057198255,16.9007263922518,15.6684235745089,11.5011547344111,15.6684235745089,16.9007263922518,17.014057198255,19.9801192842942,16.070325562881,TRUE,23.73178,23.764445,"medium",FALSE,7.98258484564338,TRUE,"2026-10-06 07:11:00",22.7010158622375,19.5579841377625,23.54,24.76,"","","","","Undervalued",48,"C","EARLY_REVERSAL",80,"A","TREND_CONFIRMED",50,"AVOID"
"PCTY","Technology","Software - Application","United States","Mid","Good","No",148.5,147.39,153.81,150.6,145.57,147.67,144.485,148.66,148.611,147.981,147.39,0.75,0.83,"Very Weak","Mixed trend","Uptrend","Hold","Neutral",146.87,149.51,"","Low reward High risk zone"," + ","Strong"," + ",NA,"Neutral","Neutral","111.37-183.41","97.84-135.16","False",4.75,4.92,"high","expanding",FALSE,0,0.698447141791552,0.73943423105624,1.04446636954377,1.58360980948798,146.521641897995,144.953279722757,TRUE,"RSER",5,131.73,3,2,1.82811828253086,145.307,145.424,NA,NA,44.4350287908288,60.6866602117749,69.6969696969702,61.7424242424244,-2.01867552903801,-23.1060606060612,0,0.305237612360907,147.45336,146.943615833333,149.100095598822,146.423304401178,FALSE,FALSE,148.509509086791,140.416490913209,0,10,0.352224267363815,4.4996762242016,FALSE,TRUE,73.4835032534394,54.1672367489194,5.67175673370336,24.379746835443,-3.88026607538804,-3.19211822660099,2.05650186954715,3.27214125560537,3.38079539875149,2.02118086800027,3.38079539875149,3.27214125560538,2.05650186954716,-3.19211822660099,5.76358098749536,FALSE,148.728,147.7617,"low",FALSE,-5.33844470641269,FALSE,"2026-10-06 06:10:00",148.509509086791,140.416490913209,144.49,147.67,"","","","","",47,"C","NONE",54,"C","NONE",70,"PASS"
"PCVX","Healthcare","Biotechnology","United States","Large",NA,"No",71.6803,71.31,71.68,71.5,87.21,90.75,71.6,71.81,71.85,71.688,73.82,-2.9,-2.67,"Moderate","Mixed trend","Uptrend","MomentumPullback","Neutral",70.57,72.61,"","Moderate reward to risk ratio zone"," + ","Very Strong"," + ","Breakout Signal: above upper bollinger band limit","Neutral","Neutral","45.93-101.71","34.15-56.35","True",3.5,-7.62,"medium","normal",FALSE,-1.13062068965517,-1.28040214846439,1.67418439716312,0.958169014084511,-2.14293515358361,70.3301664099842,69.4417214566092,FALSE,"",4,50.9,7,2,3.90072487721154,62.398,59.494,NA,NA,36.5141097089451,52.218949281194,35.7745029102701,12.2924528301892,-12.515192874051,-48.5771123872024,30.3023255813961,0.193136526847215,70.98629,71.073745,73.0558457644994,70.3131242355006,FALSE,FALSE,66.5233925053403,51.4781074946597,0,10,0.243606967300676,4.44761366873766,FALSE,TRUE,95.3424749851833,76.5856580189537,33.7874188983636,26.8166981618279,17.8856595336953,20.699803793329,25.2885268160217,26.6861163548996,29.7363796133568,30.7011331444759,29.7363796133568,26.6861163548996,25.2885268160217,20.699803793329,29.2265697845271,TRUE,71.80206,71.684485,"high",FALSE,14.4954623663896,TRUE,"2026-10-06 07:01:00",66.5233925053403,51.4781074946597,71.6,90.75,"","","","","",36,"D","NONE",80,"A","TREND_CONFIRMED",75,"AVOID"
"PDSB","Healthcare","Biotechnology","United States","-",NA,"No",1.22,1.21,1.23,1.22,0.781,1.35,0.769,1.21,1.222,1.219,1.2,1.67,1.81,"-","Mixed trend","Uptrend","Hold","Neutral",1.2,1.26,"","Low reward High risk zone"," + ","Very Strong"," + ","Upwards Momentum Signal","Neutral","Neutral","0.03-2.37","0.21-0.24","True",8.89,NA,"medium","normal",FALSE,-0.804943491340761,0.826446280991736,0.843114564390807,1.66666666666667,0,1.19006967397177,1.13726877336569,TRUE,"Breakout",6,0.34,6,3,4.52628727584352,0.898,0.715,NA,NA,38.2524307641291,51.0237389037759,54.9285714285713,57.142857142857,-4.36976911976918,0,0,0.00541405578104847,1.210772,1.20462333333333,1.24732640080073,1.19331359919927,FALSE,FALSE,1.20183187078933,0.189468129210667,0,10,0.0100958314620316,0.133770633927734,FALSE,TRUE,93.2844399731292,75.5753963544073,16.5355309501303,55.0587931257268,449.199084668192,445.454545454545,42.5347428435681,56.6784175479828,59.8508059144798,60.3206412825651,59.8508059144798,56.6784175479828,42.5347428435681,445.454545454545,534.318751019615,FALSE,1.22402,1.22032,"high",TRUE,-39.7483870370053,TRUE,"2026-10-06 07:13:00",1.20183187078933,0.189468129210667,0.77,1.35,"","","","","",40,"C","NONE",80,"A","TREND_CONFIRMED",45,"AVOID"
"PENG","Technology","Information Technology Services","United States","Mid","Moderate","No",61.46,61.6,61.8,61.7,61.1,61.94,59.28,61.58,61.558,61.643,60.71,1.24,1.4,"Moderate","Mixed trend","Uptrend","Hold","Neutral",61.4501,61.81,"","Low reward High risk zone"," + Breakdown Signal + ","Strong"," + Breakdown Signal + ",NA,"Neutral","Neutral","27.12-94.3","16.72-43.66","False",8.18,1.4,"medium","quiet",FALSE,-0.549357195446567,-0.550161812297729,0.228310502283106,0.281296706022104,0.114025085518815,61.3830990458472,61.0777555473754,TRUE,"MeanReversion",8,43.39,6,1,0.69653872314682,58.285,54.806,NA,NA,8.73518717945205,38.5427128933672,3.29787374799846,2.75076410113968,-19.3544699652976,2.75076410113968,8.25688073394637,0.150210192729905,61.559824,61.3171266666667,61.9237195688248,61.4953804311752,FALSE,TRUE,61.2707376909451,45.4792623090549,4.12336536370205,9.439525468799,0.0670117484305608,3.33124939207398,FALSE,FALSE,79.1138222724777,62.2445401376433,-1.50800052841294,-22.5143586470964,15.3743823641201,17.2913446676971,10.5627390274996,10.4219716260458,11.0074968001463,-1.0593220338983,11.0074968001463,10.4219716260458,10.5627390274996,17.2913446676971,34.7223648320836,FALSE,61.58802,61.70955,"medium",FALSE,5.07527967110602,FALSE,"2026-10-06 07:09:00",61.2707376909451,45.4792623090549,59.28,61.94,"","","Earnings Alert","","",18,"D","NONE",48,"C","NONE",88,"PASS"
"PENN","Consumer Cyclical","Resorts & Casinos","United States","Mid",NA,"No",15.7,15.58,15.8,15.69,14.8,15.32,14.69,15.56,15.737,15.575,15.1,3.97,4.22,"Moderate","Mixed trend","Mixed trend","Hold","Neutral",15.21,15.82,"","Excellent reward to risk ratio zone"," + ","Strong"," + ","Upwards Momentum Signal","Neutral","Neutral","7.83-16.98","10.94-15.56","False",4.89,-6.43,"high","expanding",FALSE,0.127551020408161,0.899742930591252,4.1804910418049,2.7823240589198,3.11986863711001,15.1597933197321,15.0381761549258,TRUE,"RSER",4,13.84,3,4,3.77638014441358,14.937,15.941,NA,NA,35.4547720628215,66.6928573019919,88.8888888888888,66.6666666666663,-3.47222222222225,-33.3333333333337,0,0.0457086206311164,15.287166,15.2755266666667,15.8638036725011,15.2865263274989,FALSE,FALSE,18.6144199393693,13.7865800606307,0,10,0.0518241209866359,0.644144801575001,FALSE,FALSE,65.1927710323455,33.8508536887911,5.72663001445774,-25.8349705304519,-19.0131402520783,-11.5407147041593,-6.38561686298822,-0.918635170603678,3.0716723549488,2.2342586323629,3.07167235494881,-0.918635170603677,-6.38561686298822,-11.5407147041593,35.0184009196383,FALSE,15.75666,15.575165,"high",TRUE,4.05204340760741,FALSE,"2026-10-06 07:00:00",18.6144199393693,13.7865800606307,14.69,15.32,"","","","","",79,"A","TREND_CONFIRMED",16,"D","NONE",73,"PASS"
"PG","Consumer Defensive","Household & Personal Products","United States","Large","Good","Yes",148.04,147.73,148.29,148.01,145,146.09,144.38,147.56,147.963,147.689,145.94,1.44,1.39,"Very Weak","Uptrend","Mixed trend","Hold","Neutral",147.11,148.04,"","Moderate reward to risk ratio zone"," + ","Very Strong"," + ",NA,"Neutral","Neutral","142.52-149.58","128.22-139.61","False",1.95,6.62,"high","expanding",FALSE,0.0135116876097702,0.0675949709341587,1.43894751267644,1.6060398078243,1.54331572810206,146.930709922905,146.009535862125,TRUE,"MomentumPullback",8,139.44,1,9,0.876500071790612,145.693,146.074,NA,NA,63.8654992110431,62.448507759162,94.5798992673988,100,4.66460622710646,14.0625000000002,100,0.219385505446467,146.814546,146.263035833333,148.411261073655,147.121738926346,FALSE,FALSE,149.392130135931,142.732869864069,10,10,0.180423513107177,2.31895239393963,FALSE,FALSE,54.6989485943506,49.7191377164684,3.08930257381967,-0.00685166152791429,0.870887475808675,-0.341436765910953,-0.0958378970427264,-2.07340803864994,0.45429515418502,0.710786005106619,0.454295154185025,-2.07340803864994,-0.0958378970427276,-0.341436765910952,4.66554079533656,FALSE,147.896,147.7665,"low",FALSE,0.202134325869546,FALSE,"2026-10-06 07:12:00",149.392130135931,142.732869864069,144.38,146.09,"","","","","",79,"A","TREND_CONFIRMED",47,"C","RSI_DIVERGENCE",60,"AVOID"
"PICS","NA","NA","NA","Small","Good","No",11.7577,11.62,11.76,11.69,10.195,11.85,10.05,12.02,11.822,11.832,11.62,1.19,1.74,"Very Weak","Mixed trend","Uptrend","Hold","Neutral",11.52,12.95,"","Low reward High risk zone"," + ","Very Strong"," + ","Upwards Momentum Signal","Neutral","Neutral","5.87-17.37","4.97-9.69","True",7.12,1.95,"high","expanding",FALSE,-1.6092050209205,-0.611158072696536,1.71020761245674,-0.484976724502748,0.407344150298881,11.3864118622543,10.7468109058034,FALSE,"",3,7.67,7,2,11.2674937667876,9.683,9.59,NA,NA,20.8053806295399,48.4864878194543,18.5944055944056,16.6223776223776,-2.58197358197358,-0.16083916083916,0,0.058481261956374,11.70132,11.7215208333333,12.4629024024412,11.2008475975588,FALSE,FALSE,11.4457567200249,7.66874327997513,2.1799855095492,10,0.136344552705994,0.766908376273705,TRUE,TRUE,95.0708287563121,65.1088657145499,22.064870679846,-1.9409282700422,9.62264150943396,1.39616055846421,19.6704428424305,39.6634615384615,37.0283018867924,27.8327832783278,37.0283018867924,39.6634615384615,19.6704428424305,1.39616055846421,49.2520521571297,TRUE,11.81954,11.831875,"high",FALSE,-3.03467087650859,TRUE,"2026-10-06 07:03:00",11.4457567200249,7.66874327997513,10.05,11.85,"","","","","",22,"D","NONE",67,"B","NONE",60,"WATCH"
"PLTR","Technology","Software - Infrastructure","United States","Large","Moderate","Yes",190.97,190.78,191.05,190.92,189.45,192.6899,187.63,190.4,190.906,190.72,189.4,0.83,0.79,"Moderate","Mixed trend","Mixed trend","Hold","Neutral",190.41,191.06,"","Low reward High risk zone"," + Breakout Signal: above upper bollinger band limit + ","Very Strong"," + Breakout Signal: above upper bollinger band limit + ",NA,"Neutral","Neutral","116.03-262.77","130.01-159.18","False",5.98,1.16,"medium","normal",FALSE,0.157339906644995,0.194123819517316,0.315175710458578,0.441802976910537,0.775725593667546,190.305346330248,189.809374859581,TRUE,"MomentumPullback",9,157.96,1,7,0.372417516535421,188.734,183.27,NA,NA,67.5896963820618,62.0701493161473,84.6153846153842,86.1538461538457,-2.59547190398202,10.7692307692296,63.636363636366,0.0873498712074202,190.580924,189.9994625,191.022550943415,190.313789056586,FALSE,FALSE,198.983991688116,162.899008311884,0,8.84118993002959,0.104961458497654,6.18657925510848,FALSE,TRUE,62.3749972950284,61.7994373546047,0.619585935853976,49.3808659988958,5.25730799155274,8.6445247519073,3.44639248457043,1.02410923831876,1.25634856990109,0.344370860927155,1.25634856990109,1.02410923831877,3.44639248457044,8.64452475190729,22.1517514134545,FALSE,190.936,190.66817,"medium",FALSE,0.59855922093768,FALSE,"2026-10-06 07:11:00",198.983991688116,162.899008311884,187.63,192.69,"","","","","",79,"A","TREND_CONFIRMED",90,"A","TREND_CONFIRMED",85,"PASS"
"PLUG","Industrials","Electrical Equipment & Parts","United States","Mid",NA,"No",1.8985,1.89,1.9,1.9,1.9,1.9,1.83,1.89,1.898,1.895,1.89,0.45,0.41,"Weak","Mixed trend","Mixed trend","Hold","Neutral",1.89,1.9,"","Excellent reward to risk ratio zone"," + ","Very Strong"," + ",NA,"Lower","Neutral","1.32-2.47","1.22-2.12","False",8.22,-1.31,"medium","normal",TRUE,0.449735449735459,-0.0579069277742619,0.449735449735459,-0.0789473684210439,0.449735449735459,1.88518064019294,1.85699609737215,FALSE,"",7,1.69,2,6,1.02213956286609,1.908,2.004,NA,NA,60.8237959375975,54.7415114768877,93.6666666666674,85.0000000000017,20.1111111111114,-10.9999999999988,0,0.00430371932170843,1.89364,1.89139166666667,1.90423349420127,1.88496650579873,FALSE,FALSE,2.24357747148694,1.81142252851306,0,2.02262993815056,0.00484103417656072,0.103178728863772,FALSE,FALSE,33.6778705482612,38.130386633594,-0.577338906273674,-15.2466367713005,-16.7400881057269,-12.9032258064516,-9.56937799043062,1.61290322580644,-2.57731958762887,-0.526315789473685,-2.57731958762887,1.61290322580645,-9.56937799043062,-12.9032258064516,23.8572136633759,FALSE,1.89762,1.8946,"low",FALSE,2.70176099356664,FALSE,"2026-10-06 07:09:00",2.24357747148694,1.81142252851306,1.83,1.9,"","","","","",36,"D","NONE",9,"D","EARLY_REVERSAL",85,"PASS"
"PM","Consumer Defensive","Tobacco","United States","ETF",NA,"Yes",189.76,186.47,190,188.24,186.49,190.36,184.11,189.91,189.803,189.712,189.53,0.12,0.14,"-","Mixed trend","Mixed trend","Hold","Neutral",189.3,190.36,"","Low reward High risk zone"," + ","Very Strong"," + ",NA,"Neutral","Neutral","179.37-196.58","152.7-175.22","False",2.94,NA,"medium","expanding",FALSE,-0.189354092152332,0.153058531693668,0.213883974545167,0.487184918449474,0.221823175240302,189.139506558991,188.373978233689,TRUE,"RSER",4,175.42,6,2,0.573053741195726,188.838,188.726,NA,NA,35.6080740790696,52.9279974616642,54.1904344010526,53.4883720930218,-2.16712983277253,-4.65116279070013,0,0.04494441011311,189.489738,189.214685,190.294663599001,189.210386400999,FALSE,FALSE,194.078226236832,183.530773763168,0,10,0.160883440918432,4.49299979787544,FALSE,FALSE,59.4593733374275,52.091970470489,4.00662966668614,5.247667703243,1.55387665434282,4.72427892584817,1.95814729140891,-1.3429805840404,0.174418604651169,1.10423557025498,0.174418604651172,-1.3429805840404,1.95814729140891,4.72427892584817,5.74696671157475,FALSE,189.822,189.752525,"low",FALSE,-1.36146942150332,FALSE,"2026-10-06 05:32:00",194.078226236832,183.530773763168,184.11,190.36,"","","","","",40,"C","NONE",70,"A","RSI_DIVERGENCE",70,"PASS"
"PR","Energy","Oil & Gas E&P","United States","Large","Good","No",22.22,22.01,22.28,22.15,22.16,22.5951,21.73,22.16,22.176,22.204,22.23,-0.04,-0.24,"-","Mixed trend","Mixed trend","Hold","Neutral",22,22.275,"","Good reward to risk ratio zone"," + Breakout Signal + ","Strong"," + Breakout Signal + ",NA,"Lower","Neutral","16.93-27.53","17.3-21.29","False",3.43,1.52,"high","expanding",FALSE,0,-0.112384805574296,-0.291676015256905,-0.626118067978536,-1.39782560461505,21.9439743773061,21.7134462126252,TRUE,"Thrust",8,20.27,1,3,1.17821387005249,21.904,22.147,NA,NA,60.0034001183414,50.2141839694584,59.3939393939395,80,-6.86868686868682,61.8181818181815,100,0.076026311235014,22.26415,22.3543741666667,22.3299152217808,22.0698847782192,FALSE,FALSE,24.466488833716,20.436511166284,6.22044264331,10,0.0565858789208137,0.67511296196714,FALSE,TRUE,81.935071996681,50.5636442912148,1.12788420512285,16.8769716088328,-5.76515472657906,-4.2223179663938,1.18343195266273,4.36619718309859,5.25568181818181,0.497287522603976,5.25568181818181,4.36619718309859,1.18343195266273,-4.2223179663938,19.7194992562171,FALSE,22.186,22.1999,"medium",FALSE,-0.738177912168315,FALSE,"2026-10-06 07:01:00",24.466488833716,20.436511166284,21.73,22.6,"","","","","Undervalued",27,"D","NONE",47,"C","NONE",60,"AVOID"
"PURR","NA","NA","NA","Mid","Good","No",12.9,12.9,12.99,12.95,12.49,13.05,12.425,12.91,12.929,12.922,12.92,-0.15,0.07,"Moderate","Mixed trend","Mixed trend","Hold","Neutral",12.87,12.98,"","Moderate reward to risk ratio zone"," + ","Very Strong"," + ",NA,"Higher","Neutral","5.89-19.95","7.25-9.69","False",8.72,3.21,"medium","normal",FALSE,-0.616332819722651,0,-0.154798761609904,-0.232018561484914,-0.539707016191213,12.8389938441624,12.6651757528992,FALSE,"",5,9.69,7,0,1.1072874612207,12.436,12.261,NA,NA,30.2771562476873,47.1089536428941,59.9999999999995,19.9999999999996,2.22222222222218,-49.9999999999991,0,0.0303315017762012,12.910368,12.9596008333333,12.9810818653308,12.8389181346692,FALSE,FALSE,14.4571861658506,10.4908138341494,0,10,0.0310784312591602,1.0476538841422,FALSE,TRUE,72.1799730104526,56.957480684737,6.70655674982699,71.1258278145695,22.117202268431,6.07553366174056,-4.64944649446495,6.95364238410596,5.29747351263244,8.66274179983179,5.29747351263243,6.95364238410596,-4.64944649446495,6.07553366174056,37.8080518290194,FALSE,12.928,12.91,"medium",FALSE,-0.70826256619473,FALSE,"2026-10-06 07:00:00",14.4571861658506,10.4908138341494,12.43,13.05,"","","","","",17,"D","NONE",89,"A","PULLBACK_ENTRY",75,"PASS"
"QCOM","Technology","Semiconductors","United States","Large","Good","Yes",182,181.85,182.3,182.07,185.075,185.48,180.3,181.58,181.882,181.766,180.79,0.67,0.6,"Moderate","Uptrend","Mixed trend","Hold","Neutral",181.5,182.22,"","Good reward to risk ratio zone"," + Breakout Signal: above upper bollinger band limit + ","Very Strong"," + Breakout Signal: above upper bollinger band limit + ",NA,"Neutral","Neutral","126.11-235.47","128.77-162.86","False",5.31,8.64,"medium","expanding",TRUE,0.275482093663912,0.0549752611324872,0.641451006414508,0.424819055995669,0.600340825110723,181.320973881685,180.34317889159,TRUE,"Breakout",8,161.94,2,8,0.402331248989602,184.064,183.688,NA,NA,76.3447714733481,57.3529908010988,58.9324618736376,69.4444444444446,10.4938271604936,-4.08496732026059,55.1020408163276,0.135904378149235,181.512288,181.408713333333,182.162890685295,181.432929314705,FALSE,FALSE,201.583792513328,170.206207486672,10,0,0.179519303213828,8.1108812882433,FALSE,FALSE,27.4574834624107,49.0850162933714,-3.48164494377419,-3.90666524928245,13.0785589191894,7.14116392082493,-6.91963136487669,-3.56838062726691,-1.76592045207564,-2.20695623951967,-1.76592045207563,-3.56838062726691,-6.91963136487669,7.14116392082493,18.435041524037,FALSE,181.858,181.79791,"medium",FALSE,-4.99718610371453,FALSE,"2026-10-06 07:15:00",201.583792513328,170.206207486672,180.3,185.48,"","","","","",79,"A","TREND_CONFIRMED",24,"D","NONE",75,"PASS"
"QQQ","NA","NA","NA","ETF",NA,"No",759.11,759.06,759.1,759.08,749.35,756.92,749.08,758.03,758.961,758.907,756.2,0.38,0.37,"-","Uptrend","Uptrend","Hold","Neutral",758.71,759.16,"","Low reward High risk zone"," + Breakout Signal: above upper bollinger band limit + ","Very Strong"," + Breakout Signal: above upper bollinger band limit + ",NA,"Higher","Neutral","668.27-844.13","563.62-690.61","False",1.91,NA,"low","normal",FALSE,0.0249828572271929,0.034262370692494,0.0316259701925243,0.195346013225455,0.197991050804504,758.598137560322,758.036436709841,TRUE,"MomentumPullback",10,693.59,0,8,0.0460884946746738,747.457,733.774,NA,NA,81.221666481394,61.1536723211018,62.9629629629658,88.8888888888973,-1.0574845679013,32.6388888889018,84.8484848484953,0.117817867952245,758.822406,758.3512825,759.098843030098,758.749146969902,TRUE,FALSE,763.354705542656,695.260294457344,10,10,0.111921414748303,9.37008568258869,FALSE,FALSE,91.5199617324444,68.6026665568502,3.01152264210505,4.33942738875475,6.10354988073523,5.28953927124379,1.98659419801206,2.67063120307388,2.22096056882545,0.883161236959364,2.22096056882546,2.67063120307389,1.98659419801206,5.28953927124378,9.79408886544585,FALSE,758.9389,758.923995,"medium",FALSE,0.952329365239455,FALSE,"2026-10-06 07:07:00",763.354705542656,695.260294457344,749.08,756.92,"","","","","",79,"A","TREND_CONFIRMED",89,"A","TREND_CONFIRMED",60,"WATCH"
"QTEX","NA","NA","NA","Micro",NA,"No",1.8003,1.79,1.8,1.79,1.305,1.63,1.17,1.76,1.801,1.793,1.54,16.9,16.92,"Moderate","Mixed trend","Uptrend","Hold","Neutral",1.77,1.84,"","Low reward High risk zone"," + ","Very Strong"," + ","Upwards Momentum Signal","Higher","Higher","1.2-25.59","0.27-0.73","True",8.99,-0.35,"low","quiet",TRUE,0.575418994413406,1.14044943820225,0.575418994413406,1.60279925503696,0.463169642857141,1.75208958850596,1.65155795326346,FALSE,"",9,0.54,3,-1,2.76553655653752,1.086,0.894,NA,NA,49.6481199511935,52.9396123586183,50.1111111111111,33.8333333333333,-4.81481481481481,-49.3333333333334,33.8333333333333,0.019418625080015,1.792322,1.79388666666667,1.81338005176883,1.76457994823117,TRUE,FALSE,1.22720942027883,0.484030579721171,1.86155537444998,10,0.0182170134535147,0.150326001558415,FALSE,TRUE,97.6973169460003,78.9108623766126,12.166637276463,-4.34782608695653,68.2140906608411,84.7630473905219,79.8225128444652,123.869748509958,125.806451612903,40,125.806451612903,123.869748509958,79.8225128444652,84.7630473905219,153.539646397087,FALSE,1.79766,1.78898,"high",TRUE,54.6435258793442,TRUE,"2026-10-06 07:01:00",1.22720942027883,0.484030579721171,1.17,1.63,"","","","","",72,"A","TREND_CONFIRMED",47,"C","NONE",75,"AVOID"
"RANI","NA","NA","NA","Micro",NA,"No",0.784,0.78,0.78,0.78,0.84,0.8402,0.7701,0.82,0.795,0.808,0.775,1.16,2.62,"Weak","Mixed trend","Mixed trend","Hold","Neutral",0.78,0.85,"","Good reward to risk ratio zone"," + ","Strong"," + ",NA,"Higher","Neutral","0.34-1.21","0.44-0.76","False",9.11,-0.15,"high","expanding",FALSE,0.15329586101175,-5.49662487945998,-0.457084814626706,-0.469721975371325,0.939873825157729,0.769372925541092,0.722270322803626,FALSE,"",5,0.64,5,2,11.4375064789223,0.789,0.801,NA,NA,22.0850285605235,41.0033959440255,23.3730158730159,6.66666666666668,4.64814814814817,-26.5000000000001,18.4834123222749,0.0101376525882494,0.799134,0.786394166666667,0.863255575023001,0.774654424976999,FALSE,FALSE,0.879116956442575,0.730383043557424,0,0,0.0106815722766465,0.0518982274162835,FALSE,FALSE,33.2671670361942,44.8356823779673,-5.68563323594463,12.7619324796275,-11.9431818181818,-10.4472437304981,-1.83683810488978,-0.141752577319586,-2.0353982300885,-4.42772570300937,-2.03539823008849,-0.141752577319587,-1.83683810488978,-10.4472437304981,20.3638233659866,FALSE,0.79298,0.818955,"low",FALSE,-1.71157094942129,FALSE,"2026-10-06 07:06:00",0.879116956442575,0.730383043557424,0.77,0.84,"","","","","",14,"D","EARLY_REVERSAL",10,"D","NONE",65,"PASS"
"RCT","Technology","Software - Application","United Kingdom","ETF",NA,"No",0.189,0.18,0.19,0.19,0.1942,0.195,0.182,0.19,0.19,0.192,0.183,3.28,3.6,"-","Mixed trend","Mixed trend","Hold","Neutral",0.1752,0.2061,"","Good reward to risk ratio zone"," + ","Moderate"," + ",NA,"Higher","Neutral","0.09-0.28","0.06-0.6","False",10.07,NA,"high","expanding",TRUE,3.16593886462882,-4.35222672064777,1.72228202368138,1.55830198817841,0.800000000000001,0.169174762631821,0.136512754389557,TRUE,"RSER",7,0.15,3,3,18.3934611412056,0.189,0.196,NA,NA,47.9668221603077,48.5362316663645,46.6673949457433,45.2261306532664,-0.509270552691528,29.1457286432161,49.1525423728813,0.00671401519211886,0.189218,0.187859166666667,0.209937841187923,0.177322158812077,FALSE,FALSE,0.209746420058618,0.182303579941382,5.23344096579938,0,0.00649982798279623,0.0160021895548955,TRUE,FALSE,23.0060612002496,39.5806106106943,-4.86875545373814,-23.6568096626406,-6.00000000000001,-11.4492753623188,-6.95431472081219,-1.76848874598071,-5.51546391752578,-4.82866043613707,-5.51546391752578,-1.7684887459807,-6.95431472081219,-11.4492753623188,15.0533742266941,FALSE,0.18966,0.19363,"low",FALSE,-2.84478738950136,FALSE,"2026-10-06 06:58:00",0.209746420058618,0.182303579941382,0.18,0.2,"","","","","",28,"D","NONE",0,"D","NONE",70,"PASS"
"RHP","Real Estate","REIT - Hotel & Motel","United States","Mid","Good","No",120.62,112,136.88,124.44,120.94,121.8,119.85,120.62,120.615,120.736,120.62,0,0,"-","Mixed trend","Mixed trend","Hold","Neutral",120.44,121.28,"","Moderate reward to risk ratio zone"," + ","Moderate"," + ",NA,"Neutral","Neutral","102.79-138.45","87.84-114.76","False",2.38,4.11,"high","expanding",FALSE,0.02487768471681,-0.10352395544329,-0.318168670716079,-0.485691208634354,-0.560593569661989,120.317170777721,119.769751656199,FALSE,"",4,113.88,1,3,0.792444226930439,120.79,121.142,NA,NA,54.4454873603877,41.5529378496077,27.5607958732509,30.5084745762722,2.60632687659749,4.42151805453196,NA,0.0357770876380441,121.00245,121.1894475,121.261688135942,120.308311864058,FALSE,FALSE,121.95106121087,118.85793878913,10,0,0.123012793019285,2.77738152957937,FALSE,FALSE,45.4857844541824,46.3438111269318,-3.70107113011206,-3.09311480678075,-5.2027664256523,-1.35754007196598,0.116201859229748,-0.223343535445443,0.911904961097635,-0.854841361170469,0.911904961097632,-0.223343535445442,0.116201859229759,-1.35754007196598,2.602369226029,FALSE,120.604,120.785,"low",FALSE,-0.31323018144401,FALSE,"2026-10-06 06:33:00",121.95106121087,118.85793878913,119.85,121.8,"","","","","",16,"D","EARLY_REVERSAL",12,"D","NONE",72,"PASS"
"RIG","Energy","Oil & Gas Drilling","Switzerland","Mid",NA,"No",5.52,5.49,5.53,5.51,5.27,5.61,5.225,5.54,5.512,5.531,5.51,0.18,0.04,"Weak","Mixed trend","Mixed trend","Hold","Neutral",5.49,5.57,"","Moderate reward to risk ratio zone"," + ","Strong"," + ",NA,"Neutral","Neutral","3.8-7.22","3.89-5.67","False",4.85,-1.6,"high","normal",FALSE,-0.180831826401459,-0.719424460431655,-0.177221599334519,-0.180831826401459,-0.897666068222634,5.47826829162169,5.43284323326703,TRUE,"MomentumPullback",8,4.87,3,3,1.69002772212522,5.333,5.462,NA,NA,61.7757218032668,45.8034630337321,14.2857142857141,42.8571428571423,4.76190476190471,42.8571428571423,100,0.0165457547425284,5.5283,5.54493666666667,5.58741979533386,5.49456020466614,FALSE,FALSE,5.92498606697106,5.07601393302894,10,10,0.0117958160743613,0.220346703386231,TRUE,TRUE,80.1059140577716,50.3903913875297,12.7423623413047,5.96153846153845,-6.92567567567568,-5.81196581196581,1.10091743119265,4.3560606060606,5.15267175572518,6.57640232108317,5.15267175572518,4.3560606060606,1.10091743119265,-5.81196581196581,16.725173436148,FALSE,5.50782,5.54099,"medium",FALSE,-3.59574994946529,FALSE,"2026-10-06 07:02:00",5.92498606697106,5.07601393302894,5.22,5.61,"","","","","",17,"D","NONE",54,"C","NONE",50,"AVOID"
"RKLB","Industrials","Aerospace & Defense","United States","Large",NA,"No",73.58,73.6,73.64,73.62,73.7,73.81,71.37,73.11,73.494,73.457,73.02,0.77,0.65,"Moderate","Mixed trend","Mixed trend","Hold","Neutral",73.32,73.64,"","Low reward High risk zone"," + Breakout Signal: above upper bollinger band limit + ","Very Strong"," + Breakout Signal: above upper bollinger band limit + ",NA,"Higher","Neutral","59.12-83.06","42.02-60.93","False",9.37,-0.27,"medium","expanding",FALSE,0.176991150442472,0.0782073514910464,0.176991150442472,0.794520547945203,0.946631911098913,73.2534951372639,72.9010335005669,TRUE,"MomentumPullback",9,55.76,0,7,0.363221002100212,72.137,69.922,NA,NA,88.8344306988458,63.3044052623105,38.0972222222206,74.9999999999985,0.671104284006661,56.5416666666679,100,0.060040802797475,73.397202,73.1400866666667,73.5940107475378,73.3276692524622,FALSE,FALSE,76.8297875454185,59.6452124545815,10,7.00515591249784,0.0667406955826556,3.94582937660041,FALSE,FALSE,63.8069508730036,56.4045346842638,-2.00518284215417,-9.89634748272459,0.620090946672183,13.6321195144724,4.47846616111031,1.14974373181881,4.79334098737082,-1.21753246753248,4.79334098737083,1.14974373181882,4.47846616111032,13.6321195144724,28.8113234635935,FALSE,73.47286,73.46084,"low",FALSE,0.73240863494669,FALSE,"2026-10-06 07:11:00",76.8297875454185,59.6452124545815,71.37,73.81,"","","","","",79,"A","TREND_CONFIRMED",46,"C","NONE",60,"AVOID"
"RPM","Basic Materials","Specialty Chemicals","United States","Large","Good","No",93.4807,94.01,95.97,94.99,99.14,99.39,95.04,94.46,93.454,94.128,95.3,-1.91,-1.94,"Weak","Mixed trend","Downtrend","Hold","Neutral",92.55,96,"","Excellent reward to risk ratio zone"," + Positive News + ","Strong"," + Positive News + ","Breakdown Signal: below lower bollinger band limit","Higher","Neutral","73.96-116.64","78.9-102.94","True",2.82,5.17,"high","expanding",FALSE,-1.08909110147075,-1.1936370362541,-2.37002610966058,-2.00157249187546,-4.73789870579843,92.0650042197761,90.0831426216121,FALSE,"",4,92.69,5,-1,3.93188005023837,97.999,100.251,NA,NA,52.0879553589507,42.6079457648933,22.4222222222222,26.9768115942029,4.70987431990774,-0.26956521739119,68.6714285714281,0.393524710789001,94.79309,96.4897875,96.200735326138,92.561334673862,FALSE,FALSE,102.356881600283,96.8471183997166,10,0,0.489872987924123,2.66314422966208,FALSE,FALSE,9.31761411422801,31.8915517963135,-9.10621089319034,-8.84744141559063,-12.2710116910614,-9.68536770280515,-3.74709625290375,-4.89021956087825,-3.41542515455559,-3.92176630708741,-3.4154251545556,-4.89021956087825,-3.74709625290376,-9.68536770280516,5.68913488765494,FALSE,93.10414,94.381035,"low",TRUE,-1.71434517021773,TRUE,"2026-10-06 07:07:00",102.356881600283,96.8471183997166,95.04,99.39,"","News Alert","Earnings Alert","Strong fundamentals, below 50/200-day averages","",9,"D","NONE",0,"D","NONE",70,"PASS"
"RUBI","Industrials","Marine Shipping","Marshall Islands","-",NA,"No",0.9288,0.92,0.92,0.92,1.05,1.0799,1.0112,0.95,0.963,1.032,1.05,-11.54,-8.26,"-","Mixed trend","Mixed trend","Hold","Oversold",0.9002,1.31,"","Excellent reward to risk ratio zone"," + Upwards Momentum Signal + ","Strong"," + Upwards Momentum Signal + ","Upwards Momentum Signal","Neutral","Neutral","-10.11-11.79","0.82-33.58","False",21.89,NA,"medium","normal",FALSE,-8.03960396039604,-9.82524271844661,-14.7889908256881,-18.5263157894737,-10.6923076923077,0.841529916452881,0.607787138819472,TRUE,"Reversal",6,0.77,8,1,45.4330519028,1.079,1.305,NA,NA,9.99971463902436,36.5363796914999,4.8784230367856,8.17610062893081,-0.975901061759616,8.04430491229161,28.6573146292585,0.0241813357778287,1.014864,0.970758333333333,1.28001774399468,0.880142256005315,FALSE,FALSE,1.77155372299811,0.829446277001893,6.60438802461707,4.07531071820502,0.0605340742041372,0.185889159048869,TRUE,FALSE,26.8868955692567,23.4634965230216,-0.746249270407361,-77.8947368421053,-40.3409090909091,-42.4657534246575,-16,-7.0796460176991,-1.86915887850467,-2.77777777777778,-1.86915887850467,-7.0796460176991,-16,-42.4657534246575,113.582696326222,FALSE,0.96232,1.08008,"medium",FALSE,-4.86440072420481,FALSE,"2026-10-06 07:04:00",1.77155372299811,0.829446277001893,1.01,1.08,"","","","","",2,"D","NONE",2,"D","NONE",63,"WATCH"
"RXO","Industrials","Trucking","United States","Mid",NA,"No",27.89,28,28.85,28.42,29,29.11,28.03,28.43,28.47,28.683,28.65,-2.65,-0.63,"Very Weak","Mixed trend","Uptrend","Hold","Overbought",27.89,29.05,"","Low reward High risk zone"," + Breakdown Signal: below lower bollinger band limit + ","Very Strong"," + Breakdown Signal: below lower bollinger band limit + ","Upwards Momentum Signal","Higher","Higher","24.29-221.19","12.56-20.57","True",6.34,-0.62,"high","expanding",FALSE,-3.82758620689655,-3.15972222222222,-2.99130434782609,-3.21013361096651,-3.24371205550737,27.6538725996413,26.6543529211363,FALSE,"",3,17.26,7,0,3.92282104517977,23.921,21.442,NA,NA,11.6438766234737,34.9729575093264,22.5000000000001,0,-20.4688862066653,0,0,0.446127784384704,28.74403,28.7433458333333,29.2593070521969,28.1548429478031,FALSE,TRUE,24.7841867512715,16.3458132487285,0,10,0.236127400358659,1.51293947456825,FALSE,TRUE,98.6365594728784,81.7153988310102,13.6105957366022,9.14285714285714,27.1073646850044,38.6737657308809,45.2839756592292,42.1836228287841,40.0293255131965,22.5406330196749,40.0293255131965,42.1836228287841,45.2839756592292,38.6737657308809,51.6240665064454,FALSE,28.614,28.707075,"medium",FALSE,32.8032934122829,TRUE,"2026-10-06 04:49:00",24.7841867512715,16.3458132487285,28.03,29.11,"","","","","",7,"D","NONE",80,"A","TREND_CONFIRMED",63,"AVOID"
"RXRX","Healthcare","Biotechnology","United States","Mid",NA,"No",4.79,4.79,4.8,4.8,4.16,4.935,4.0601,4.78,4.785,4.786,4.78,0.21,0.1,"Moderate","Mixed trend","Uptrend","Hold","Neutral",4.778,4.8,"","Low reward High risk zone"," + Breakout Signal + ","Very Strong"," + Breakout Signal + ","Breakout Signal: above upper bollinger band limit","Neutral","Neutral","2.87-6.69","2.12-3.17","True",6.77,-1.16,"low","normal",FALSE,0,0.251151109250742,0.209205020920498,0.209205020920498,0.209205020920498,4.77134844488693,4.73077426290869,TRUE,"MomentumPullback",9,2.97,1,5,0.632255692323166,4.28,3.848,NA,NA,76.208520047599,53.1683213074717,24.2424242424267,54.545454545456,-5.05050505050489,45.454545454544,100,0.00547722557515528,4.786612,4.77995083333333,4.80364525129736,4.77346474870264,FALSE,FALSE,4.57139458540435,2.86910541459565,10,10,0.00666826056751509,0.286329740487132,TRUE,FALSE,93.1168962026435,71.8216987504658,9.92625647906119,34.2696629213483,36.5714285714286,31.6804407713499,20.4030226700252,29.1891891891892,15.7384987893463,16.0194174757282,15.7384987893463,29.1891891891892,20.4030226700252,31.6804407713499,59.331705351391,TRUE,4.784,4.788555,"high",FALSE,10.3720614038034,TRUE,"2026-10-06 07:14:00",4.57139458540435,2.86910541459565,4.06,4.93,"","","","","",40,"C","NONE",87,"A","TREND_CONFIRMED",58,"AVOID"
"SABS","Healthcare","Biotechnology","United States","Micro",NA,"No",3.2,3.11,3.22,3.16,3,3.25,2.855,3.2,3.2,3.157,3.1,3.23,3.21,"Very Weak","Mixed trend","Mixed trend","Hold","Neutral",3.09,3.22,"","Good reward to risk ratio zone"," + ","Strong"," + ","Upwards Momentum Signal","Higher","Neutral","2.2-4","1.93-3.5","False",5.67,-1.29,"high","expanding",FALSE,0,3.22580645161291,2.8641229226269,2.07336523125998,2.23642172523963,3.07711263605088,3.02593040478288,FALSE,"",6,2.79,2,3,5.75078078914279,3.111,3.325,NA,NA,50.8349013209482,68.3319691244027,94.8717948717949,84.6153846153846,-1.70940170940171,-15.3846153846154,0,0.00894427190998025,3.119746,3.13326583333333,3.23187551003072,3.05612448996928,FALSE,FALSE,3.68363968798718,3.00386031201282,0,10,0.0133461374230356,0.18107984224807,FALSE,TRUE,46.9085836828403,34.6869402819046,8.85866456015634,-18.848167539267,-17.989417989418,-16.6666666666667,-8.55457227138643,-3.57698289269051,-2.20820189274447,4.0268456375839,-2.20820189274448,-3.57698289269051,-8.55457227138643,-16.6666666666667,22.6301926642804,FALSE,3.206,3.144,"medium",TRUE,1.22922606020577,FALSE,"2026-10-06 07:01:00",3.68363968798718,3.00386031201282,2.86,3.25,"","","","","",47,"C","NONE",17,"D","NONE",68,"PASS"
"SAIQ","NA","NA","NA","ETF",NA,"No",5.75,5.8,5.85,5.82,7.13,9.94,5.292,5.88,5.762,5.818,6.67,-13.79,-13.61,"-","Mixed trend","Mixed trend","Hold","Neutral",5.7,5.95,"","Moderate reward to risk ratio zone"," + ","Very Strong"," + ","Upwards Momentum Signal","Higher","Higher","5.82-14.22","1.32-10.27","True",0.93,NA,"low","quiet",FALSE,-1.87713310580205,-2.37691001697792,-1.03270223752151,-1.03270223752151,2.13143872113677,5.66384713732411,5.51324167042547,TRUE,"MomentumPullback",9,3.91,5,2,4.44867920148022,5.869,8.625,NA,NA,35.6300683827771,40.439714856769,16,19.9999999999999,1.66666666666667,3.99999999999991,100,0.0396232255145598,5.825326,5.81004666666667,5.96916946308734,5.71493053691266,FALSE,FALSE,14.6594488449874,3.95433115501262,10,10,0.0364699930502407,1.66017648146238,FALSE,TRUE,57.0562837996146,41.2498326754015,28.6160562243371,-37.6052385406922,-37.7217553688142,-37.0754716981132,-40.7111111111111,-37.2990655962699,-8.63013698630137,260.540540540541,-8.63013698630137,-37.2990655962699,-40.7111111111111,-37.0754716981132,270.718795931005,FALSE,5.752,5.84205,"high",TRUE,79.2961272925176,TRUE,"2026-10-06 07:05:00",14.6594488449874,3.95433115501262,5.29,9.94,"","","","","",9,"D","NONE",17,"D","NONE",70,"AVOID"
"SAP","Technology","Software - Application","Germany","Large","Good","No",211.94,209.68,213.34,211.51,208.61,211.015,206.46,212.39,212.054,212.448,207.74,2.02,2.08,"Moderate","Mixed trend","Mixed trend","Hold","Neutral",211.89,213.7,"","Good reward to risk ratio zone"," + ","Strong"," + ",NA,"Neutral","Neutral","157.48-258","157.2-198.14","False",3.79,7.79,"high","normal",FALSE,-0.136644206756817,-0.688814957124783,0.274413323239962,1.99230028873917,2.20132610006028,211.69279850775,210.480307943537,TRUE,"MomentumPullback",8,194.97,7,4,1.22815483315069,208.957,210.016,NA,NA,18.8234680185544,41.6265715996968,2.95188350743936,3.08641975308711,0.414160599345799,3.08641975308711,33.3333333333397,0.0550454357706118,211.4007,209.340530833333,214.184803052048,211.586196947952,FALSE,FALSE,216.39145437662,204.53354562338,2.61846724383309,0.258477496486504,0.197248026181198,5.14131467766836,TRUE,TRUE,31.3882290305142,47.7552272273641,-1.19464935827364,31.597618142658,-5.0027437351381,-3.42615406071313,-0.707389350922469,-0.750083608045479,-0.354950115118947,-0.397947931150206,-0.354950115118946,-0.750083608045482,-0.707389350922472,-3.42615406071313,5.79753737564185,FALSE,211.976,212.8855,"low",FALSE,-0.667600734405549,FALSE,"2026-10-06 06:32:00",216.39145437662,204.53354562338,206.46,211.01,"","","","","",18,"D","NONE",20,"D","NONE",85,"PASS"
"SBLK","Industrials","Marine Shipping","Greece","Mid","Good","No",30.87,30.82,31.16,30.99,30.88,31.03,30.065,30.88,30.863,30.849,30.84,0.1,0.08,"Very Weak","Mixed trend","Mixed trend","Hold","Neutral",30.81,30.9,"","Moderate reward to risk ratio zone"," + Breakout Signal: above upper bollinger band limit + ","Strong"," + Breakout Signal: above upper bollinger band limit + ",NA,"Higher","Neutral","23.71-37.97","20.94-28.08","False",3.33,2.55,"low","expanding",FALSE,0.032404406999357,0.162232316677484,0.211004707028084,0.194741966893873,0.276108494396624,30.7813960559564,30.6309633329032,TRUE,"RSER",6,28.02,1,6,0.317305224358547,30.391,30.399,NA,NA,55.892664678851,54.3186931599647,72.2222222222231,66.6666666666693,10.4156192391489,-33.3333333333307,50.000000000003,0.0295803989154711,30.838964,30.8244716666667,30.9001187824151,30.8023812175849,FALSE,FALSE,32.4221901555814,28.9398098444186,0,10,0.0286596479268584,0.912728962805481,FALSE,FALSE,83.1956416154031,54.6279859524479,0.632349355133265,20.6572769953052,1.11475409836066,-4.87353485502777,-2.80491648282383,5.25597269624573,5.04087193460491,0.292682926829268,5.0408719346049,5.25597269624574,-2.80491648282383,-4.87353485502776,12.0331831131036,FALSE,30.855,30.85125,"low",TRUE,-1.67096513358964,FALSE,"2026-10-06 04:13:00",32.4221901555814,28.9398098444186,30.07,31.03,"","","","","",72,"A","TREND_CONFIRMED",49,"C","NONE",75,"PASS"
"SCHD","NA","NA","NA","ETF",NA,"No",32.78,32.78,32.79,32.78,32.65,32.74,32.36,32.78,32.783,32.779,32.72,0.18,0.19,"-","Mixed trend","Mixed trend","Hold","Neutral",32.7604,32.79,"","Excellent reward to risk ratio zone"," + Breakout Signal: above upper bollinger band limit + ","Very Strong"," + Breakout Signal: above upper bollinger band limit + ",NA,"Neutral","Lower","25.67-36.66","30.74-33.57","False",1,NA,"medium","quiet",FALSE,0.0305157155935246,0.0305157155935246,0.0305157155935246,-0.0609756097560854,0.091603053435118,32.754582373615,32.7334287094351,TRUE,"RSER",5,32.27,3,4,0.0897593695639193,32.764,33.279,NA,NA,38.7927352280948,50.959446426308,88.6261261261335,66.2162162162253,7.54657718943217,-33.7837837837747,0,0.00892759766213898,32.776796,32.7718083333333,32.7931892815091,32.7637807184909,FALSE,FALSE,34.3677487248072,32.3582512751928,0,10,0.00582110697370879,0.305677239787529,FALSE,TRUE,38.3771794512771,33.0480705817904,0,1.80460485376477,-6.0579959804766,-5.24181870836954,-2.18236173393125,-0.878521660102997,0.584076237319391,0,0.584076237319398,-0.878521660102993,-2.18236173393125,-5.24181870836954,6.21015466047435,FALSE,32.78398,32.778485,"medium",TRUE,-1.18638159236931,FALSE,"2026-10-06 07:07:00",34.3677487248072,32.3582512751928,32.36,32.74,"","","","","",43,"C","NONE",8,"D","NONE",60,"WATCH"
"SCKT","Technology","Computer Hardware","United States","Nano",NA,"No",0.91,0.92,0.93,0.92,0.7701,1.19,0.7604,0.87,0.912,0.906,0.931,-2.26,-2.05,"Moderate","Mixed trend","Uptrend","Hold","Neutral",0.889,0.9195,"","Low reward High risk zone"," + ","Very Strong"," + ","Upwards Momentum Signal","Neutral","Lower","0.02-1.31","0.09-0.66","True",8.09,-1.85,"medium","normal",FALSE,0,-1.01163929076471,3.36210813266698,5.03231763619576,0.220264317180617,0.879494025500216,0.825575465762648,TRUE,"RSER",5,0.36,3,3,5.11528817113499,0.685,0.585,NA,NA,42.237933140629,53.6393480115267,78.877887788779,68.6468646864688,3.38749721966732,-30.6930693069306,51.5625000000001,0.00415908643820607,0.893298,0.877079166666667,0.926964719426844,0.881855280573156,FALSE,FALSE,0.753227352711128,0.321362647288872,0.701503936257039,10,0.0097305250785189,0.118915677658874,FALSE,FALSE,97.8091752565552,70.4998017150742,9.91106844443127,71.6894135005533,39.711841512832,52.7568099770266,77.2805179965721,106.179401993355,108.581671521398,31.6131768697865,108.581671521398,106.179401993355,77.2805179965721,52.7568099770266,134.385470453899,FALSE,0.91186,0.90441,"high",FALSE,40.5569878163288,TRUE,"2026-10-06 07:02:00",0.753227352711128,0.321362647288872,0.76,1.19,"","","","","",40,"C","NONE",87,"A","TREND_CONFIRMED",83,"PASS"
"SDEV","NA","NA","NA","Micro",NA,"No",3.7903,3.92,3.93,3.92,9.71,9.82,3.25,4.28,3.875,4.124,3.94,-3.8,-1.66,"Moderate","Mixed trend","Mixed trend","Hold","Neutral",3.53,4.37,"","Good reward to risk ratio zone"," + Upwards Momentum Signal + ","Very Strong"," + Upwards Momentum Signal + ",NA,"Lower","Higher","2.64-10.13","0.55-2.96","False",15.78,-21.13,"high","normal",FALSE,-9.36633189861312,-12.8626603522001,-12.6658986175115,-16.1438053097345,-3.55470737913487,3.44158182340633,3.23986892117867,TRUE,"Reversal",4,0.51,7,-1,22.9816637698807,4.169,2.366,NA,NA,30.7543612377889,26.5325363070813,22.7980367585631,30.9880952380952,5.74270076402562,-1.15476190476191,54.2404667639091,0.16258749029369,4.283378,4.30317416666667,4.61805442183894,3.75507557816106,FALSE,FALSE,5.15442408236215,-1.49046408236215,10,0,0.0949380778308761,1.14466628780596,FALSE,FALSE,47.604078776873,59.494972657029,-29.8181267422258,196.240601503759,245.614035087719,342.696629213483,294,150.955414012739,52.1235521235521,-47.3262032085562,52.1235521235521,150.955414012739,294,342.696629213483,-445.826789344242,FALSE,3.85682,4.186565,"high",TRUE,151.855820089611,FALSE,"2026-10-06 07:05:00",5.15442408236215,-1.49046408236215,3.25,9.82,"","","","","",2,"D","NONE",81,"A","TREND_CONFIRMED",93,"PASS"
"SDST","NA","NA","NA","ETF",NA,"No",0.0851,0.09,0.09,0.09,0.087,0.101,0.0828,0.08,0.085,0.084,0.092,-7.5,-7.72,"-","Mixed trend","Downtrend","Hold","Oversold",0.0828,0.089,"","Excellent reward to risk ratio zone"," + ","Very Strong"," + ","Upwards Momentum Signal","Higher","Neutral","-1.88-0.56","0.04-1.3","True",13.88,NA,"medium","expanding",TRUE,1.3095238095238,-2.18390804597701,1.55131264916467,3.65408038976856,3.15151515151514,0.0815250013433091,0.0711785041173177,TRUE,"RSER",10,0.05,1,6,4.80081391096043,0.096,0.168,NA,NA,65.1755601957359,57.8816650721739,37.6344086021506,37.0967741935483,4.83870967741934,-3.225806451613,15.625,0.0005069516742261,0.083694,0.0831608333333333,0.0860355996949814,0.0820944003050186,FALSE,FALSE,0.206846565411054,0.0558034345889464,0.650843903264144,10,0.00131041528604338,0.0422276508492424,FALSE,FALSE,35.0257947381134,26.5887405077257,1.55751003181852,-94.6744186046512,-85.2281890017739,-46.1493239271017,-27.8171788810087,-15.1065801668211,-13.5849056603774,7.89163722025912,-13.5849056603774,-15.1065801668211,-27.8171788810087,-46.1493239271017,270.669954160897,FALSE,0.08482,0.084065,"high",FALSE,-2.05680303565366,TRUE,"2026-10-06 07:06:00",0.206846565411054,0.0558034345889464,0.08,0.1,"","","","","",47,"C","NONE",10,"D","NONE",65,"PASS"
"SGLY","Industrials","Integrated Freight & Logistics","United States","Nano",NA,"No",0.911,0.91,0.92,0.92,0.741,1.1,0.7307,0.91,0.912,0.909,0.98,-7.04,-6.98,"Weak","Mixed trend","Mixed trend","Hold","Neutral",0.9,0.9268,"","Excellent reward to risk ratio zone"," + ","Very Strong"," + ","Upwards Momentum Signal","Neutral","Neutral","-4.57-6.53","0.52-4.59","True",14.18,-12.96,"low","normal",TRUE,0.774336283185841,1.15478569842328,1.10987791342952,-4.12544727425805,-6.37204522096608,0.892399945529225,0.842859375485084,FALSE,"",7,0.63,2,-1,3.49970141016313,0.858,1.235,NA,NA,48.6729498705946,49.7279012295884,50.6218905472638,41.0447761194031,11.2769485903815,-54.8507462686566,32.2580645161291,0.00921591015581111,0.922266,0.945803333333333,0.920701127193,0.889568872807001,FALSE,FALSE,1.88369525800802,0.434514741991985,4.55512751443126,10,0.00769294402541811,0.271753774101688,FALSE,TRUE,77.8050015230145,36.1966597247591,8.79254239558152,-76.273607748184,-61.8715953307393,-28.9927536231884,-9.26851851851852,17.2690282431786,28.058024046001,34.104283563706,28.058024046001,17.2690282431786,-9.26851851851852,-28.9927536231884,333.51699631005,FALSE,0.91004,0.905135,"high",FALSE,15.7645119688733,TRUE,"2026-10-06 07:00:00",1.88369525800802,0.434514741991985,0.73,1.1,"","","","","",33,"D","NONE",26,"D","EARLY_REVERSAL",95,"PASS"
"SKHY","NA","NA","NA","Large","Good","No",190,189.95,190.1,190.02,193.64,195.97,190.4178,190.17,190.044,190.032,195.02,-2.57,-2.55,"Moderate","Mixed trend","Mixed trend","Hold","Neutral",189.8,190.9,"","Low reward High risk zone"," + Breakdown Signal: below lower bollinger band limit + ","Very Strong"," + Breakdown Signal: below lower bollinger band limit + ",NA,"Neutral","Neutral","83.48-306.56","133.83-164.76","False",9.01,15.68,"low","normal",FALSE,0.0473908693591719,0,0,-0.131406044678055,-0.340938893259903,189.622819396084,188.721263043715,FALSE,"",6,156.73,8,-1,0.192122292408275,192.098,184.954,NA,NA,35.6673264359606,48.5933694414771,24.7272727272721,18.1818181818172,-0.0530303030299173,-8.7272727272731,22.8600457200926,0.100135907642591,190.01105,190.1206875,190.216673936267,189.851926063733,FALSE,FALSE,201.029506370341,173.591493629659,0,10,0.177367306343593,8.46294063028196,FALSE,FALSE,72.9435599993645,59.8601213748977,-0.0920479319419414,16.0764240223796,19.3439813964874,10.180790960452,3.26167531504818,7.20096745822341,5.90279663317948,-0.0563726746271641,5.90279663317947,7.20096745822341,3.26167531504817,10.180790960452,15.8060813735597,FALSE,190.0512,190.0343,"low",FALSE,-5.32946841162972,FALSE,"2026-10-06 07:02:00",201.029506370341,173.591493629659,190.42,195.97,"","","","","",17,"D","NONE",83,"A","TREND_CONFIRMED",75,"PASS"
"SLV","NA","NA","NA","ETF",NA,"No",55.12,55.1,55.11,55.11,55.595,55.61,54.92,55.14,55.107,55.127,55.13,-0.02,-0.04,"-","Mixed trend","Mixed trend","Hold","Neutral",55.07,55.2,"","Excellent reward to risk ratio zone"," + Breakout Signal + ","Very Strong"," + Breakout Signal + ",NA,"Higher","Neutral","40.44-69.82","44.77-54.95","False",5.45,NA,"medium","quiet",FALSE,0.0726216412490907,-0.0543970988213983,-0.126834571480341,-0.235294117647063,0.127157129881926,55.0531585288554,54.9883454727492,FALSE,"",6,51.29,1,5,0.293806580222852,55.273,57.061,NA,NA,82.4010380925134,46.2756247042897,36.2121212121199,45.4545454545431,11.0606060606058,9.09090909090733,100,0.0178759615126632,55.131568,55.1538025,55.2203078099646,55.0585421900355,FALSE,FALSE,61.5512504998156,53.4627495001844,10,10,0.016856762111667,1.64364683246406,FALSE,TRUE,44.2578962105172,41.8110415475303,1.5884453726057,2.18721037998146,-12.1014030612245,-7.84018722835172,-7.54653697803119,0.327570518653321,1.13740598055404,0.71245889660212,1.13740598055403,0.327570518653331,-7.54653697803119,-7.84018722835171,15.1292274999873,FALSE,55.0979,55.139425,"low",TRUE,1.39328448596147,FALSE,"2026-10-06 07:09:00",61.5512504998156,53.4627495001844,54.92,55.61,"","","","","",24,"D","EARLY_REVERSAL",22,"D","NONE",65,"AVOID"
"SM","Energy","Oil & Gas E&P","United States","Mid","Good","No",34.98,34.01,35.05,34.53,35.27,35.82,34.485,35.02,35.052,35.051,35.05,-0.2,0,"-","Mixed trend","Mixed trend","Hold","Neutral",34.91,35.22,"","Good reward to risk ratio zone"," + ","Strong"," + ",NA,"Higher","Neutral","23.04-47.06","21.42-31.18","False",5.15,5.64,"high","expanding",FALSE,-0.681431005110738,0.0572082379862586,-0.31347962382447,-0.709622480840193,-1.82430536065115,34.8564586561056,34.6024574433147,FALSE,"",5,31.14,7,1,0.927284720601791,34.753,35.304,NA,NA,17.5050390239171,42.9156728200819,43.172043010753,22.5806451612902,-12.4910394265235,-22.5806451612902,0,0.0639292577774281,35.117172,35.2584133333333,35.1848078767376,34.8615421232624,FALSE,FALSE,40.5882214127677,31.6337785872323,0,10,0.0536487026475421,1.47104206231697,FALSE,FALSE,65.0944083281298,48.8054410098977,-0.843631068317158,26.7631103074141,-5.2190373174689,-3.81448957189901,0.863309352517977,4.47093889716841,3.75962107756067,-0.539160045402965,3.75962107756067,4.47093889716841,0.863309352517971,-3.81448957189902,28.3065862677233,FALSE,35.0783,35.023175,"medium",FALSE,0.167267019284708,FALSE,"2026-10-06 06:52:00",40.5882214127677,31.6337785872323,34.48,35.82,"","","","","Undervalued",13,"D","NONE",27,"D","NONE",90,"PASS"
"SNDK","Technology","Computer Hardware","United States","Large","Good","No",1693.64,1693,1695.2,1694.1,1725,1743.2399,1681,1693.44,1694.705,1695.146,1704.16,-0.62,-0.55,"Moderate","Mixed trend","Mixed trend","Hold","Neutral",1693.6,1698,"","Moderate reward to risk ratio zone"," + ","Very Strong"," + ",NA,"Neutral","Neutral","644.29-2764.03","1015.89-1418.06","False",10.71,73.76,"medium","normal",FALSE,-0.139150943396221,-0.256772673733799,0.215384615384621,-0.0206612789921965,-0.609439415501533,1692.67628492273,1687.54036988484,FALSE,"",6,1366.15,7,2,0.29636693262445,1731.607,1702.075,NA,NA,14.6959492306115,43.9487702154355,7.12121212121414,0.909090909095231,-7.07453848833076,-19.5454545454519,1.53256704981567,1.00901932586638,1693.033654,1696.59213,1698.43466243537,1693.41593756463,FALSE,FALSE,1905.62426714132,1517.69723285868,0,0,0.923736893876904,97.5943790879785,FALSE,TRUE,31.7113020706951,51.6533330513452,-1.06622100879175,-11.052653555472,6.77159039647136,-2.05977011494252,-3.53665715708916,-0.509664952215263,-2.05357809976493,-0.920354188105741,-2.05357809976493,-0.509664952215261,-3.53665715708916,-2.05977011494253,25.5602386222948,FALSE,1694.852,1695.9253,"low",FALSE,-2.55466954985368,FALSE,"2026-10-06 07:02:00",1905.62426714132,1517.69723285868,1681,1743.24,"","","","","",14,"D","NONE",30,"D","NONE",70,"PASS"
"SNX","Technology","Electronics & Computer Distribution","United States","Large","Good","No",282,255,295,275,277.895,284.66,277.25,281.5,279.82,279.588,277.28,1.7,0.92,"Very Weak","Uptrend","Mixed trend","Hold","Neutral",277.25,282,"","Low reward High risk zone"," + ","Strong"," + ",NA,"Lower","Neutral","207.46-347.1","146.16-235.21","False",2.92,16.4,"high","expanding",TRUE,1.65825522710888,1.03181427343078,-0.335748365435585,-0.430760539509931,-0.0620182510853234,276.633918275853,274.081226329198,FALSE,"",7,239.01,0,8,2.07891231964229,271.809,266.359,NA,NA,92.5823887947347,64.1984424247034,66.9616519174039,100,20.2298607189912,0,100,2.26164099715228,281.582952,282.145709166667,282.202637399651,276.455372600349,FALSE,FALSE,286.204730519211,246.663269480789,10,7.97001488126898,0.626636776228396,11.3400792684583,FALSE,FALSE,75.2829149960419,58.2965773867377,-0.795740546291199,10.461317823281,10.8499240425362,5.57416996649405,-0.826209807217713,7.99610516066211,7.95405878917654,-0.391565183029792,7.95405878917654,7.99610516066211,-0.826209807217715,5.57416996649405,16.0305428212539,FALSE,279.062,279.329005,"medium",FALSE,0.695367369337198,FALSE,"2026-10-06 04:20:00",286.204730519211,246.663269480789,277.25,284.66,"","","","","Undervalued",48,"C","EARLY_REVERSAL",75,"A","PULLBACK_ENTRY",60,"AVOID"
"SOFI","Financial Services","Credit Services","United States","Large","Moderate","No",16.0103,16.01,16.02,16.02,15.77,16.19,15.74,15.97,16.013,16.009,15.92,0.57,0.58,"Moderate","Mixed trend","Mixed trend","Hold","Neutral",15.98,16.03,"","Excellent reward to risk ratio zone"," + Breakout Signal + ","Very Strong"," + Breakout Signal + ",NA,"Lower","Neutral","9.89-21.95","11.95-17.38","False",6.07,0.49,"medium","quiet",FALSE,-0.0605493133582941,0.0643750000000054,0.0581213674145344,0.252348152786476,0.505973119393337,15.9708413084844,15.9282574119023,FALSE,"",5,14.66,4,-1,0.299825397009797,15.929,16.617,NA,NA,24.4794851450135,51.7432719716543,56.9166666666678,50.7500000000005,-7.87222222222128,-9.25000000000097,100,0.0056499557523868,16.00437,15.9681708333333,16.0300392285268,15.9821207714732,FALSE,FALSE,18.0592969659963,15.3677030340037,2.08732894301188,10,0.00917605749513006,0.625618270082164,FALSE,TRUE,48.5432582093945,38.4749679740618,2.26675756066406,-15.2289669861555,-15.811739820201,-12.6234906695938,-6.18738951090158,-0.0627746390458241,1.27226463104325,0.95117311350666,1.27226463104326,-0.0627746390458261,-6.18738951090159,-12.6234906695939,17.5146144224486,FALSE,16.01422,16.00608,"medium",FALSE,-1.40958985234006,FALSE,"2026-10-06 07:07:00",18.0592969659963,15.3677030340037,15.74,16.19,"","","","","",40,"C","NONE",12,"D","NONE",45,"AVOID"
"SOXL","NA","NA","NA","ETF",NA,"No",165.4124,165.43,165.5,165.46,161.66,164.375,158.08,164.82,165.606,165.673,164.27,0.7,0.81,"-","Mixed trend","Uptrend","Hold","Neutral",165.35,165.932,"","Low reward High risk zone"," + Breakdown Signal: below lower bollinger band limit + ","Very Strong"," + Breakdown Signal: below lower bollinger band limit + ",NA,"Neutral","Lower","96.43-187.78","42.04-92.6","False",14.52,NA,"low","normal",FALSE,-0.305930568948889,-0.197658983950777,-0.167541794918225,0.505772268805431,0.28032737193089,165.172761495631,164.233992393275,FALSE,"",4,92.23,7,0,0.246265913545733,157.084,140.537,NA,NA,23.8674504230873,41.9388031509245,23.4743806739488,10.7216494845356,-15.1713369008347,-31.566907729393,14.1818181818175,0.14274155669678,165.63264,165.039604166667,165.906293475391,165.498726524609,FALSE,TRUE,174.826185884272,94.031814115728,0,10,0.177305390868426,11.8477996315427,FALSE,FALSE,89.1852203924041,65.352574764061,0.210920328821203,-14.500598553063,36.3010288748755,40.1621160409556,15.8135927805979,15.4473258837585,11.0983362640335,0.342068291491053,11.0983362640335,15.4473258837585,15.8135927805979,40.1621160409556,85.92237906748,FALSE,165.64048,165.70251,"medium",FALSE,2.4800138341265,FALSE,"2026-10-06 07:06:00",174.826185884272,94.031814115728,158.08,164.38,"","","","","",13,"D","NONE",55,"B","NONE",85,"PASS"
"SOXS","NA","NA","NA","ETF",NA,"No",29.39,29.37,29.38,29.38,30.09,30.75,29.615,29.54,29.399,29.389,29.62,-0.78,-0.75,"-","Mixed trend","Mixed trend","Hold","Neutral",29.3403,29.44,"","Excellent reward to risk ratio zone"," + ","Very Strong"," + ","Upwards Momentum Signal","Neutral","Neutral","-18.23-77.47","9.5-231.31","False",15.66,NA,"low","normal",FALSE,-0.00510351632274657,0.017015484090519,-0.0340136054421701,-0.608725059181602,-0.410354070163425,29.309388412322,29.1507733545765,FALSE,"",6,25.34,8,-1,0.22951702894982,31.197,36.973,NA,NA,42.3484585177723,49.7522672566196,71.5751184964331,49.8495486459382,4.25709024466379,-40.120361083248,29.5774647887329,0.0216794833889283,29.392078,29.49861,29.4164405675687,29.3490794324313,FALSE,FALSE,53.0801701449959,24.0548298550041,0,0,0.0309639493071606,3.56427709873475,FALSE,FALSE,10.982984523182,33.3097307586324,-0.102376351756334,-26.5012406947891,-36.232508073197,-35.2851212584662,-15.1046145027228,-13.9703746732501,-10.459492140266,-0.302928306967351,-10.459492140266,-13.9703746732501,-15.1046145027228,-35.2851212584662,120.663253346412,FALSE,29.398,29.38276,"medium",FALSE,5.21893872286738,FALSE,"2026-10-06 07:07:00",53.0801701449959,24.0548298550041,29.61,30.75,"","","","","",21,"D","NONE",2,"D","NONE",95,"PASS"
"SPCX","NA","NA","NA","Large",NA,"No",172.92,172.88,172.89,172.88,158.985,172.47,158.62,173,172.963,173.162,171.09,1.07,1.09,"Good","Mixed trend","Uptrend","Hold","Neutral",172.85,173.55,"","Low reward High risk zone"," + Breakdown Signal: below lower bollinger band limit + Positive News + ","Very Strong"," + Breakdown Signal: below lower bollinger band limit + Positive News + ","Upwards Momentum Signal","Higher","Neutral","107.75-234.43","108.98-136.76","True",6.72,-1.1,"high","expanding",FALSE,0.0231374363720454,-0.248053071820021,-0.184714846455796,0.0115673799884221,-0.0751227968795284,172.746677152565,172.349645106313,FALSE,"",4,130.68,5,-1,0.564312327296958,158.539,151.057,NA,NA,33.0744015663329,32.1445973318847,9.91542288557091,9.99999999999878,1.37147595356505,-3.77611940298515,46.6666666666603,0.0359515229728033,173.30239,173.149295,173.742544419717,172.767595580283,FALSE,FALSE,162.99858383907,139.57941616093,6.11238408110913,10,0.103364690648166,7.32056984534345,FALSE,FALSE,91.248440840183,68.9427718578126,7.55442408321267,17.7494838265657,24.9105643571585,15.6404190604934,12.6703984194929,17.6118787378841,13.4097839056078,7.63085052843482,13.4097839056078,17.6118787378841,12.6703984194929,15.6404190604934,16.7783820295809,FALSE,172.93778,173.25507,"medium",FALSE,6.02587513728245,TRUE,"2026-10-06 07:05:00",162.99858383907,139.57941616093,158.62,172.47,"","News Alert","","","",17,"D","NONE",97,"A","TREND_CONFIRMED",83,"PASS"
"SPRO","Healthcare","Biotechnology","United States","Micro","Moderate","No",1.21,1.16,1.21,1.19,1.17,1.2,1.15,1.17,1.181,1.172,1.16,4.31,1.81,"Very Weak","Uptrend","Downtrend","Hold","Neutral",1.16,1.21,"","Excellent reward to risk ratio zone"," + Breakout Signal: above upper bollinger band limit + ","Strong"," + Breakout Signal: above upper bollinger band limit + ",NA,"Lower","Lower","-3.26-4.49","0.64-1.7","False",5.59,0.14,"high","expanding",TRUE,1.255230125523,3.862660944206,3.41880341880342,3.41880341880342,3.862660944206,1.15020241578271,1.09605942574803,TRUE,"Thrust",13,1.03,2,10,5.05292010233064,1.197,1.203,NA,NA,81.9790842733327,66.7059409426653,33.3333333333333,100,-11.1111111111111,100,100,0.0248997991959786,1.1688,1.1693825,1.19831885347805,1.14068114652195,TRUE,FALSE,1.31189908286865,1.05710091713135,10,0,0.0102198938818309,0.0750361672318535,TRUE,TRUE,27.3588274550746,43.9949631957922,-2.80951156750898,-44.7619047619048,-4.91803278688525,-4.13223140495868,1.75438596491228,-2.52100840336135,-4.13223140495868,-2.52100840336135,-4.13223140495869,-2.52100840336135,1.75438596491229,-4.13223140495869,24.103485448556,FALSE,1.178,1.1695,"medium",FALSE,0.492353175083604,FALSE,"2026-10-06 05:49:00",1.31189908286865,1.05710091713135,1.15,1.2,"","","","","",79,"A","TREND_CONFIRMED",3,"D","NONE",48,"AVOID"
"SPXL","NA","NA","NA","ETF",NA,"No",296.81,296.74,296.8,296.77,288.59,296.4,288.59,296.18,296.723,296.337,294.56,0.76,0.73,"-","Uptrend","Uptrend","Hold","Neutral",295.83,296.81,"","Low reward High risk zone"," + Breakout Signal: above upper bollinger band limit + ","Very Strong"," + Breakout Signal: above upper bollinger band limit + ",NA,"Higher","Neutral","232.81-356.31","172.8-259.65","False",4.24,NA,"medium","normal",FALSE,0.0283089449525836,0.216092109261568,0.733073137620915,0.794648011681996,0.246554985139158,295.703081325963,295.084425354827,TRUE,"Breakout",10,258.2,2,9,0.397464601142877,288.457,285.875,NA,NA,83.3199242150568,70.9079566047985,99.7206703910628,100,2.57603972687764,0,100,0.0876356092505555,295.543354,295.141784166667,296.939077652213,295.763522347787,FALSE,FALSE,296.962564948356,271.083435051644,9.88811540770234,10,0.127339119226558,7.47187630160754,FALSE,FALSE,84.1343968961809,58.1345402713768,4.49475716981907,5.61870271433182,2.87071313822729,1.5794192702945,0.108754758020661,3.47783320452469,4.78833155460689,2.04746232461459,4.78833155460689,3.47783320452468,0.108754758020657,1.5794192702945,9.5465552484912,FALSE,296.724,296.3513,"low",FALSE,0.0488989978564991,FALSE,"2026-10-06 07:10:00",296.962564948356,271.083435051644,288.59,296.4,"","","","","",66,"B","TREND_CONFIRMED",97,"A","TREND_CONFIRMED",45,"AVOID"
"SPY","NA","NA","NA","ETF",NA,"No",776.87,776.92,776.96,776.94,769.69,776.605,769.63,776.44,776.858,776.796,774.83,0.26,0.26,"-","Mixed trend","Uptrend","Hold","Neutral",776.66,776.9,"","Low reward High risk zone"," + Breakout Signal: above upper bollinger band limit + ","Very Strong"," + Breakout Signal: above upper bollinger band limit + ",NA,"Neutral","Neutral","718.45-831.21","632.33-741.22","False",1.41,NA,"low","normal",FALSE,-0.00128720008237963,0.00128723322091379,0.0515151905418081,0.078581918429394,0.0644022824168889,776.596625934718,776.318232181969,TRUE,"RSER",7,740.41,5,5,0.0321231177311078,769.219,765.961,NA,NA,55.1625320895879,58.3924012338114,81.9444444444458,87.5000000000118,-4.10628019323815,-12.4999999999882,72.7520435967522,0.0391152143314376,776.5937,776.486279166667,776.957001332112,776.707498667888,FALSE,FALSE,776.797448765074,751.815551234926,2.68054455193476,10,0.0633912009062326,6.760280128246,FALSE,FALSE,84.9959772506447,59.602079840854,4.21083739739287,2.88813937430286,1.44143908250635,0.852553756442972,0.171945701357471,1.20426849179086,1.59972725961476,0.674341250454765,1.59972725961477,1.20426849179087,0.171945701357479,0.852553756442975,3.32287586883684,FALSE,776.866,776.83225,"medium",FALSE,0.170515180464237,FALSE,"2026-10-06 07:06:00",776.797448765074,751.815551234926,769.63,776.6,"","","","","",47,"C","NONE",93,"A","TREND_CONFIRMED",80,"PASS"
"SQQQ","NA","NA","NA","ETF",NA,"No",31.91,31.91,31.92,31.91,33.17,33.1975,32.16,32.04,31.915,31.924,32.25,-1.05,-1.04,"-","Mixed trend","Mixed trend","Hold","Neutral",31.89,31.95,"","Excellent reward to risk ratio zone"," + Breakdown Signal: below lower bollinger band limit + ","Very Strong"," + Breakdown Signal: below lower bollinger band limit + ",NA,"Neutral","Neutral","16.91-47.59","24.21-34.11","False",6.25,NA,"low","normal",FALSE,-0.0892339965871944,-0.0782840144042542,-0.156445556946185,-0.343535290443482,-0.467872738615103,31.8742956612131,31.8039017288877,FALSE,"",6,30.67,6,1,0.134917413337019,33.402,35.386,NA,NA,25.0761673338168,41.3925991098693,32.2222222222228,33.3333333333333,-8.28703703703731,0,50,0.0113490087758795,31.932212,31.9920933333333,31.9465316806024,31.9034883193976,FALSE,FALSE,41.2366331718272,30.8723668281728,5.32797587061473,0,0.0157141878548426,1.41058928617902,FALSE,FALSE,8.77666713703779,32.3344220286187,-2.69376341198503,-13.4228187919463,-16.1684429425526,-14.3198724760893,-5.45294635004397,-7.4074074074074,-6.2772449869224,-2.62681159420289,-6.27724498692239,-7.40740740740741,-5.45294635004397,-14.3198724760893,33.5713371162604,FALSE,31.9176,31.92501,"medium",FALSE,3.2714753186622,FALSE,"2026-10-06 07:09:00",41.2366331718272,30.8723668281728,32.16,33.2,"","","","","",9,"D","NONE",0,"D","NONE",95,"PASS"
"SRFM","Industrials","Airlines","United States","ETF",NA,"No",0.94,0.93,0.94,0.94,0.98,0.9901,0.8515,0.93,0.938,0.936,0.891,5.5,5.24,"-","Mixed trend","Mixed trend","Hold","Neutral",0.9225,0.9758,"","Moderate reward to risk ratio zone"," + ","Strong"," + ",NA,"Neutral","Neutral","0.21-1.23","0.17-0.84","False",8.53,NA,"high","expanding",FALSE,0,0,5.60611167284574,4.6887181200579,4.49088483770565,0.912267610854873,0.854908426302547,TRUE,"MomentumPullback",6,0.5,1,4,6.00394770159038,1.01,0.888,NA,NA,67.5365135856346,53.6403135387641,55.035595142552,75.4310344827584,10.1868431752514,11.7946708463949,75.4310344827584,0.00366578777344676,0.9196,0.903345833333333,0.969711705394201,0.914788294605799,FALSE,FALSE,1.32405566876422,0.281094331235777,8.91534530948491,0,0.0104264995083136,0.118013372758148,FALSE,FALSE,15.5421733125256,52.310334977129,-5.52475448363658,-4.16442483589799,23.6944444444444,32.9055364870915,32.8857057594748,-25.1596638655462,-25.7833333333333,-8.37448559670782,-25.7833333333333,-25.1596638655462,32.8857057594748,32.9055364870915,371.036062144429,FALSE,0.93734,0.94225,"high",FALSE,-0.899592847424998,FALSE,"2026-10-06 07:06:00",1.32405566876422,0.281094331235777,0.85,0.99,"","","","","",36,"D","NONE",34,"D","NONE",70,"PASS"
"SSRM","Basic Materials","Gold","United States","Mid","Good","No",33.7527,33.7,33.94,33.82,33.47,34.14,32.885,33.91,33.875,33.926,33.91,-0.46,-0.1,"Very Weak","Mixed trend","Mixed trend","Hold","Neutral",33.7527,34.14,"","Excellent reward to risk ratio zone"," + Breakdown Signal: below lower bollinger band limit + ","Strong"," + Breakdown Signal: below lower bollinger band limit + ",NA,"Higher","Neutral","21.03-46.79","23.74-31.43","False",6.31,2.98,"high","expanding",FALSE,-0.287444608567221,-0.463874963137716,-0.75654219347251,-0.960387323943665,-0.169476486246687,33.6650724601793,33.236190592915,FALSE,"",2,30.74,7,-1,1.10297622474005,33.834,34.956,NA,NA,27.0770957732,39.8654407869209,39.0476190476193,0,5.82010582010594,-65.7142857142866,0,0.111630452834487,33.98374,33.9601233333333,34.1187129197389,33.7464970802611,FALSE,FALSE,38.3895267784206,32.5249732215794,0,10,0.0876275398207089,1.46444593695416,FALSE,TRUE,54.0545528150607,44.966223836102,3.49702269618411,18.7324929971989,-10.2197511252317,-8.721399730821,-7.3750341436766,0.206855791962155,1.77070828331331,1.92365494439433,1.77070828331332,0.206855791962157,-7.3750341436766,-8.721399730821,18.0309250891258,FALSE,33.87654,33.932605,"low",TRUE,0.326163241730089,FALSE,"2026-10-06 07:00:00",38.3895267784206,32.5249732215794,32.88,34.14,"","","","","Undervalued",9,"D","NONE",26,"D","NONE",73,"PASS"
"STX","Technology","Computer Hardware","Singapore","Large","Good","Yes",871.95,870.14,872,871.07,876,903,875,872.13,871.897,873.001,887.09,-1.71,-1.71,"Moderate","Mixed trend","Mixed trend","Hold","Neutral",869.58,876,"","Low reward High risk zone"," + ","Very Strong"," + ",NA,"Neutral","Lower","749.09-994.29","352.13-710.22","False",7.26,13.9,"medium","normal",FALSE,-0.234553775743702,-0.405482581382062,0.252946248922109,-0.0286631506535198,-1.77856329394112,868.633859820739,864.742028296724,TRUE,"MomentumPullback",10,716.52,5,5,0.777085684289365,895.181,881.133,NA,NA,50.9793416973249,45.9459586724602,17.7362409138108,36.9158878504676,5.9120803046036,20.6230529595028,86.81318681319,1.77512737571924,870.908966,877.298363333333,877.591325386668,870.824274613331,FALSE,FALSE,978.203976512319,769.775023487681,10,2.33189906536515,0.948718840482642,55.6299549475976,FALSE,TRUE,45.0406584483218,51.6134434105871,5.15531423893809,-2.47578632600785,4.44708708142985,4.53570586848928,1.19436015605394,-3.73517379084329,-3.8218010711885,4.48768536731882,-3.8218010711885,-3.73517379084328,1.19436015605394,4.53570586848928,27.0766063674412,FALSE,871.8312,874.2078,"medium",FALSE,-0.844862986353654,FALSE,"2026-10-06 07:03:00",978.203976512319,769.775023487681,875,903,"","","","","",22,"D","NONE",63,"B","RSI_DIVERGENCE",60,"AVOID"
"STZ","Consumer Defensive","Beverages - Brewers","United States","Large","Good","Yes",113.99,113.48,114.03,113.75,113.54,114.5,110.6016,113.98,113.747,113.536,113.31,0.6,0.39,"-","Uptrend","Mixed trend","Hold","Oversold",113.175,114,"","Excellent reward to risk ratio zone"," + ","Very Strong"," + ",NA,"Lower","Neutral","89.2-137.42","95.74-130.73","True",2.72,10.5,"medium","normal",TRUE,0.451542859559948,0.418889216796089,0.39633609300686,0.255057167985921,0.162558762796,113.07275455395,112.630388231379,FALSE,"",10,109.18,0,8,0.652014095659565,113.322,118.003,NA,NA,95.8068857832695,72.6207427119609,71.3163841807902,98.3050847457619,4.93879472693052,7.6610169491515,98.1481481481472,0.27697009224796,113.433222,113.625101666667,113.873766670494,113.136103329506,TRUE,FALSE,127.051914061884,108.965085938116,10,10,0.102981739741741,2.76491882598791,FALSE,TRUE,49.1754161261111,26.7062186570199,2.15527496406114,-14.8109164724457,-16.4750110570544,-11.6008737712592,-4.29090294788411,0.34537725823592,0.221121528392004,0.389829006822006,0.221121528391999,0.345377258235913,-4.29090294788411,-11.6008737712592,16.5987370799117,FALSE,113.66452,113.504935,"high",FALSE,-2.66610302076585,TRUE,"2026-10-06 07:11:00",127.051914061884,108.965085938116,110.6,114.5,"","","Earnings Alert","Strong fundamentals, below 50/200-day averages","Undervalued",66,"B","TREND_CONFIRMED",19,"D","EARLY_REVERSAL",20,"AVOID"
"T","Communication Services","Telecom Services","United States","Large","Good","Yes",24.26,24.24,24.3,24.27,24.27,24.35,24.01,24.26,24.253,24.25,24.24,0.08,0.05,"Very Weak","Mixed trend","Mixed trend","Hold","Neutral",24.2,24.3,"","Excellent reward to risk ratio zone"," + Breakout Signal + ","Very Strong"," + Breakout Signal + ",NA,"Neutral","Neutral","20.14-28.34","20.38-23.51","False",2.55,3.03,"medium","normal",FALSE,-0.0412031314379811,-0.164609053497939,0.11761550048491,0.643020120306995,0.730357372706483,24.1857403985835,24.1110512038951,TRUE,"Breakout",8,23.51,4,7,0.300393889753071,24.425,24.999,NA,NA,63.3411500275367,54.0752313579994,46.9666666666667,60.0000000000014,-6.56666666666667,19.1000000000014,100,0.0165487763898138,24.236298,24.1547033333333,24.2867537126954,24.2140162873046,FALSE,FALSE,26.684619864953,23.869380135047,10,10,0.0142949558001914,0.503970251837062,FALSE,FALSE,6.45839014536925,37.477186735588,-0.684733996020626,14.7184098438239,-4.15183867141163,-5.60747663551402,-4.75442043222004,-2.65060240963855,-0.655737704918033,-0.246913580246923,-0.655737704918036,-2.65060240963856,-4.75442043222004,-5.60747663551402,11.7943562588471,FALSE,24.25418,24.250385,"medium",TRUE,1.87659003523376,FALSE,"2026-10-06 07:12:00",26.684619864953,23.869380135047,24.01,24.35,"","","","Strong fundamentals, below 50/200-day averages","Undervalued",36,"D","NONE",15,"D","NONE",65,"AVOID"
"TER","Technology","Semiconductor Equipment & Materials","United States","Large","Good","Yes",446,445,448.38,446.69,447.09,447.71,435.5,444.77,445.478,445.025,444.53,0.33,0.21,"Very Weak","Uptrend","Mixed trend","Hold","Neutral",442,446.6758,"","Low reward High risk zone"," + ","Strong"," + ",NA,"Lower","Neutral","257.26-631.8","255.77-311.71","False",7.38,7.28,"high","expanding",TRUE,0.904977375565611,0.0134547248508773,0.507042253521127,0.427831569466331,0.136958620534815,441.269081711514,438.544625382207,FALSE,"",7,314.82,2,8,1.12539972521141,427.374,394.969,NA,NA,71.1197420728118,56.8925911791144,86.7587721174278,85.5468582916296,16.9905565773654,-4.27734291458123,47.7272727272683,0.851862664987849,444.675924,444.419969166667,447.692429521027,442.710170478973,FALSE,FALSE,448.769027028362,321.580972971638,0,2.92755347728209,0.73753293363085,19.9723624216443,FALSE,FALSE,84.6047003219864,67.7175902582917,-1.87407797349559,23.6660546375118,18.3519701810437,24.5077444472453,16.5094092362531,10.7724894094194,10.8802474370806,-1.00436486727241,10.8802474370806,10.7724894094194,16.5094092362531,24.5077444472453,39.5508642446771,FALSE,445.438,445.2013,"medium",FALSE,6.14194564210965,FALSE,"2026-10-06 07:00:00",448.769027028362,321.580972971638,435.5,447.71,"","","","","",79,"A","TREND_CONFIRMED",83,"A","TREND_CONFIRMED",90,"PASS"
"TGHL","Technology","Software - Infrastructure","Singapore","ETF",NA,"No",0.8001,0.8,0.82,0.81,0.78,0.8114,0.7601,0.81,0.812,0.808,0.762,5,6.52,"-","Mixed trend","Mixed trend","Hold","Neutral",0.7721,0.85,"","Good reward to risk ratio zone"," + ","Weak"," + ",NA,"Neutral","Neutral","0.51-1.15","0.29-0.58","False",15.44,NA,"high","normal",TRUE,3.62647325475975,-2.42682926829267,5.20710059171599,2.55062804409126,NA,0.75677481826545,0.681186897682723,FALSE,"",5,0.53,2,4,10.2417207049739,0.774,0.807,NA,NA,36.2622483470685,48.8184517932648,61.5318784766795,35.9435173299102,15.6753672799886,-38.382541720154,0,0.022292218373235,0.787776,NA,0.854964109914686,0.775535890085314,FALSE,FALSE,0.951918941208125,0.705681058791875,0,3.13469151761956,0.0158809453513964,0.0803932727291007,FALSE,FALSE,36.4702982357477,44.7718156434016,-2.11293044925556,21.6690601563746,-11.3062696289403,-8.85727946449917,-6.8986568986569,-4.08805031446542,-0.417918244743384,-2.97747805064259,-0.417918244743387,-4.08805031446542,-6.8986568986569,-8.85727946449917,34.8936505165391,FALSE,0.80764,0.81525,"low",FALSE,2.09142724091597,FALSE,"2026-10-06 06:51:00",0.951918941208125,0.705681058791875,0.76,0.81,"","","","","",30,"D","NONE",10,"D","NONE",85,"PASS"
"TLT","NA","NA","NA","ETF",NA,"No",77.5098,77.51,77.52,77.52,77.16,77.26,76.685,77.51,77.504,77.508,77.11,0.52,0.51,"-","Mixed trend","Mixed trend","Hold","Oversold",77.48,77.54,"","Excellent reward to risk ratio zone"," + Breakout Signal: above upper bollinger band limit + ","Very Strong"," + Breakout Signal: above upper bollinger band limit + ",NA,"Neutral","Lower","68.6-79.66","72.61-81.68","False",1.04,NA,"medium","quiet",FALSE,0.0126451612903206,-0.0131578947368389,0.0255516840882741,-0.0776073224184539,0.0642912470952811,77.4710671229985,77.4426558365244,FALSE,"",6,76.62,0,7,0.10523150641937,77.663,79.377,NA,NA,74.0646464976697,50.1552664167296,38.7777777777688,49.6666666666556,-0.0555555555547637,16.3333333333302,85.2173913043489,0.00545087149081517,77.501792,77.52598,77.5562639159378,77.4747360840622,FALSE,FALSE,82.952784873961,76.5812151260391,10,0,0.00893631272346156,0.810995794957722,FALSE,FALSE,11.5312716762014,25.3070498393428,-1.68382625318412,-7.61950401341799,-5.28190639970519,-5.82559843673668,-5.35166318890389,-1.53237134465586,-0.464696011359235,-0.477542591636557,-0.464696011359234,-1.53237134465586,-5.35166318890389,-5.82559843673668,8.320016517674,FALSE,77.50398,77.5155,"high",TRUE,1.22619349183509,FALSE,"2026-10-06 07:07:00",82.952784873961,76.5812151260391,76.68,77.26,"","","","","",36,"D","NONE",2,"D","NONE",65,"AVOID"
"TMO","Healthcare","Diagnostics & Research","United States","Large","Good","Yes",679,669,680,674.5,648.04,676.76,648.04,678.38,678.058,676.15,676.76,0.33,0.19,"Very Weak","Uptrend","Mixed trend","Hold","Neutral",672.79,679,"","Low reward High risk zone"," + Breakout Signal: above upper bollinger band limit + ","Strong"," + Breakout Signal: above upper bollinger band limit + ",NA,"Lower","Higher","631.34-869.53","468.61-579.86","False",2.5,18.58,"high","expanding",TRUE,0.330988829127018,0.613460569599619,0.933523605660598,0.984562301079747,1.5273966969953,672.084350957843,669.376282896205,TRUE,"MomentumPullback",11,593.34,1,9,1.09817010867728,667.568,652.86,NA,NA,78.3814544869,76.5443501338687,95.3783939919124,100,-1.54053533602918,13.8648180242627,100,0.76581522709072,674.404962,672.622803333333,679.263002741226,671.884567258774,FALSE,FALSE,704.585036601257,594.004963398743,10,10,0.712162338358779,16.510438481045,TRUE,TRUE,68.475028207944,64.7281269979391,8.06445987386461,28.5028007215418,7.6289381192449,10.3455022745431,2.73240633918271,-0.271146478043034,0.253314569291169,3.35369578497252,0.253314569291163,-0.271146478043038,2.7324063391827,10.3455022745431,18.6160183864128,FALSE,678.07618,675.573785,"high",FALSE,-1.41413344968691,FALSE,"2026-10-06 05:50:00",704.585036601257,594.004963398743,648.04,676.76,"","","","","",59,"B","TREND_CONFIRMED",80,"A","RSI_DIVERGENCE",25,"AVOID"
"TQQQ","NA","NA","NA","ETF",NA,"No",84.032,84.06,84.07,84.06,80.949,83.38,80.85,83.74,84.043,84.027,83.12,1.1,1.11,"-","Mixed trend","Uptrend","Hold","Neutral",83.96,84.1169,"","Low reward High risk zone"," + Breakout Signal: above upper bollinger band limit + ","Very Strong"," + Breakout Signal: above upper bollinger band limit + ",NA,"Neutral","Neutral","57.52-108.72","39.11-64.13","False",5.79,NA,"low","normal",FALSE,0.0463133281186171,0.0738358937715822,0.0857551214864254,0.276849642004772,0.492825272453083,83.9177946590007,83.6915730879777,FALSE,"",4,64.61,4,-1,0.140401734892535,80.418,76.544,NA,NA,41.4225142949457,51.8299927637631,57.7862757595056,45.8891013384317,2.37017079655494,-24.2192479286137,3.33889816359829,0.0283337254965891,84.008322,83.8556141666667,84.0851807654138,83.9672892345862,FALSE,FALSE,85.0286104246308,65.3173895753692,0,10,0.0422415342407485,2.86867529506356,FALSE,FALSE,91.2147150290375,67.6782740028913,3.27901617639246,8.11654526534861,17.0209770519499,15.0768378789976,5.53580497714576,7.89200415368639,6.52313212866847,2.60461671398593,6.52313212866846,7.89200415368638,5.53580497714576,15.0768378789977,30.1776004482191,FALSE,84.0484,84.026235,"medium",FALSE,2.5787514067538,FALSE,"2026-10-06 07:10:00",85.0286104246308,65.3173895753692,80.85,83.38,"","","","","",72,"A","TREND_CONFIRMED",93,"A","TREND_CONFIRMED",85,"PASS"
"TRMD","Energy","Oil & Gas Midstream","United Kingdom","Mid","Good","No",40.09,40.1,40.21,40.16,41.15,41.545,38.97,40.24,40.132,40.153,41.05,-2.34,-2.24,"Moderate","Mixed trend","Uptrend","Hold","Overbought",39.99,40.22,"","Low reward High risk zone"," + ","Very Strong"," + ",NA,"Neutral","Higher","38.66-56.54","24.41-30.99","False",3.36,6.07,"low","quiet",FALSE,-0.074775672981042,-0.149439601494384,-0.668979187314163,-0.938967136150224,-2.42180844590483,39.9312612355426,39.6601373868297,FALSE,"",3,31.84,7,-1,0.576452364368433,39.072,36.003,NA,NA,30.5597346320005,43.3798029362086,72.068511198946,43.4782608695664,2.08607817303499,-47.430830039523,0,0.0376828873639466,40.262052,40.6099625,40.2482210247923,40.0175389752077,FALSE,FALSE,40.5520857373897,31.5789142626103,0,7.17818174427034,0.0588856480894501,1.49494697123315,FALSE,FALSE,96.8201573152532,77.4634960780995,2.21281676503133,49.3813682678311,38.4485666104553,25.1524390243902,10.5872844827586,15.8949745906268,7.88436268068331,2.62499999999999,7.88436268068331,15.8949745906267,10.5872844827586,25.1524390243902,28.4150727924285,FALSE,40.148,40.13288,"high",FALSE,3.11120347093826,FALSE,"2026-10-06 07:00:00",40.5520857373897,31.5789142626103,38.97,41.55,"","","","","",9,"D","NONE",73,"A","TREND_CONFIRMED",65,"AVOID"
"TSLA","Consumer Cyclical","Auto Manufacturers","United States","Large","Moderate","Yes",382.55,382.55,382.65,382.6,369,381.59,364.91,381.27,382.571,382.294,378.73,1.01,1.01,"Good","Mixed trend","Uptrend","Hold","Neutral",381.8931,383.36,"","Low reward High risk zone"," + Breakout Signal + ","Very Strong"," + Breakout Signal + ",NA,"Neutral","Neutral","258.42-499.04","278.9-380.3","False",4.51,1.08,"medium","expanding",FALSE,0.0523080946776484,0.0941939872838153,0.227939635296585,0.304150606990227,0.404188866433957,381.602429154979,379.996359317565,TRUE,"MomentumPullback",9,329.98,2,5,0.383564048642486,367.878,364.337,NA,NA,48.0192197442672,57.7354449401592,42.4562636425485,40.4411764705887,-8.07785190510402,11.0294117647083,44.8430493273563,0.365491515663838,381.875804,381.428230833333,382.974940668219,381.511599331781,FALSE,FALSE,384.139966009989,348.057033990011,3.51613939639003,10,0.29117083226394,12.7458745160082,FALSE,FALSE,83.944553645058,58.7717551981764,3.78001163241186,-7.11938395134392,4.37358760954638,6.96170356981474,0.913935518252067,5.95328017904603,6.74163636876075,2.19649747699615,6.74163636876075,5.95328017904604,0.913935518252074,6.96170356981474,10.3669595773815,FALSE,382.75936,382.24327,"low",FALSE,-0.00951250706497753,FALSE,"2026-10-06 07:05:00",384.139966009989,348.057033990011,364.91,381.59,"","","","","",79,"A","TREND_CONFIRMED",58,"B","NONE",85,"PASS"
"TSLG","NA","NA","NA","ETF",NA,"No",5.21,5.22,5.22,5.22,4.85,5.185,4.76,5.19,5.216,5.2,5.12,1.76,1.87,"-","Mixed trend","Uptrend","Hold","Neutral",5.17,5.23,"","Low reward High risk zone"," + ","Very Strong"," + ",NA,"Neutral","Neutral","3.44-6.33","2.85-5.93","False",9.04,NA,"medium","quiet",FALSE,-0.19157088122605,0.192307692307688,0.773694390715668,1.65853658536585,1.26336248785229,5.16343556150494,5.1300643795256,TRUE,"RSER",6,3.9,5,2,1.38300007216443,4.844,4.784,NA,NA,29.0245918941721,61.0974414784415,68.6589705195695,50.2487562189049,-10.4470098268102,-25.4793991208998,0,0.0070710678120069,5.165322,5.15474,5.23406986584052,5.16267013415948,FALSE,FALSE,5.29664570967533,4.34435429032467,0,10,0.00661522718747328,0.331109259255454,FALSE,FALSE,83.1693911670035,57.3023205821266,3.79971788317477,-21.2307692307692,5.34979423868312,12.5274725274725,1.18577075098815,12.035010940919,13.5254988913526,4.27698574338085,13.5254988913525,12.035010940919,1.18577075098816,12.5274725274725,21.9202062196332,FALSE,5.22,5.19837,"low",FALSE,-0.117916335757112,FALSE,"2026-10-06 07:05:00",5.29664570967533,4.34435429032467,4.76,5.18,"","","","","",47,"C","NONE",58,"B","NONE",80,"PASS"
"TSLL","NA","NA","NA","ETF",NA,"No",10.44,10.43,10.44,10.43,9.7,10.37,9.49,10.36,10.43,10.419,10.21,2.25,2.16,"-","Uptrend","Uptrend","Hold","Neutral",10.39,10.47,"","Low reward High risk zone"," + ","Very Strong"," + ",NA,"Neutral","Neutral","6.88-12.66","5.7-11.86","False",8.98,NA,"medium","expanding",FALSE,0.193861686404721,0.191938579654506,0.481231953801722,0.772200772200773,0.871514425399519,10.3784075631234,10.3199055021668,TRUE,"RSER",7,7.79,1,8,0.672285337254544,9.672,9.563,NA,NA,91.6134181073442,65.2453569826323,49.2083333333325,49.9999999999985,3.9722222222223,-3.69482222595252e-13,100,0.00837096171375005,10.396298,10.3666141666667,10.4550943427386,10.3852756572614,FALSE,FALSE,10.577060094211,8.70103990578898,10,10,0.011648223387118,0.665144267660269,FALSE,FALSE,83.1240790894421,57.2120827204198,3.80736322418251,-21.4615384615385,5.23603380746239,12.3706801672903,0.889328063241123,11.5846994535519,13.3185349611543,4.18367346938776,13.3185349611543,11.5846994535519,0.889328063241113,12.3706801672903,21.5608732833633,FALSE,10.42756,10.420185,"low",FALSE,-0.177383449992764,FALSE,"2026-10-06 07:14:00",10.577060094211,8.70103990578898,9.49,10.37,"","","","","",79,"A","TREND_CONFIRMED",58,"B","NONE",43,"AVOID"
"TSM","Technology","Semiconductors","Taiwan","Large","Good","No",484.91,484.61,485,484.8,478.77,487.47,476.4001,484.34,484.728,484.637,485.8,-0.18,-0.22,"Moderate","Uptrend","Uptrend","Hold","Overbought",484.3776,484.9597,"","Low reward High risk zone","Strong Bullish Breakout Signal + Bullish Signal + ","Very Strong","Strong Bullish Breakout Signal + Bullish Signal + ","Breakout Signal: above upper bollinger band limit","Higher","Neutral","392.88-578.72","321.73-402.44","False",4.14,13.76,"low","quiet",FALSE,0.0350703469901423,0.0577760353259248,0.117685923111874,0.229433650268709,-0.316579299002973,484.265539885305,483.687133501601,TRUE,"MomentumPullback",9,401.71,2,10,0.0975561738468015,469.275,447.993,NA,NA,74.9059036491264,63.5289026455775,57.0859746348747,90.0540324194574,-10.2632913519052,74.9025172679407,88.9481876806822,0.146116391999705,484.44688,484.568275833333,484.873996752168,484.401433247832,FALSE,FALSE,480.886142666829,406.505857333171,10,10,0.112183284727829,10.9171111235159,TRUE,FALSE,97.9072860701679,75.7607201591614,4.12361806018383,12.1421975992613,16.2006362570861,13.5020209808182,9.13420496922317,7.26903373962198,6.49071658738684,2.75392360082915,6.49071658738685,7.26903373962198,9.13420496922317,13.5020209808182,18.2974695178124,TRUE,484.71,484.637715,"medium",FALSE,2.95904362532915,FALSE,"2026-10-06 07:00:00",480.886142666829,406.505857333171,476.4,487.47,"","","","","",79,"A","TREND_CONFIRMED",77,"A","TREND_CONFIRMED",40,"AVOID"
"UNH","Healthcare","Healthcare Plans","United States","Large","Good","Yes",379.68,379.6,379.76,379.68,372.33,379.14,368.0501,379.52,379.65,379.414,378.58,0.29,0.28,"Moderate","Mixed trend","Mixed trend","Hold","Neutral",378.7,380,"","Good reward to risk ratio zone"," + ","Very Strong"," + ",NA,"Neutral","Lower","310.1-392.23","264.29-354.15","False",2.36,15.55,"medium","quiet",FALSE,0.063251106894373,-0.0842105263157877,0.47102408044457,0.290559459031122,0.941138937629612,378.482549272088,377.4161058051,TRUE,"RSER",6,354.86,2,7,0.324918457724478,373.42,377.852,NA,NA,56.1857685089011,58.1231455794638,40.4761904761907,42.8571428571443,2.79503105590077,-3.57142857142531,75.0000000000178,0.122474487134716,378.530674,378.046855,380.236017888958,379.004562111042,FALSE,FALSE,392.55853105066,362.19046894934,10,10,0.218013446985999,8.81909450994708,FALSE,TRUE,74.6644787820738,48.0793284689929,6.77412012306242,-10.2933510260177,-2.35737129887549,-4.08654455169618,0.270155736836524,0.198501971786253,3.1328320802005,1.79618176929282,3.1328320802005,0.198501971786258,0.27015573683653,-4.08654455169618,8.38455583588757,FALSE,379.64,379.62029,"low",FALSE,-2.1004413556529,FALSE,"2026-10-06 07:12:00",392.55853105066,362.19046894934,368.05,379.14,"","","","","",47,"C","NONE",37,"D","EARLY_REVERSAL",60,"WATCH"
"V","Financial Services","Credit Services","United States","Large","Good","Yes",369.5,369.13,370.38,369.76,359.49,370.165,359.05,370,369.821,369.728,369.71,-0.06,0.03,"Very Weak","Mixed trend","Mixed trend","Hold","Neutral",369.0001,370.5,"","Low reward High risk zone"," + ","Very Strong"," + ",NA,"Higher","Neutral","323.6-415.82","303.08-350.85","False",1.8,11.75,"high","expanding",FALSE,-0.14862856370761,-0.0730183627660388,0.124539210341205,-0.0892301868425991,0.301311110507889,368.62745884539,366.805505884275,FALSE,"",3,350.79,6,0,0.428836215122827,364.61,366.842,NA,NA,30.7197325381799,47.7975074101878,50.4411405204796,33.328888592574,-16.3119160951095,-33.335555703713,0,0.375792495937625,369.577912,369.447490833333,370.492345536314,368.910324463686,FALSE,FALSE,376.527443477925,358.050556522075,0,10,0.373145987300125,6.11872328500107,FALSE,TRUE,79.5663416157649,53.0334047215895,11.7277411474032,6.14090491502067,-0.358451918930585,-1.42906657423948,-0.0648736315718365,0.535704573883714,2.88870954276014,2.50928852659013,2.88870954276013,0.535704573883722,-0.0648736315718379,-1.42906657423948,5.16041285770491,FALSE,369.978,369.701335,"low",TRUE,-0.674654111650753,FALSE,"2026-10-06 06:36:00",376.527443477925,358.050556522075,359.05,370.16,"","","","","",22,"D","NONE",56,"B","NONE",80,"PASS"
"VALE","Basic Materials","Other Industrial Metals & Mining","Brazil","Large","Moderate","No",14.23,14.22,14.25,14.23,14.72,14.73,13.92,14.25,14.242,14.236,14.15,0.57,0.65,"-","Mixed trend","Mixed trend","Hold","Neutral",14.19,14.29,"","Good reward to risk ratio zone"," + ","Very Strong"," + ","Upwards Momentum Signal","Higher","Neutral","13.13-15.46","10.89-14.65","True",3.33,0.5,"medium","normal",FALSE,-0.419874037788654,0,-0.453311693762767,0.246565692145123,-0.105300105300097,14.1650015356122,14.0351654586636,FALSE,"",3,12.85,6,2,0.834478419464433,13.778,14.059,NA,NA,35.8860996811527,49.5971524092263,48.1333333333338,40.0000000000011,-12.8444444444444,-19.3999999999993,0,0.023566331916508,14.216972,14.2532908333333,14.2927665029268,14.1744834970732,FALSE,FALSE,15.625898536015,12.813101463985,0,10,0.025068932222617,0.426856376057597,FALSE,FALSE,87.0266275210849,49.6179591657233,7.49681064461869,0.0707213578500692,-3.01576422206991,-7.33464309102815,0,4.12067696835909,5.51826994780015,2.8343023255814,5.51826994780016,4.12067696835909,0,-7.33464309102816,21.9525075949512,FALSE,14.25088,14.233625,"high",FALSE,-2.13374847031585,TRUE,"2026-10-06 07:10:00",15.625898536015,12.813101463985,13.92,14.73,"","","","Strong fundamentals, below 50/200-day averages","",21,"D","NONE",33,"D","NONE",70,"PASS"
"VCX","NA","NA","NA","ETF",NA,"No",30.15,30,30.15,30.08,29.87,30.0899,29.8,30.12,30.052,29.944,29.8,1.17,0.84,"-","Mixed trend","Mixed trend","Hold","Neutral",29.8,30.24,"","Excellent reward to risk ratio zone"," + Breakout Signal: above upper bollinger band limit + ","Strong"," + Breakout Signal: above upper bollinger band limit + ",NA,"Neutral","Lower","-22.5-44.53","17.04-38.35","False",16.05,NA,"high","expanding",TRUE,0.937395379979905,1.17449664429529,0.869856139176976,0.768716577540096,0.634178905206935,29.717175619496,29.2860010857082,TRUE,"MomentumPullback",11,23.85,0,7,1.51415623977924,29.787,31.707,NA,NA,64.7532105658797,60.3373225737048,74.2424242424241,79.5454545454545,6.68510720281835,36.3636363636366,64.0000000000001,0.147192995757265,29.910486,29.9350158333333,30.1349169186533,29.6854330813466,TRUE,FALSE,36.4957527963102,26.2602472036898,6.31245053927185,10,0.0837971500736681,1.93183287859126,TRUE,FALSE,51.1321373018744,36.8092336810532,-0.0764223591462354,-57.9630413316406,-29.2329612918547,-19.1973969631236,-3.21532965248457,5.78629747958821,0.607697501688048,-0.100569896077766,0.607697501688054,5.78629747958821,-3.21532965248457,-19.1973969631236,38.9771867462932,FALSE,30.04166,29.910175,"low",FALSE,-4.94424538590285,FALSE,"2026-10-06 07:05:00",36.4957527963102,26.2602472036898,29.8,30.09,"","","","","",79,"A","TREND_CONFIRMED",9,"D","EARLY_REVERSAL",70,"PASS"
"VEA","NA","NA","NA","ETF",NA,"No",71.38,71.18,71.5,71.34,70.88,71.2556,70.6218,71.34,71.232,71.162,71.13,0.35,0.14,"-","Uptrend","Mixed trend","Hold","Neutral",70.9972,71.38,"","Good reward to risk ratio zone"," + Breakout Signal: above upper bollinger band limit + ","Very Strong"," + Breakout Signal: above upper bollinger band limit + ",NA,"Lower","Neutral","63.99-78.27","64.81-70.07","False",1.75,NA,"high","expanding",TRUE,0.495720695670283,0.154342640662269,0.210585427488406,0.231692761356445,0.358523725834791,70.9339421465999,70.6411835321027,TRUE,"Breakout",10,68.77,2,10,0.513105643425973,71.003,71.526,NA,NA,87.1689080191032,64.1458484557385,74.3401759530789,100,15.1555881394598,0,100,0.14611639196233,71.184502,71.1731825,71.3225609545804,70.9584690454196,TRUE,FALSE,73.1376587006936,70.0993412993064,10,10,0.063598924685788,0.854489549370394,FALSE,FALSE,57.669690740767,46.3443002368517,7.105427357601e-15,0.43772945495623,-2.8809393773894,-3.32970916009786,-1.61825726141079,-0.252419015565849,0.736439597790676,0,0.736439597790683,-0.252419015565852,-1.61825726141079,-3.32970916009786,4.33430235587298,FALSE,71.19,71.140515,"low",TRUE,-0.42092057282916,FALSE,"2026-10-06 07:00:00",73.1376587006936,70.0993412993064,70.62,71.26,"","","","","",79,"A","TREND_CONFIRMED",22,"D","NONE",50,"AVOID"
"VEEA","Technology","Information Technology Services","United States","ETF",NA,"No",5.06,5.06,5.1,5.08,5.35,6.7799,4.66,5.15,5.069,5.11,5.72,-11.54,-11.38,"-","Mixed trend","Uptrend","RSER","Neutral",5.02,5.215,"","Moderate reward to risk ratio zone"," + ","Very Strong"," + ","Upwards Momentum Signal","Neutral","Lower","0.97-7.13","0.25-5.28","True",12.67,NA,"medium","quiet",FALSE,-1.93798449612404,-0.978473581213321,-1.17187500000001,-2.6923076923077,-6.29629629629631,4.98927485279541,4.85803048588396,FALSE,"",6,1.46,4,1,3.80699374403407,3.961,3.349,NA,NA,38.6032378224012,41.0543094248276,20.0000000000001,26.6666666666666,-1.06280193236722,4.44444444444446,100,0.033694183474275,5.13233,5.16526833333333,5.22586101064321,5.03420898935679,FALSE,FALSE,6.223984435943,0.493015564057,10,10,0.0309699690946667,1.02542467176779,FALSE,TRUE,89.5691825081463,66.577466130636,14.4185684292149,34.1463414634146,103.125,236.470588235294,57.5757575757576,100,163.594470046083,71.7717717717718,163.594470046083,100,57.5757575757576,236.470588235294,1162.43163293389,FALSE,5.06314,5.130035,"high",FALSE,-20.7846508597163,TRUE,"2026-10-06 07:07:00",6.223984435943,0.493015564057,4.66,6.78,"","","","","",9,"D","NONE",100,"A","TREND_CONFIRMED",40,"AVOID"
"VIST","Energy","Oil & Gas E&P","Mexico","Mid","Good","No",67,66,67.75,66.88,64.99,67.04,64.8,67.36,67.373,67.023,66.54,0.69,1.25,"Very Weak","Mixed trend","Mixed trend","Hold","Neutral",66.2,68.49,"","Excellent reward to risk ratio zone"," + ","Very Strong"," + ",NA,"Higher","Neutral","45.87-87.21","49.63-66.47","False",4.28,7.56,"high","expanding",FALSE,-0.568392621284294,-0.208519511468574,0.75187969924812,0.303755701969097,0.0485310038451471,65.7075867344867,63.155480329495,FALSE,"",5,61.37,5,2,3.59870782380811,65.902,68.988,NA,NA,40.3580084172986,50.5616591743098,65.5455418253893,34.9344978165939,-5.20428353653287,-65.0655021834061,0,0.630372905509669,66.661084,66.6738325,68.1101815268187,65.7442384731813,FALSE,FALSE,80.4777790466118,61.5602209533882,0,10,0.498363878993872,2.63883604351257,FALSE,TRUE,62.8879857445149,42.0915011010315,7.55318827716896,2.66934115105694,-4.36907157229088,-9.75179709751797,-5.38888098962035,-0.552981617097579,1.82096403978579,3.56420233463036,1.82096403978578,-0.552981617097581,-5.38888098962035,-9.75179709751797,30.7301660069535,FALSE,67.442,66.92721,"high",FALSE,3.65610212852881,FALSE,"2026-10-06 06:34:00",80.4777790466118,61.5602209533882,64.8,67.04,"","","","","",36,"D","NONE",25,"D","NONE",90,"PASS"
"VIXY","NA","NA","NA","ETF",NA,"No",16.28,16.3,16.37,16.34,16.6,16.65,16.2,16.32,16.295,16.339,16.54,-1.57,-1.48,"-","Downtrend","Mixed trend","Hold","Neutral",16.2603,16.48,"","Good reward to risk ratio zone"," + ","Moderate"," + ",NA,"Higher","Neutral","12.53-20.76","12.4-24.13","False",5.3,NA,"high","expanding",FALSE,-0.183936235438367,-0.428134556574925,-1.27349909035778,-1.45278450363195,-1.24355474673945,16.2320348963565,16.0934827035749,FALSE,"",5,15.17,9,-1,1.20342490384227,16.742,17.086,NA,NA,11.3745367856073,32.5729204717512,28.0879676065244,11.1111111111129,-0.732816794566067,-22.2222222222218,11.1111111111129,0.00894427190999857,16.45271,16.4928833333333,16.4238944800157,16.2285955199843,FALSE,FALSE,17.950989673967,16.204010326033,0,0,0.0282993479404441,0.6164423803866,FALSE,FALSE,27.4716947208813,39.0881263105856,-1.9071954288129,-18.6823992133727,-9.17078528281165,-2.70588235294118,-2.36127508854783,-1.48898153662895,-2.36127508854783,-1.07655502392344,-2.36127508854783,-1.48898153662894,-2.36127508854783,-2.70588235294118,10.7811542499901,FALSE,16.296,16.326245,"low",FALSE,0.595744704500706,FALSE,"2026-10-06 07:07:00",17.950989673967,16.204010326033,16.2,16.65,"","","","","",9,"D","NONE",4,"D","NONE",78,"PASS"
"VOO","NA","NA","NA","ETF",NA,"No",714.1,714.12,714.18,714.15,707.44,713.8583,707.42,713.65,714.054,713.92,712.32,0.25,0.24,"-","Uptrend","Uptrend","Hold","Neutral",713.46,714.1,"","Low reward High risk zone"," + Breakout Signal: above upper bollinger band limit + ","Very Strong"," + Breakout Signal: above upper bollinger band limit + ",NA,"Neutral","Neutral","660.69-763.95","581.08-681.3","False",1.4,NA,"medium","quiet",FALSE,0.00980350965646402,0.00840289059437274,0.0574479115582351,0.0798845178198604,0.245665754193865,713.389984341128,713.271359223591,TRUE,"MomentumPullback",10,680.63,0,8,0.1119649638449,707.108,704.056,NA,NA,76.0037325396999,65.041630106581,91.5598290598172,100,0.856200329882649,12.8205128205308,100,0.040987802850209,713.72326,713.176280833333,714.301886695439,713.503013304561,FALSE,FALSE,714.051089153657,691.000910846343,10,10,0.070078465506827,6.18637962542348,FALSE,FALSE,84.9265119405741,59.7271950359775,4.20537431437813,2.92451739683274,1.48309612343464,0.868038346620597,0.192699908573037,1.23790167848667,1.63513397825529,0.675580179212495,1.6351339782553,1.23790167848667,0.192699908573046,0.868038346620592,3.3357667038501,FALSE,714.054,713.90245,"medium",FALSE,0.179862799447825,FALSE,"2026-10-06 07:07:00",714.051089153657,691.000910846343,707.42,713.86,"","","","","",79,"A","TREND_CONFIRMED",93,"A","TREND_CONFIRMED",53,"AVOID"
"VOOG","NA","NA","NA","ETF",NA,"No",87.76,87.54,87.98,87.76,86.66,87.525,86.61,87.56,87.621,87.477,87.29,0.54,0.38,"-","Uptrend","Uptrend","Hold","Neutral",87.29,87.77,"","Low reward High risk zone"," + Breakout Signal: above upper bollinger band limit + ","Very Strong"," + Breakout Signal: above upper bollinger band limit + ",NA,"Lower","Neutral","78.13-96.45","65.7-81.06","False",1.77,NA,"high","expanding",TRUE,0.492385205542204,0.469376073268473,0.532676556503813,0.314339601074476,0.549954170485797,87.1878624370098,86.6732916942784,TRUE,"MomentumPullback",8,81.19,0,8,0.651287454383106,86.354,85.198,NA,NA,76.0497770430813,62.6538609672527,91.756944444445,97.9166666666685,28.363425925927,20.5625000000021,92.025518341315,0.228782512443612,87.404384,87.4010825,87.7431311204125,87.1753688795875,TRUE,FALSE,87.6733428911298,81.9286571088702,10,10,0.102687507481071,0.989562236364644,TRUE,FALSE,91.3702831487009,66.6172457689474,3.7554162255715,4.90325682009375,4.71449136276392,3.42417061611374,1.31151346332406,2.14135267961621,2.11745437529247,0.913294797687868,2.11745437529247,2.14135267961622,1.31151346332405,3.42417061611375,7.01181489478818,FALSE,87.56626,87.45925,"medium",FALSE,0.924483032219465,FALSE,"2026-10-06 07:10:00",87.6733428911298,81.9286571088702,86.61,87.53,"","","","","",79,"A","TREND_CONFIRMED",89,"A","TREND_CONFIRMED",50,"AVOID"
"VTI","NA","NA","NA","ETF",NA,"No",381.49,380.9,381.75,381.32,378.075,381.56,378.05,381.37,381.47,381.235,380.6,0.23,0.23,"-","Mixed trend","Uptrend","Hold","Neutral",380.8,381.5,"","Low reward High risk zone"," + Breakout Signal: above upper bollinger band limit + ","Very Strong"," + Breakout Signal: above upper bollinger band limit + ",NA,"Neutral","Neutral","352.58-408.62","311.41-364.74","False",1.38,NA,"high","normal",FALSE,0,0.0970822837951313,0.183828356837099,0.223308112652381,0.115470410707256,380.712357576224,380.40017077873,FALSE,"",5,364.34,0,5,0.313015353977053,377.779,376.606,NA,NA,71.388387923675,68.4642710724801,98.5714285714298,98.5714285714298,0.00690131125005185,0,0,0.0134164079433686,380.923744,380.986720833333,381.755256927615,380.564033072385,FALSE,FALSE,381.46177062148,370.195229378519,0,10,0.0878012296383363,3.37475127463801,FALSE,FALSE,84.409680235058,58.3692127594267,4.38166878733281,2.38063214525892,0.877309231625541,0.483142804340376,0.121008049665922,1.26649638143892,1.69944420692604,0.690494457525335,1.69944420692605,1.26649638143892,0.121008049665927,0.483142804340386,3.04340530316265,FALSE,381.484,381.159645,"low",FALSE,0.0211676098313101,FALSE,"2026-10-06 07:11:00",381.46177062148,370.195229378519,378.05,381.56,"","","","","",47,"C","NONE",93,"A","TREND_CONFIRMED",68,"PASS"
"WDC","Technology","Computer Hardware","United States","-",NA,"Yes",430,429.66,430,429.83,430.5,447.71,429.44,434.04,430.486,431.72,441.64,-2.64,-2.53,"-","Mixed trend","Mixed trend","Hold","Neutral",430,434.7687,"","Moderate reward to risk ratio zone"," + ","Very Strong"," + ",NA,"Neutral","Neutral","330.44-496.88","239.27-411.96","False",8.04,NA,"high","expanding",FALSE,0,-0.621692204580646,-0.759306699900764,-0.462962962962963,-1.31276966859452,429.100278876465,424.843347197626,FALSE,"",5,368.05,6,-1,1.58118817345436,442.599,449.908,NA,NA,29.1978519383097,35.9001630274789,11.6375727348295,0,0.523978799294107,-9.97506234413911,0,0.43025573790536,432.667234,432.873843333333,435.628508933224,428.847621066776,FALSE,FALSE,489.120393604271,407.182606395729,0,4.3254316973123,0.899721123534647,29.2223050253541,FALSE,TRUE,48.9030093683614,46.8938212035727,7.66691506238635,-24.168956043956,-3.84288793572689,-5.49314159765466,-1.45703639244038,-2.55720053835801,-2.82093033490296,6.3449637602639,-2.82093033490296,-2.55720053835802,-1.45703639244038,-5.49314159765466,20.1231059287709,FALSE,430.568,432.238065,"low",FALSE,1.24446301439303,FALSE,"2026-10-06 07:09:00",489.120393604271,407.182606395729,429.44,447.71,"","","","","",9,"D","NONE",40,"C","RSI_DIVERGENCE",78,"PASS"
"WF","Financial Services","Banks - Regional","South Korea","Large","Good","No",75.4,73,83.74,78.37,74.95,76.0499,74.95,75.61,75.603,75.728,75.68,-0.37,-0.1,"Very Weak","Mixed trend","Mixed trend","Hold","Neutral",75.4,76.0499,"","Moderate reward to risk ratio zone"," + Breakdown Signal: below lower bollinger band limit + ","None"," + Breakdown Signal: below lower bollinger band limit + ",NA,"Higher","Neutral","57.85-93.51","58.64-69.45","False",3.51,8.59,"high","normal",FALSE,-0.422609614368718,-0.369978858350953,-0.815444377064428,-0.527704485488115,NA,75.2669100526477,74.6653649028096,FALSE,"",2,69.75,7,-1,0.830783161672172,75.795,76.352,NA,NA,17.2747903129772,37.9245064305976,23.3680084426355,0,1.60048302478398,-42.9669832654902,0,0.134981480211188,75.820334,NA,76.0830435626026,75.4561664373974,FALSE,TRUE,81.7016589995553,73.1493410004447,0,10,0.133089947352322,2.2204452947992,FALSE,FALSE,48.1778888486389,49.8287963158933,1.18211521243695,18.8442211055277,10.5947683764431,1.09537803900615,-4.76909525607146,-4.51678021700732,0.185332274291767,0.624916899348508,0.185332274291761,-4.51678021700731,-4.76909525607146,1.09537803900615,11.6915858463558,FALSE,75.622,75.769605,"medium",TRUE,1.23243977806232,FALSE,"2026-10-06 05:27:00",81.7016589995553,73.1493410004447,74.95,76.05,"","","","","Undervalued",9,"D","NONE",56,"B","RESUMING",78,"PASS"
"WFC","Financial Services","Banks - Diversified","United States","Large","Good","Yes",81.7,81.6,82,81.8,82.16,82.22,80.94,81.76,81.772,81.756,81.44,0.32,0.41,"Very Weak","Mixed trend","Mixed trend","Hold","Neutral",81.65,81.88,"","Excellent reward to risk ratio zone"," + ","Very Strong"," + ",NA,"Higher","Neutral","67.72-95.16","69.07-81.9","False",2.79,6.96,"medium","normal",FALSE,-0.134457890233467,-0.0733855185910008,0.171652770966161,0.0734933855952992,-0.0122384041120927,81.5981859127087,81.32203124099,FALSE,"",6,77.16,8,3,0.227231169950115,80.994,83.528,NA,NA,22.8791263333265,46.5443089398843,35.2941176470626,0,-21.5686274509791,-58.8235294117691,0,0.0651920240527276,81.640256,81.6492791666667,81.8532872495771,81.6677127504229,FALSE,FALSE,92.3233123985759,77.2846876014241,0,10,0.0518458166772689,1.85137624998219,FALSE,TRUE,67.1193759339753,38.7355164974169,5.031479938412,-6.02354027232864,-2.86259541984733,-9.4809380904746,-5.89322856482552,0.779606484345991,1.73641474078701,1.23057799875699,1.73641474078701,0.779606484345985,-5.89322856482553,-9.4809380904746,19.4587378999442,FALSE,81.8,81.7605,"high",FALSE,0.923386721096637,FALSE,"2026-10-06 07:08:00",92.3233123985759,77.2846876014241,80.94,82.22,"","","","Strong fundamentals, below 50/200-day averages","Undervalued",26,"D","NONE",26,"D","EARLY_REVERSAL",85,"PASS"
"WHLR","Real Estate","REIT - Retail","United States","ETF",NA,"No",1.4,1.4,1.41,1.4,2.08,2.08,1.09,1.47,1.39,1.395,1.09,28.44,27.52,"-","Mixed trend","Downtrend","Hold","Oversold",1.37,1.43,"","Excellent reward to risk ratio zone"," + Breakout Signal + ","Very Strong"," + Breakout Signal + ","Breakdown Signal: below lower bollinger band limit","Neutral","Neutral","-91.53-70.16","3.3-43.97","False",27.45,NA,"medium","quiet",TRUE,2.1897810218978,1.44927536231884,-4.08331049602632,0,-3.44827586206897,1.35616315481983,1.28070799294898,TRUE,"MomentumPullback",9,0.21,2,6,5.5056974002126,2.326,5.017,NA,NA,85.8128428023375,50.8470493167265,51.6666666666664,74.9999999999999,15.3148148148148,35.0000000000001,100,0.0112968137100727,1.410604,1.42193916666667,1.43340019701609,1.35859980298391,FALSE,FALSE,5.27808809459582,1.17271190540418,10,0,0.0141398417899531,2.54978417286484,TRUE,FALSE,11.2536565875184,25.2422308446763,-1.29042053505495,-98.5222342733189,-91.5175097276265,-71.0568242166755,-47.2920696324952,-73.3496332518338,-66.4615384615385,-47.3429951690821,-66.4615384615385,-73.3496332518338,-47.2920696324952,-71.0568242166755,350.075425198033,FALSE,1.38606,1.396,"medium",TRUE,24.9894847201237,FALSE,"2026-10-06 07:04:00",5.27808809459582,1.17271190540418,1.09,2.08,"","","","","",38,"D","NONE",2,"D","NONE",70,"AVOID"
"WMT","Consumer Defensive","Discount Stores","United States","Large","Good","Yes",104.93,104.9,104.96,104.93,103.84,105.1,103.39,105.01,104.906,104.939,105.07,-0.13,-0.16,"Weak","Mixed trend","Mixed trend","Hold","Neutral",104.81,105.3,"","Excellent reward to risk ratio zone"," + Breakout Signal + ","Very Strong"," + Breakout Signal + ",NA,"Neutral","Neutral","84.21-125.93","90.51-118.29","False",2.44,2.76,"high","normal",FALSE,-0.159565813523984,0.114492891899632,-0.104722010662604,-0.0856979622928863,0.162275677739597,104.727583385656,104.310272333938,TRUE,"MomentumPullback",8,100.94,4,2,0.485717166119429,105.217,106.735,NA,NA,59.3982925037618,48.5467647724597,25.1419302514191,41.7101147028169,-5.64500680841652,21.8978102189789,100,0.0363015151190239,105.037534,104.9761675,105.183507422365,104.675082577635,FALSE,FALSE,110.674282482046,103.290717517954,10,10,0.0825109755095748,2.13787005491674,FALSE,FALSE,45.7816999869917,43.1410091620975,2.97406635531179,-7.53322186042419,1.32111861137897,-1.93205152137391,-2.20588235294118,-3.36613630092892,1.10662047729022,0.776903894110865,1.10662047729022,-3.36613630092891,-2.20588235294118,-1.93205152137391,7.14833350132132,FALSE,104.8934,104.929295,"low",TRUE,1.11231485575315,FALSE,"2026-10-06 07:10:00",110.674282482046,103.290717517954,103.39,105.1,"","","","Strong fundamentals, below 50/200-day averages","",21,"D","NONE",22,"D","NONE",65,"AVOID"
"XLE","NA","NA","NA","ETF",NA,"No",63.05,63.04,63.15,63.09,62.745,63.75,62.05,63.15,63.061,63.053,63.45,-0.63,-0.61,"-","Mixed trend","Mixed trend","Hold","Neutral",62.97,63.1197,"","Moderate reward to risk ratio zone"," + Positive News + ","Very Strong"," + Positive News + ",NA,"Neutral","Neutral","55.05-71.85","44.69-59.76","False",2.1,NA,"medium","normal",FALSE,-0.0475586556753347,0.0952532147959917,0.0317309217832715,-0.473559589581696,-0.292559500276749,62.93112053586,62.7456600970676,FALSE,"",7,59.65,6,-1,0.268131104080596,62.738,62.769,NA,NA,40.9317663228275,48.9053235794524,69.0269427744369,53.4402137608529,0.512135381874971,-20.040080160321,0,0.0205322185844667,63.082256,63.2772266666667,63.1310506603411,62.9622293396589,FALSE,FALSE,65.7252501264549,60.8087498735451,0,10,0.038928858409184,1.2416069828524,FALSE,TRUE,85.0215957364339,55.3648990677237,3.7135763891138,15.8904109589041,0.300347771103391,-0.361180904522608,1.58501440922191,2.17391304347826,3.17073170731708,1.0028653295129,3.17073170731708,2.17391304347827,1.5850144092219,-0.361180904522607,8.08518554177462,FALSE,63.07062,63.04664,"medium",FALSE,-0.242961731894383,FALSE,"2026-10-06 07:12:00",65.7252501264549,60.8087498735451,62.05,63.75,"","News Alert","","","",26,"D","NONE",64,"B","NONE",75,"PASS"
"XLF","NA","NA","NA","ETF",NA,"No",53.9678,53.88,53.99,53.94,53.5,53.97,53.3,53.94,53.943,53.934,53.88,0.16,0.12,"-","Uptrend","Mixed trend","Hold","Neutral",53.88,53.9887,"","Excellent reward to risk ratio zone"," + Breakout Signal: above upper bollinger band limit + ","Very Strong"," + Breakout Signal: above upper bollinger band limit + ",NA,"Lower","Neutral","49.25-58.51","48.37-52.12","False",1.63,NA,"high","expanding",FALSE,0.0144551519644107,0.125788497217066,-0.00407633870669257,0.0329935125115738,0.0700908585202989,53.8491538705626,53.6854119538871,TRUE,"MomentumPullback",9,52.51,1,9,0.291957708501118,53.8,55.001,NA,NA,62.8141990362979,54.6213931608858,54.9218031278727,80.772769089232,-5.78145763058465,61.1775528978827,100,0.0340273419473112,53.9419,53.9256858333333,54.0018918588233,53.8446881411767,FALSE,FALSE,57.8746120841108,52.6523879158892,10,10,0.0308963946594352,0.699782168538051,FALSE,TRUE,57.3544708825897,33.4486874599936,5.93400612057481,-2.93640785444063,-5.93575418994413,-6.94300518134714,-3.61359570661896,-0.572061265916212,0.89887640449439,0.729108244531689,0.898876404494398,-0.572061265916213,-3.61359570661896,-6.94300518134714,9.9183045155786,FALSE,53.9447,53.92329,"high",FALSE,-0.545401226901088,FALSE,"2026-10-06 07:11:00",57.8746120841108,52.6523879158892,53.3,53.97,"","","","","",42,"C","NONE",18,"D","NONE",55,"AVOID"
"XLI","NA","NA","NA","ETF",NA,"No",170.36,170,170.84,170.42,169.64,170.83,168.15,170.3,170.212,170.113,170.1,0.15,0.07,"-","Uptrend","Mixed trend","Hold","Neutral",169.27,170.36,"","Moderate reward to risk ratio zone"," + Positive News + ","Very Strong"," + Positive News + ",NA,"Lower","Neutral","152.72-187.48","151.82-170.07","False",1.65,NA,"high","expanding",FALSE,0.152851263962386,0.211764705882361,0.011741223435488,-0.152385417887698,-0.190409233383126,169.169778336413,168.992207080586,FALSE,"",7,163.47,0,8,0.50206537504387,169.397,170.579,NA,NA,96.4545579619644,60.1392948842222,100,100,1.03373150026312,0,100,0.117473401244719,170.229,170.40591,170.468293377122,169.616706622878,FALSE,FALSE,172.724403882045,166.721596117955,10,10,0.100867032602551,2.3933416928456,FALSE,FALSE,67.8635376460998,45.0734510934911,0.518608707330593,-6.24483271785262,-5.37909551093064,-2.6887871853547,0.070596540769505,0.782083185211514,1.86848724398132,0.0882612533098003,1.86848724398132,0.782083185211513,0.0705965407695075,-2.6887871853547,3.60049801817112,FALSE,170.18,170.0425,"low",FALSE,-1.43487144818976,FALSE,"2026-10-06 04:56:00",172.724403882045,166.721596117955,168.15,170.83,"","News Alert","","","",50,"C","NONE",29,"D","EARLY_REVERSAL",50,"AVOID"
"XLK","NA","NA","NA","ETF",NA,"No",201.98,201.91,202,201.95,200.27,201.3,199.95,201.62,201.915,201.659,200.93,0.52,0.49,"-","Uptrend","Uptrend","Hold","Neutral",200.9199,201.98,"","Low reward High risk zone"," + ","Very Strong"," + ",NA,"Higher","Neutral","170.18-231.68","129.13-179.08","False",2.59,NA,"high","normal",FALSE,0.0891972249752123,0.188492063492061,0.412627392493156,0.462571499626948,0.465070009201921,200.837302978034,200.701573974945,TRUE,"Breakout",10,179.72,2,10,0.609060575600728,198.435,193.166,NA,NA,79.9639757416143,70.251634122738,92.5925925925932,100,-2.46913580246892,11.1111111111101,100,0.0403732584772177,201.320642,201.1776925,202.208051964931,200.983938035069,FALSE,FALSE,203.080485259986,180.625514740014,10,10,0.0830328230139698,3.08490377133728,FALSE,TRUE,92.6812351637308,70.3760984258996,1.41718477727417,8.28303513688295,9.7378481703987,7.41473324067145,3.1203489863998,3.28998097979746,2.64623243933589,0.560532505880589,2.64623243933588,3.28998097979747,3.12034898639979,7.41473324067143,12.4317821611709,FALSE,201.944,201.595995,"medium",FALSE,1.33394843223213,FALSE,"2026-10-06 07:12:00",203.080485259986,180.625514740014,199.95,201.3,"","","","","",66,"B","TREND_CONFIRMED",80,"A","TREND_CONFIRMED",28,"AVOID"
"XOM","Energy","Oil & Gas Integrated","United States","Large","Good","Yes",163.04,162.67,163.2,162.94,163.76,164.74,161.3932,163.1,163.001,163.346,164,-0.59,-0.61,"Very Weak","Mixed trend","Mixed trend","Hold","Neutral",162.44,164.14,"","Low reward High risk zone"," + ","Strong"," + ",NA,"Neutral","Neutral","138.67-189.33","136.32-152.51","False",2.61,7.77,"high","expanding",FALSE,-0.0367872470876777,-0.542914658695794,-0.342298288508559,-0.688310897240662,-0.869459475892264,162.211263146875,161.381754138616,TRUE,"MomentumPullback",7,152.42,5,5,1.36366927164179,163.364,162.408,NA,NA,56.5506790489903,42.4667305288315,32.3529411764709,35.2941176470587,0.392156862745118,2.35294117647014,100,0.125419296760967,163.728876,163.903443333333,164.597182293743,162.382817706257,FALSE,FALSE,168.060971717474,157.945028282526,10,10,0.22958173192277,3.51305434650424,FALSE,FALSE,74.3433077435399,55.1021461477814,-0.024537118259218,18.8491919704326,-0.672279086669501,2.84065968520725,3.60075805432722,0.910657149889238,0.768049155145929,-0.0060971891957752,0.768049155145922,0.910657149889249,3.60075805432722,2.84065968520726,6.40472419103437,FALSE,162.956,163.49,"low",FALSE,-0.261000919294489,FALSE,"2026-10-06 07:11:00",168.060971717474,157.945028282526,161.39,164.74,"","","","","",9,"D","NONE",53,"C","NONE",60,"AVOID"
"XP","Financial Services","Capital Markets","Cayman Islands","Large","Good","No",28.2652,28.13,28.29,28.21,25.97,29,25.84,28.25,28.23,28.257,28.15,0.41,0.28,"Very Weak","Uptrend","Uptrend","Hold","Overbought",28.03,28.66,"","Low reward High risk zone"," + Breakout Signal + ","Very Strong"," + Breakout Signal + ","Breakout Signal: above upper bollinger band limit","Neutral","Higher","23.77-44.38","14.06-17.93","True",4.75,1.91,"medium","expanding",FALSE,0.195675292449483,-0.122968197879861,0.231205673758868,0.0538053097345136,-1.85694444444445,27.9303737400316,27.4620789329392,TRUE,"MomentumPullback",8,17.85,3,8,1.49694292212591,23.4,20.931,NA,NA,58.547622698424,50.238881797387,26.2010582010581,37.3333333333332,-3.46737213403881,5.58730158730155,100,0.0828801544393452,28.236088,28.3456125,28.4897426261897,28.0695573738103,FALSE,FALSE,24.4335948306419,16.9824051693581,8.39181718700329,10,0.100462224875432,1.28831593799976,FALSE,FALSE,98.9628732836705,87.8072444900938,18.4191052447014,66.371158392435,67.4598453301606,41.742195367573,35.4667949951877,39.149777558082,34.0795427482734,30.9302325581395,34.0795427482734,39.149777558082,35.4667949951877,41.742195367573,43.8759385786422,TRUE,28.2314,28.27965,"high",FALSE,25.3797566572808,TRUE,"2026-10-06 07:00:00",24.4335948306419,16.9824051693581,25.84,29,"","","","","",40,"C","NONE",80,"A","TREND_CONFIRMED",50,"AVOID"
