"Symbol","Sector","Industry","Country","MarketCap","Fundamental Strength Index","SP500 Stock","Price","bid","ask","mid_price","macro.open","macro.high","macro.low","Day.Average","Last 5min Average","Last 20min Average","Previous Day Close","% Change","Premarket Gap(%)","Health Rating","Micro Trend Rating","Macro Trend Rating","Macro Entry Rating","Intraday OB/OS","Macro OB/OS","Support","Resistance","Reward to Risk Ratio","Entry Conditions","Price zone","Buy Signal","Trend Strength","Buy Limit","Buy Signal Range","Micro Alert","Macro Alert","Forecast Range","Forecast Rating","Macro Forecast Rating","Macro Forecast Range","Macro Buy Signal Range","Volume Surge","Risk (%)","EPS","volatility_regime","vol_regime","price_rising","lROC_5","lROC_10","lROC_30","lROC_60","lROC_120","entry_ATR","safe_entry_price_mean","entry_signal","entry_reason","entry_score","Macro Buy at or below","buy_score","uptrend_score","ubw_lbw_pct","Last 5day Average","Last 20day Average","FCRSig","FVGSig","lRSI_3","lRSI_14","MacrolfastD","MacrolfastK","lfastD_slope","MacrolfastK_slope","lfastK_3","l5_STD","Macrol50_MA","l120_MA","lupper_band","llower_band","above_ubw","below_lbw","Macro.lupband","Macro.llband","micro.compositescore","macro.compositescore","lATR","MacrolATR","SignalTransition","Macro.SignalTransition","MacroRSI_3","MacroRSI_14","MacroRSIslope","MacroROC_60","MacroROC_30","MacroROC_20","MacroROC_10","MacroROC_5","MacroROC_3","MacroROC_1","MacroMomentum3","MacroMomentum5","MacroMomentum10","MacroMomentum20","Macroubwlbwpct","Macrofirstimpule","Macrol5_MA","Macrol20_MA","Macrovolatility_regime","Macrowas_near_lower","Macrolbb_width_slope","MacroVolumeSurge","UpdateTime","macro_lupper_band","macro_llower_band","Day.Low","Day.High","Goodfellas","News","Earnings","Quality Value Screener","Intrinsic Value Screener","MicroMomentumScore","MicroMomentumGrade","MicroPattern","MacroMomentumScore","MacroMomentumGrade","MacroPattern","EntryQualityScore","EntryQualityGate"
"AA","Basic Materials","Aluminum","United States","Large","Good","No",42.5194,42.49,42.59,42.54,41.99,42.625,41.625,42.27,42.497,42.497,43.17,-1.51,"-2.35","Very Weak","Mixed trend","Mixed trend","Hold","-","Neutral",42.4025,42.57,5.27891156462586,"","Excellent reward to risk ratio zone"," + Breakout Signal + ","Very Strong",42.35,"40.29-42.36"," + Breakout Signal + ",NA,"42.28-42.74","Neutral","Neutral","27.92-57.04","31.93-47.61","False",5.48,4.81,"medium","expanding",FALSE,0.0103492884864092,0.269779507133584,-0.165766611880737,0.0927495291902085,0.198892423706834,42.3602891157503,42.1584264712927,TRUE,"MomentumPullback",7,39.2,1,7,0.399454665370985,42.712,44.334,NA,NA,71.7689721206264,52.2043058632844,72.9347638426423,91.6862745098009,5.33180230109522,23.0588235294086,100,0.0205273476128334,42.52959,42.4482458333333,42.5771648980896,42.4077651019104,FALSE,FALSE,48.6608990844447,39.9351009155553,10,0,0.0423272559817994,1.60714556093836,FALSE,FALSE,40.1933705301579,36.4073136965303,-2.57329566367157,-13.2352941176471,-17.1606864274571,-16.2625665286813,-3.49840981372105,1.14285714285714,1.26340882002382,-1.59833217512162,1.26340882002383,1.14285714285713,-3.49840981372105,-16.2625665286813,21.8499464602344,FALSE,42.49088,42.492465,"medium",FALSE,-7.90191111751191,FALSE,"2026-10-07 17:46:00",48.6608990844447,39.9351009155553,41.62,42.62,"","","","Strong fundamentals, below 50/200-day averages","Undervalued",42,"C","NONE",7,"D","EARLY_REVERSAL",45,"AVOID"
"AAL","Industrials","Airlines","United States","ETF",NA,"No",12.8515,12.85,12.86,12.86,12.8,12.87,12.65,12.81,12.855,12.854,13,-1.14,"-1.37","-","Mixed trend","Mixed trend","Hold","-","Neutral",12.85,12.86,4.03333333333335,"","Excellent reward to risk ratio zone"," + Breakdown Signal: below lower bollinger band limit + ","Very Strong",12.83,"12.45-12.84"," + Breakdown Signal: below lower bollinger band limit + ",NA,"12.83-12.88","Neutral","Neutral","8.7-17","9.81-13.55","False",4.6,NA,"low","quiet",FALSE,0.0116731517509732,0.0116731517509732,0.0895638629283477,0.12855473315153,0.363139398672393,12.843353160013,12.7997122614898,FALSE,"",6,11.95,6,5,0.141846415995862,12.991,13.237,NA,NA,34.9429478352699,48.8797733628192,67.3333333333377,15.0000000000009,12.4444444444453,-76.9999999999998,0,0.00463227805727661,12.85152,12.8243033333333,12.8635803411489,12.8453596588511,FALSE,FALSE,13.8434054975633,12.4895945024367,0,9.01006673179882,0.00664761588271238,0.449064368115707,FALSE,FALSE,29.1147193317675,40.91308515392,-2.17043794450964,-17.996171027441,-7.88530465949821,-0.695517774343121,-3.74531835205993,-3.88930441286462,-0.695517774343121,-1.15384615384616,-0.695517774343124,-3.88930441286462,-3.74531835205992,-0.695517774343124,10.8395112016038,FALSE,12.85584,12.85447,"low",FALSE,0.316342798953732,FALSE,"2026-10-07 18:46:00",13.8434054975633,12.4895945024367,12.65,12.87,"","","","","",62,"B","TREND_CONFIRMED",2,"D","NONE",80,"PASS"
"AAPL","Technology","Consumer Electronics","United States","Large","Good","Yes",336.68,336.64,336.85,336.74,336.96,338.67,332.78,335.84,336.735,336.736,333.63,0.91,"0.95","Moderate","Mixed trend","Mixed trend","Hold","-","Neutral",336.64,336.87,0.430059523809521,"","Low reward High risk zone"," + Breakout Signal: above upper bollinger band limit + ","Very Strong",336.43,"333.37-336.58"," + Breakout Signal: above upper bollinger band limit + ",NA,"336.23-337.18","Neutral","Neutral","279.38-393.96","248.21-310.32","False",2.11,8.72,"low","quiet",FALSE,-0.0564015792442182,-0.0445328503993045,0.071335156342887,0.0747261083035121,0.148729847105717,336.579156692546,336.285940170903,FALSE,"",4,312.74,6,1,0.106111178548065,334.438,332.148,NA,NA,17.1419885972503,47.3772338114719,24.6376811594288,17.3913043478336,-21.4154589371947,-4.34782608695222,0,0.0769231954414758,336.620974,336.497154166667,336.923342184854,336.566207815146,FALSE,FALSE,341.903227552786,327.052772447214,0,10,0.0608505369344641,6.58206851003296,FALSE,FALSE,73.2868305866025,57.6960406819665,3.11914365953219,7.01865920722211,8.63827040980963,6.76412760829582,-0.103851403477528,1.09603026845236,0.893044442446588,0.911189041752846,0.893044442446578,1.09603026845235,-0.103851403477528,6.76412760829581,4.54069078652081,FALSE,336.75066,336.744775,"low",FALSE,-4.43590065764259,FALSE,"2026-10-07 18:39:00",341.903227552786,327.052772447214,332.78,338.67,"","","","","",26,"D","NONE",85,"A","PULLBACK_ENTRY",70,"PASS"
"AB","Financial Services","Asset Management","United States","Mid","Good","No",35,34.91,35.13,35.02,35.16,35.16,34.92,35.07,35.067,35.078,35.09,-0.26,"-0.07","-","Mixed trend","Mixed trend","Hold","-","Neutral",35,35.1147,2.98057692307691,"","Good reward to risk ratio zone"," + Breakdown Signal: below lower bollinger band limit + ","Very Strong",35,"33.89-35.06"," + Breakdown Signal: below lower bollinger band limit + ",NA,"34.8-35.2","Neutral","Neutral","31.9-38.3","31.64-35.27","False",1.79,3.37,"high","expanding",FALSE,-0.270693831030058,-0.199600798403194,-0.256483328583652,-0.313301053830816,-0.341685649202726,34.9777885718926,34.8871205028526,FALSE,"",4,34.07,7,0,0.311930094027958,35.104,35.565,NA,NA,11.600941395013,33.2523830121224,56.2596599690907,0,-7.42959033192239,-91.4992272024765,0,0.045145631017856,35.088046,35.0988766666667,35.1285729255322,35.0193370744678,FALSE,TRUE,36.7069568649745,34.5790431350255,0,10,0.0222114281074303,0.508317880267719,FALSE,FALSE,48.8876139205844,39.9892118182924,0.183828488083932,-4.61956521739129,-4.15073730202074,-3.54492992580379,-2.01005025125628,0.630733944954125,0.28571428571429,0.028498147620399,0.285714285714289,0.63073394495412,-2.01005025125628,-3.54492992580379,6.15376695543528,FALSE,35.07984,35.073955,"medium",FALSE,-1.11145542800834,FALSE,"2026-10-07 17:38:00",36.7069568649745,34.5790431350255,34.92,35.16,"","","","Strong fundamentals, below 50/200-day averages","",9,"D","NONE",21,"D","EARLY_REVERSAL",58,"WATCH"
"ABBV","Healthcare","Drug Manufacturers - General","United States","ETF",NA,"Yes",272.5,272.19,272.99,272.59,268.4,274.94,266.89,272.64,272.495,271.917,266.69,2.18,"0.4","-","Mixed trend","Uptrend","Hold","-","Neutral",270.824,272.8094,0.165549132947976,"","Low reward High risk zone"," + Positive News + ","Very Strong",270.73,"252.65-272.68"," + Positive News + ","Breakout Signal: above upper bollinger band limit","270.44-274.68","Neutral","Neutral","225.37-320.05","200.51-244.49","False",2.38,NA,"high","expanding",FALSE,-0.113412514378164,0.438612657108104,0.537738546537898,0.312902632063325,-0.0770048769755343,270.464947780492,268.83236258501,FALSE,"",5,246.22,6,4,0.849007421144373,266.863,263.427,NA,NA,50.41257269906,59.6230484416864,88.7814378294892,84.4162385413525,-0.151662693216134,-12.5919210234715,0,0.216764291338173,271.44071,271.958559166667,272.953493094187,270.655606905813,FALSE,FALSE,270.411929381721,256.525070618279,0,10,0.361274221693608,5.69637890102172,FALSE,FALSE,89.9277712314169,65.8388679527627,6.07476655987942,11.6478090927793,2.09563941457541,8.15033278864932,2.36909612192547,3.73485224970375,3.24937219389697,1.75109677903184,3.24937219389698,3.73485224970376,2.36909612192546,8.15033278864932,5.41345090753553,TRUE,272.54754,271.80455,"low",FALSE,-2.26853299069159,FALSE,"2026-10-07 18:29:00",270.411929381721,256.525070618279,266.89,274.94,"","News Alert","","","",47,"C","NONE",97,"A","TREND_CONFIRMED",60,"WATCH"
"ABCB","Financial Services","Banks - Regional","United States","Mid","Good","No",78.87,31.45,125.79,78.62,79.16,79.315,78.39,78.77,78.847,78.822,79.95,-1.35,"-","-","Uptrend","Mixed trend","Hold","-","Neutral",78.69,78.91,9.81954887218036,"","Excellent reward to risk ratio zone"," + Breakout Signal: above upper bollinger band limit + ","Strong",78.63,"76.73-78.84"," + Breakout Signal: above upper bollinger band limit + ",NA,"78.54-79.2","Neutral","Neutral","63.66-82.58","69.9-80.26","False",1.84,5.53,"medium","normal",FALSE,0.0824820760104025,0.139664804469273,0.00633994801243855,0.00633994801243855,0.228745711017927,78.650875026082,78.4923795252068,FALSE,"",7,77.42,2,9,0.314040601004366,79.925,81.746,NA,NA,85.1786109283581,57.3102630559332,93.8596491228075,100,9.46305156831419,0,100,0.0175356779160537,78.8403,78.8944583333333,78.9410654525035,78.6939345474965,FALSE,FALSE,85.5866155400435,78.4113844599565,5.82694065288608,0,0.0392144706177751,1.48310066857,FALSE,FALSE,19.9394546041081,31.0322646603944,-3.72013965457298,-12.25942819001,-7.57060822688386,-5.92795801526717,-3.14380449465799,-0.817404426559346,-3.15569744597249,-1.35084427767354,-3.15569744597248,-0.817404426559343,-3.14380449465799,-5.92795801526718,9.15075167911531,FALSE,78.852,78.8175,"medium",FALSE,0.243924495445979,FALSE,"2026-10-07 16:00:00",85.5866155400435,78.4113844599565,78.39,79.32,"","","","Strong fundamentals, below 50/200-day averages","Undervalued",79,"A","TREND_CONFIRMED",0,"D","NONE",65,"AVOID"
"ABT","Healthcare","Medical Devices","United States","Large","Good","Yes",98.73,98.43,98.92,98.68,98.89,99.3651,97.6205,98.53,98.72,98.689,98.16,0.58,"0.6","-","Mixed trend","Mixed trend","Hold","-","Neutral",98.405,98.84,1.76021798365122,"","Good reward to risk ratio zone"," + ","Very Strong",98.39,"94.87-98.63"," + ",NA,"98.17-99.29","Neutral","Neutral","24.16-158.99","82.55-103.36","False",2.31,3.1,"medium","expanding",FALSE,0.0709507399148666,0,0.121691512017041,-0.373360242179607,-0.151699029126205,98.3343801166288,98.0615168285342,FALSE,"",7,94.13,0,6,0.412331219718876,98.795,101.402,NA,NA,63.1238605876015,53.6000388589875,70.9811760786268,68.1159420289856,2.07673940807368,-6.59670164917561,100,0.0185067555217272,98.698524,98.850595,98.862794115533,98.4568258844671,FALSE,FALSE,105.325981281556,96.8830187184442,5.98457688691752,8.15595330087035,0.0708531180858408,2.3677963344571,FALSE,TRUE,48.7964867247496,38.4473665665614,2.19860017948277,11.7740292086494,-14.9832084732627,-6.17694573790744,-4.59947821045511,-0.101183851057365,1.26153846153847,0.580684596577025,1.26153846153847,-0.101183851057363,-4.59947821045511,-6.17694573790744,8.71459485345731,FALSE,98.714,98.65981,"medium",TRUE,-2.02912352549439,FALSE,"2026-10-07 16:03:00",105.325981281556,96.8830187184442,97.62,99.37,"","","","Strong fundamentals, below 50/200-day averages","",32,"D","NONE",22,"D","NONE",45,"AVOID"
"ACH","NA","NA","NA","ETF",NA,"No",0.4927,0.44,0.49,0.47,0.47,0.4894,0.44,0.46,0.485,0.471,0.466,5.73,"5.24","-","Mixed trend","Mixed trend","Hold","Overbought","Oversold",0.454,0.4927,20.4285714285714,"","Excellent reward to risk ratio zone"," + ","Very Strong",0.45,"0.22-0.45"," + ","Upwards Momentum Signal","0.47-0.53","Neutral","Neutral","-3.42-1.28","0.35-1.22","False",10.65,NA,"high","expanding",TRUE,1.62953795379538,7.34204793028323,8.9080459770115,7.92990142387733,8.61992945326279,0.449433428373664,0.427380126858107,FALSE,"",9,0.47,0,7,11.8922581084294,0.501,0.755,NA,NA,79.8204385593909,75.4257167095591,84.149855907781,100,2.17072095567012,0,100,0.0103902358009828,0.458324,0.456851666666667,0.493642956371707,0.441177043628293,FALSE,FALSE,1.26052600317667,0.296653996823329,10,10,0.00495583665263401,0.0925827886343061,FALSE,FALSE,22.4577762518773,17.0559849946285,0.844993804472821,-86.9002770083102,-59.2327586206897,-55.803738317757,-36.9550726569791,-15.9587702150347,-6.39350752177355,1.45891439605234,-6.39350752177356,-15.9587702150347,-36.9550726569791,-55.803738317757,324.914552534201,FALSE,0.48282,0.46741,"high",FALSE,20.2791189545304,FALSE,"2026-10-07 18:27:00",1.26052600317667,0.296653996823329,0.44,0.49,"","","","","",63,"B","TREND_CONFIRMED",7,"D","NONE",45,"AVOID"
"ACM","Industrials","Engineering & Construction","United States","Mid","Moderate","No",58.25,57.89,58.68,58.28,59.99,59.99,56.39,57.52,58.283,58.226,60.16,-3.17,"0.32","-","Mixed trend","Mixed trend","Hold","-","Neutral",58.12,58.4,3.87301587301587,"","Excellent reward to risk ratio zone"," + ","Very Strong",58.02,"54.51-58.06"," + ",NA,"57.61-58.89","Neutral","Neutral","38.48-78.08","44.12-70.44","False",3.24,2.84,"medium","expanding",FALSE,-0.102898302178018,-0.0514756348661653,0.691443388072599,1.00572221258886,1.28673274213181,58.0586170835935,57.6896180590391,TRUE,"RSER",5,55.26,6,2,0.518654954599788,59.315,61.135,NA,NA,30.8912714422003,56.152159173116,50.3296703296711,40.0000000000006,-10.6043956043956,-13.8461538461539,0,0.0535723809484358,57.98904,57.7594016666667,58.3858793813496,58.0846206186504,FALSE,FALSE,65.2730892860062,57.1399107139938,0,0,0.0615202147398093,2.20440115869072,FALSE,FALSE,21.2513631031872,36.318367462124,-5.43569387189377,-14.981765134938,-7.16788786237655,-8.96594814120587,-5.1586655817738,-1.13655640373198,-2.3131076097888,-3.12499999999999,-2.3131076097888,-1.13655640373198,-5.1586655817738,-8.96594814120587,14.233796431223,FALSE,58.298,58.23525,"medium",FALSE,-2.19977146753424,FALSE,"2026-10-07 16:34:00",65.2730892860062,57.1399107139938,56.39,59.99,"","","","Strong fundamentals, below 50/200-day averages","",43,"C","NONE",0,"D","NONE",65,"PASS"
"ACT","Financial Services","Insurance - Specialty","United States","Mid","Good","No",45.82,45.54,46.11,45.83,46.05,46.315,45.72,46.07,45.805,45.885,46.32,-1.08,"-","-","Mixed trend","Mixed trend","Hold","-","Neutral",45.72,45.98,1.46488294314381,"","Moderate reward to risk ratio zone"," + ","Strong",45.71,"43.79-45.96"," + ",NA,"45.27-45.93","Neutral","Neutral","38.76-52.88","37.71-43.26","False",1.88,4.74,"high","expanding",FALSE,-0.130775937227555,-0.293765640300289,-0.282916213275305,-0.919018272245642,-0.542652485348383,45.6814352215398,45.5518921761659,TRUE,"Thrust",9,43.18,5,5,0.676302002913407,45.768,46.82,NA,NA,60.2958547107439,36.4217674674659,23.7179487179501,38.4615384615393,6.39083139083179,19.2307692307683,100,0.0250998007960406,46.012,46.0799166666667,46.0574474976835,45.7480525023165,FALSE,FALSE,50.9898045598643,43.6131954401357,10,3.71218595863606,0.038649128369339,1.09634487600474,FALSE,FALSE,51.8888905381743,41.4465440950969,-2.69709008604673,0.858463570327978,-7.56505951180149,-7.52774974772956,-4.04188481675393,5.91770688858068,1.23729562527619,-1.07944732297064,1.23729562527619,5.91770688858069,-4.04188481675393,-7.52774974772956,16.9137093608605,FALSE,45.781,45.90275,"high",TRUE,-0.143262405206883,FALSE,"2026-10-07 16:00:00",50.9898045598643,43.6131954401357,45.72,46.31,"","","","","Undervalued",9,"D","NONE",10,"D","NONE",48,"AVOID"
"AD","Communication Services","Telecom Services","United States","Mid","Good","No",34.14,19,38.03,28.52,34.11,34.485,33.96,34.29,34.095,34.139,34.32,-0.52,"-","-","Mixed trend","Mixed trend","Hold","-","Neutral",33.96,34.425,4.51960784313724,"","Excellent reward to risk ratio zone"," + Breakout Signal + ","Moderate",33.93,"31.37-34.11"," + Breakout Signal + ",NA,"33.67-34.61","Neutral","Neutral","29.38-38.9","28.69-36.75","False",2.92,7.67,"high","normal",TRUE,0.426533313722615,0.367484933117742,-0.928612884503773,-0.379340531076751,-0.480979449059901,33.9082914442918,33.7001997153761,TRUE,"MomentumPullback",9,32.5,4,6,1.95250710425165,34.254,35.07,NA,NA,91.665620963714,45.7555413283408,39.6577864414119,47.3684210526312,8.75666759799684,2.92397660818693,100,0.0579223618304631,34.277596,34.2868608333333,34.481176986032,33.8208230139679,FALSE,FALSE,38.9095256559602,32.1084743440398,10,6.22773725220581,0.0519826293250683,0.827664100882671,FALSE,FALSE,36.6939254902827,36.3637446526083,-1.46876582210646,-0.0585480093676699,-4.79643056330173,-11.1862643080125,-2.28963938179736,1.24555160142349,-0.726955510322768,-0.524475524475524,-0.726955510322769,1.2455516014235,-2.28963938179736,-11.1862643080125,21.1814838632557,FALSE,34.081,34.151,"high",FALSE,-1.96395530349455,FALSE,"2026-10-07 16:02:00",38.9095256559602,32.1084743440398,33.96,34.48,"","","","Strong fundamentals, below 50/200-day averages","",31,"D","EARLY_REVERSAL",14,"D","EARLY_REVERSAL",45,"AVOID"
"ADC","Real Estate","REIT - Retail","United States","Mid","Moderate","No",65.0247,65,66.43,65.72,66,66,65.11,65.56,65.129,65.237,65.79,-1.16,"-0.09","-","Mixed trend","Mixed trend","Hold","Oversold","Oversold",65.0247,66.05,42.1111111111128,"","Excellent reward to risk ratio zone"," + Breakdown Signal: below lower bollinger band limit + ","Very Strong",64.98,"58.81-65.37"," + Breakdown Signal: below lower bollinger band limit + ",NA,"64.42-65.2","Lower","Neutral","51.3-67.83","58.93-70.99","False",1.8,1.86,"high","expanding",FALSE,-0.383454615090019,-0.421592649310875,-0.391084558823538,-0.695326817348821,-0.528223955943107,64.900411614402,64.2887428802491,FALSE,"",3,64.31,8,-1,0.5664470556014,65.682,67.581,NA,NA,12.1851731468166,26.5305814203746,12.3456790123452,0,0.607172829393969,-18.5185185185177,0,0.0667923498609378,65.316194,65.3519516666667,65.4505622750187,65.0819077249813,FALSE,FALSE,71.1687564491369,63.8702435508631,0,0,0.124288385598035,1.05745243107178,FALSE,FALSE,26.3411955462025,24.9048517251193,-2.45757286364977,-15.5302048224008,-11.6594360086768,-9.87551867219917,-2.54262638348789,-2.4696901661428,-1.09289617486339,-0.9575923392613,-1.09289617486339,-2.4696901661428,-2.54262638348789,-9.87551867219917,11.4270942030488,FALSE,65.13294,65.266235,"high",FALSE,-2.60679832256334,FALSE,"2026-10-07 18:22:00",71.1687564491369,63.8702435508631,65.11,66,"","","","Strong fundamentals, below 50/200-day averages","",9,"D","NONE",0,"D","NONE",53,"WATCH"
"ADP","Technology","Software - Application","United States","Large","Good","Yes",264,261.75,266.35,264.05,263.5,266.15,262.16,264.61,264.003,264.128,262.36,0.63,"0.18","-","Mixed trend","Mixed trend","Hold","-","Neutral",263.91,264.59,1.80534825870647,"","Good reward to risk ratio zone"," + Breakdown Signal: below lower bollinger band limit + ","Very Strong",263.71,"256.26-264.91"," + Breakdown Signal: below lower bollinger band limit + ",NA,"262.78-264.18","Lower","Neutral","216.53-311.47","193.31-250.5","False",2.53,10.94,"medium","expanding",FALSE,-0.00378773531305288,-0.128622228947558,-0.147509361170992,-0.527505651846261,-0.490011307953265,263.757005020007,262.982520509666,FALSE,"",5,249.93,5,1,0.218213625765389,262.153,265.307,NA,NA,48.5869573990973,41.6009341498324,8.82352941176291,13.2352941176444,-2.53267973856183,0,61.6438356164389,0.050941142533164,264.43355,264.96325,264.401852301305,263.826147698695,FALSE,FALSE,277.572524457517,254.793475542483,10,10,0.153047155159993,5.63607745153875,FALSE,FALSE,67.320307993093,47.2094790918672,2.25783636762346,7.81230857189529,-6.04313474268632,0.178347816187921,0.121359223300968,2.30179028132992,2.45265445513815,0.625095288915988,2.45265445513816,2.30179028132993,0.121359223300965,0.178347816187929,8.94020102615872,FALSE,263.993,264.114,"low",FALSE,-0.160750991734069,FALSE,"2026-10-07 16:26:00",277.572524457517,254.793475542483,262.16,266.15,"","","","","",9,"D","NONE",43,"C","NONE",85,"PASS"
"AEG","Financial Services","Insurance - Diversified","Netherlands","Large","Moderate","No",8.35,8.2,8.88,8.54,8.35,8.385,8.3215,8.36,8.354,8.36,8.48,-1.53,"-1.34","Very Weak","Mixed trend","Mixed trend","Hold","-","Oversold",8.35,8.375,28.2456140350884,"","Excellent reward to risk ratio zone"," + Breakdown Signal: below lower bollinger band limit + ","Very Strong",8.34,"7.97-8.36"," + Breakdown Signal: below lower bollinger band limit + ",NA,"8.33-8.37","Neutral","Neutral","7.25-9.45","6.97-8.45","False",2.24,0.69,"high","expanding",FALSE,-0.179318589360437,-0.298507462686571,-0.179318589360437,-0.179318589360437,-0.179318589360437,8.34246516533915,8.30409784437459,FALSE,"",4,8.24,8,2,0.305719915012557,8.474,8.735,NA,NA,5.15893387803003,35.9079308024115,6.66666666666762,0,-3.70370370370414,0,0,0.00273861278761256,8.363576,8.36428083333333,8.37501302224619,8.34948697775381,FALSE,FALSE,9.32663487641734,8.31036512358266,0,0,0.0075348346608542,0.130511182154482,FALSE,FALSE,9.98579177893755,27.1242127885904,-3.9106065014963,-3.49052242256125,-7.26343847179032,-7.83664459161149,-4.57142857142858,-3.24449594438008,-1.18343195266272,-1.53301886792454,-1.18343195266272,-3.24449594438008,-4.57142857142857,-7.83664459161149,12.2289422633282,FALSE,8.353,8.36225,"high",TRUE,2.11041891893119,FALSE,"2026-10-07 16:00:00",9.32663487641734,8.31036512358266,8.32,8.38,"","","","","Undervalued",9,"D","NONE",2,"D","NONE",83,"PASS"
"AER","Industrials","Rental & Leasing Services","Ireland","Large","Good","No",142.56,136.25,150,143.12,144.2,145.78,141.865,143.43,142.49,142.317,146.27,-2.54,"-","-","Uptrend","Downtrend","Hold","-","Neutral",141.965,142.65,1.27115716753022,"","Moderate reward to risk ratio zone"," + Breakout Signal: above upper bollinger band limit + Positive News + ","Strong",141.84,"134.46-142.99"," + Breakout Signal: above upper bollinger band limit + Positive News + ",NA,"141.51-143.61","Neutral","Neutral","120.65-164.47","119.1-139.39","False",2.59,20.41,"high","expanding",FALSE,0.0631711939355678,0.175672826927131,0.284900284900286,0.14752370916755,-0.300720330093018,141.81674676242,141.085875038642,TRUE,"MomentumPullback",10,134.19,3,9,0.57654783973351,144.079,144.415,NA,NA,63.960395768944,60.8713133230395,71.9152098608793,84.6153846153842,-4.96133342971901,2.35732009925728,88.8888888888906,0.115455619180607,142.159082,142.41103,142.655280577082,141.837519422918,FALSE,FALSE,148.512021357171,138.385978642829,4.26662888282249,0,0.148874592676761,3.17129415439355,FALSE,FALSE,33.9116343967334,45.2681981374121,-8.23153508204089,-2.69606170227287,-3.30982094411286,1.10638297872341,-1.51975683890577,-0.66889632107024,-1.23319939032839,-2.53640527791072,-1.23319939032839,-0.668896321070245,-1.51975683890577,1.10638297872341,7.31724616442277,FALSE,142.514,142.2464,"medium",FALSE,-0.0285663716815492,FALSE,"2026-10-07 16:00:00",148.512021357171,138.385978642829,141.86,145.78,"","News Alert","","","Undervalued",79,"A","TREND_CONFIRMED",19,"D","NONE",60,"AVOID"
"AES","Utilities","Utilities - Diversified","United States","Large","Good","Yes",14.9,14.91,14.94,14.93,14.9,14.94,14.9,14.92,14.917,14.919,14.93,-0.2,"-0.12","-","Mixed trend","Mixed trend","Hold","-","Neutral",14.9,14.93,0.0666666666666651,"","Low reward High risk zone"," + Breakdown Signal: below lower bollinger band limit + ","Very Strong",14.9,"14.46-14.91"," + Breakdown Signal: below lower bollinger band limit + ",NA,"14.88-14.94","Higher","Higher","14.88-15.12","13.27-14.73","False",1.72,2.67,"high","expanding",FALSE,-0.167504187604692,-0.134048257372651,-0.100569896077766,-0.100569896077766,-0.100569896077766,14.8911553753404,14.8497705318145,FALSE,"",4,14.53,7,0,0.185218487125778,14.915,14.862,NA,NA,18.3701315143431,34.1733731953598,50,0,-8.33333333333482,-100,0,0.0117260393995634,14.916738,14.9160783333333,14.9323031270294,14.9046968729706,FALSE,TRUE,14.9490124645564,14.7589875354436,0,7.33876415163781,0.00884462465964678,0.0458786196746929,FALSE,FALSE,78.2108463762249,70.0202019244017,0,2.12038303693571,1.35777325186693,0.742240215924423,0.810263335584059,0.20134228187919,0.134138162307174,0,0.134138162307162,0.20134228187918,0.810263335584049,0.742240215924417,1.28752008670287,FALSE,14.92,14.9185,"medium",FALSE,0.209518987624319,FALSE,"2026-10-07 16:02:00",14.9490124645564,14.7589875354436,14.9,14.94,"","","","","Undervalued",9,"D","NONE",66,"B","TREND_CONFIRMED",66,"PASS"
"AFG","Financial Services","Insurance - Property & Casualty","United States","Large","Good","No",139.02,131,150.2,140.6,139.84,140.24,138.965,139.73,139.042,139.242,140.07,-0.75,"-","-","Mixed trend","Mixed trend","Hold","-","Neutral",138.965,139.55,1.94,"","Good reward to risk ratio zone"," + Breakdown Signal: below lower bollinger band limit + ","Moderate",138.89,"135.06-139.57"," + Breakdown Signal: below lower bollinger band limit + ",NA,"137.81-139.29","Neutral","Neutral","124.24-153.8","122.91-133.97","False",1.7,11.44,"high","normal",FALSE,-0.0539199827455974,-0.243972445464985,-0.363727580584468,-0.699999999999993,-0.401203610832499,138.886879532553,138.601419730992,TRUE,"MeanReversion",8,134.13,8,3,0.575360879742453,139.131,140.008,NA,NA,37.0226772911084,31.4904032931029,5.70570570570557,9.90990990991102,1.4340138010348,3.6036036036054,40.7407407407485,0.0405585995840431,139.4876,139.731813333333,139.696204631085,138.897045368915,FALSE,FALSE,144.536829906373,136.088170093627,10,3.58690787349305,0.0781513862083967,2.09095981492316,FALSE,FALSE,46.7069105395548,43.5977541418799,-4.21849914149948,-0.891138518571327,-3.22984825281915,-1.0392938496583,-0.443998854196488,1.65252997952619,-0.0575125808770554,-0.749625187406285,-0.0575125808770505,1.65252997952618,-0.443998854196492,-1.0392938496583,6.20822501098657,FALSE,139.023,139.296625,"medium",FALSE,-0.0530927131536334,FALSE,"2026-10-07 16:00:00",144.536829906373,136.088170093627,138.96,140.24,"","","","","Undervalued",9,"D","NONE",14,"D","EARLY_REVERSAL",73,"PASS"
"AFRM","Technology","Software - Infrastructure","United States","Large","Good","No",75.31,75.1,75.5,75.3,73.93,75.605,73.31,74.83,75.199,75.169,74.88,0.57,"-2.09","Very Weak","Uptrend","Uptrend","Hold","-","Neutral",74.79,75.4,0.128232758620689,"","Low reward High risk zone"," + Breakout Signal + ","Very Strong",74.75,"69.45-74.95"," + Breakout Signal + ",NA,"74.41-76.21","Neutral","Neutral","50.41-100.21","48.38-68.07","False",5.74,5.53,"high","expanding",TRUE,0.319701611828972,0,0.179580977718663,-0.119363395225469,0.406639557362852,74.6832119909317,74.2348762059475,TRUE,"MomentumPullback",10,62.31,1,8,0.8821973867845,73.592,72.039,NA,NA,84.365366094716,57.2066973681996,52.8563505268998,75.0415973377698,5.15304371156119,36.0510260676632,100,0.105688220727067,75.185388,75.2705041666667,75.4742245269234,74.8142154730766,FALSE,FALSE,75.6500323595966,66.7349676404034,10,10,0.107530484863399,3.29438428454969,FALSE,TRUE,89.612252274573,57.392972776366,0.831934598861963,-10.8229721728834,-3.38058887677207,10.5062362435803,10.6036128653253,8.78231980355337,6.41514766143847,0.574252136752146,6.41514766143847,8.78231980355337,10.6036128653253,10.5062362435803,13.3589106796774,FALSE,75.162,75.14422,"low",FALSE,2.88647128114883,FALSE,"2026-10-07 18:33:00",75.6500323595966,66.7349676404034,73.31,75.61,"","","","","",39,"D","NONE",53,"C","EARLY_REVERSAL",75,"AVOID"
"AG","Basic Materials","Silver","Canada","Mid","Moderate","No",16.7257,16.7,16.73,16.72,16.8,16.96,16.44,16.83,16.72,16.725,17.54,-4.64,"-4.35","Weak","Mixed trend","Mixed trend","Hold","-","Neutral",16.7,16.77,19.5238095238098,"","Excellent reward to risk ratio zone"," + Breakout Signal + ","Very Strong",16.65,"15.29-16.8"," + Breakout Signal + ",NA,"16.59-16.84","Neutral","Neutral","9.15-24.15","11.84-18.62","False",6.99,0.7,"medium","expanding",FALSE,-0.264162194394751,-0.145074626865673,0.093955715140628,0.696568332329924,0.123914995510335,16.673712059527,16.5208849128299,TRUE,"MomentumPullback",7,15.59,3,5,0.577292616931091,17.353,18.43,NA,NA,60.4357318665707,50.5302499410764,21.7619047619064,36.7142857142863,-7.03174603174597,22.4285714285698,100,0.00702125345006563,16.713086,16.6670033333333,16.7763162727399,16.6800237272601,FALSE,FALSE,20.6010628155463,16.5999371844537,10,0,0.0263283955669971,0.89317465804596,FALSE,FALSE,5.2449300815026,34.1210441738082,-5.2224091207836,-1.59574468085108,-21.6101694915254,-21.3881019830028,-12.5984251968504,-5.87902769926514,-5.77249575551784,-5.07411630558723,-5.77249575551785,-5.87902769926514,-12.5984251968504,-21.3881019830028,24.1032576607559,FALSE,16.71314,16.72817,"medium",TRUE,-1.71086607150168,FALSE,"2026-10-07 18:34:00",20.6010628155463,16.5999371844537,16.44,16.96,"","","","Strong fundamentals, below 50/200-day averages","",36,"D","NONE",2,"D","NONE",45,"AVOID"
"AGG","NA","NA","NA","ETF",NA,"No",93.8998,94.08,94.35,94.22,93.89,94.4099,93.872,94.23,94.167,94.262,94.36,-0.49,"-0.14","-","Mixed trend","Mixed trend","Hold","-","Neutral",93.8998,94.31,3.57894736842099,"","Excellent reward to risk ratio zone"," + Breakdown Signal: below lower bollinger band limit + ","Very Strong",94.04,"91.95-94.2"," + Breakdown Signal: below lower bollinger band limit + ",NA,"93.3-94.5","Neutral","Neutral","91.42-97.2","91.46-96.34","False",0.43,NA,"high","expanding",FALSE,-0.413935291191754,-0.429669688775789,-0.414040907750752,-0.498462438354478,-0.408548549610222,93.8608658743613,93.82989690145,FALSE,"",3,93.67,8,-1,0.381363701802339,94.321,94.958,NA,NA,2.58433815097057,7.76410691209566,60.1307189542564,0,15.2258334936491,-100,0,0.178674027211649,94.29696,94.3316616666667,94.4593525511744,94.1004874488256,FALSE,TRUE,96.3774881793368,93.6225118206632,0,10,0.0389341256386734,0.431131213119545,FALSE,FALSE,48.0836088897101,33.8260674179945,-0.572967786010494,-2.75314497834605,-3.10284598787629,-2.10712061449035,-0.799410960344999,0.106145844390201,0.0636604774535833,-0.052988554472231,0.0636604774535865,0.106145844390193,-0.799410960345004,-2.10712061449034,2.94264307280164,FALSE,94.21896,94.27992,"high",FALSE,-0.444104017907792,FALSE,"2026-10-07 16:11:00",96.3774881793368,93.6225118206632,93.87,94.41,"","","","","",9,"D","NONE",16,"D","EARLY_REVERSAL",63,"WATCH"
"AGI","Basic Materials","Gold","Canada","Large","Good","No",31.55,31.36,32,31.68,31.64,31.9155,31.18,31.64,31.531,31.493,32.73,-3.61,"-2.94","Very Weak","Uptrend","Mixed trend","Hold","-","Neutral",31.4,31.55,15.2428571428571,"","Excellent reward to risk ratio zone"," + Breakout Signal: above upper bollinger band limit + ","Very Strong",31.38,"30.1-31.6"," + Breakout Signal: above upper bollinger band limit + ",NA,"31.19-32.36","Higher","Neutral","20.96-42.1","24.62-36.09","False",5.54,2.78,"medium","normal",FALSE,0.142834470718939,0.302018756954387,0.222363405336723,-0.378907483422801,-0.315955766192726,31.3739886542983,31.2616423271218,TRUE,"MomentumPullback",10,29.76,0,8,0.564097481735306,32.259,33.662,NA,NA,80.5385273080623,63.895382282997,97.2222222222227,100,3.16666666666702,8.33333333333185,100,0.0169558249611323,31.468782,31.5600258333333,31.5632744539585,31.3862255460415,FALSE,FALSE,37.2262940464877,30.9747059535122,10,0,0.0261356037225367,1.22785709814866,FALSE,FALSE,24.1261488063221,37.6291921447724,-4.95906358389625,7.46421267893661,-19.1123653155464,-14.5528455284553,-8.58219773847492,-2.65514047545539,-2.86506469500924,-3.66636113657194,-2.86506469500925,-2.65514047545539,-8.58219773847492,-14.5528455284553,20.1828811623202,FALSE,31.53,31.47475,"medium",TRUE,0.318670137920769,FALSE,"2026-10-07 16:03:00",37.2262940464877,30.9747059535122,31.18,31.92,"","","","Strong fundamentals, below 50/200-day averages","Undervalued",50,"C","NONE",10,"D","NONE",55,"AVOID"
"AGNC","Real Estate","REIT - Mortgage","United States","Large","Moderate","No",8.47,8.46,8.47,8.46,8.605,8.62,8.42,8.52,8.468,8.468,8.7,-2.64,"-1.13","Weak","Uptrend","Downtrend","Hold","-","Oversold",8.46,8.47,48.7499999999989,"","Excellent reward to risk ratio zone"," + Breakout Signal: above upper bollinger band limit + ","Very Strong",8.45,"8.28-8.49"," + Breakout Signal: above upper bollinger band limit + ","Upwards Momentum Signal","8.45-8.48","Neutral","Lower","5.8-8.85","7.39-9.82","False",2.12,1.96,"low","quiet",FALSE,0.00118065148348584,0.00118065148348584,0,0.118203309692669,0.118203309692669,8.45663426776478,8.44040854848683,TRUE,"MomentumPullback",9,8.54,0,8,0.135362973001759,8.722,9.365,NA,NA,63.9650155787779,54.4360687198668,62.9999999999966,100,-8.88888888889008,15.0000000000009,100,0.00384538684660611,8.464392,8.4612375,8.47420771654433,8.46275228345567,FALSE,FALSE,10.4746459663107,8.42885403368928,10,3.99364517133729,0.00336971064212274,0.221858643203815,FALSE,FALSE,7.65620901092667,15.0769598289221,-2.52945646118911,-21.6666666666667,-20.5633802816901,-18.4971098265896,-13.5322976287817,-6.72546857772877,-3.75426621160408,-2.75862068965515,-3.75426621160407,-6.72546857772877,-13.5322976287817,-18.4971098265896,24.2712938727448,FALSE,8.46718,8.46848,"high",TRUE,1.94553255646946,FALSE,"2026-10-07 18:51:00",10.4746459663107,8.42885403368928,8.42,8.62,"","","","Strong fundamentals, below 50/200-day averages","Undervalued",42,"C","NONE",0,"D","NONE",65,"AVOID"
"AGO","Financial Services","Insurance - Specialty","Bermuda","Mid","Good","No",69.14,66,70,68,68.96,69.39,68.5,69.02,69.161,69.223,69.43,-0.42,"-","-","Mixed trend","Mixed trend","Hold","-","Neutral",69.005,69.39,2.63144017296841,"","Good reward to risk ratio zone"," + Breakdown Signal: below lower bollinger band limit + ","Strong",68.96,"65.76-68.94"," + Breakdown Signal: below lower bollinger band limit + ",NA,"68.65-69.63","Neutral","Neutral","55.91-82.37","59.06-76.18","False",2.16,7.51,"medium","expanding",FALSE,0.0289351851851794,-0.274051637097934,-0.0794855119589459,0.173862648507686,0.0289351851851794,68.9403678021123,68.6976772038079,FALSE,"",6,66.19,3,4,0.549176598693431,69.037,70.276,NA,NA,40.6245534725014,41.6259517591674,45.4545454545466,35.0649350649359,10.8318205092398,0,50,0.061603571325042,69.2174,69.12701,69.4524166050007,69.0730833949993,FALSE,FALSE,73.3683292740643,66.8526707259357,2.15928039076024,10,0.0647586430251912,1.42624331688181,FALSE,FALSE,56.1295108720402,37.998552513726,-1.30429372246775,-15.9494286408947,-7.9850944902848,-4.25148871347458,0.217422814900718,2.09686946249262,0.978530743391269,-0.417686878870814,0.97853074339127,2.09686946249261,0.217422814900714,-4.25148871347458,9.74629506551766,FALSE,69.153,69.26275,"medium",FALSE,-2.53574656612463,FALSE,"2026-10-07 16:02:00",73.3683292740643,66.8526707259357,68.5,69.39,"","","","Strong fundamentals, below 50/200-day averages","",17,"D","NONE",12,"D","EARLY_REVERSAL",70,"PASS"
"AIG","Financial Services","Insurance - Diversified","United States","Large","Good","Yes",75.66,74.58,76.84,75.71,74.94,76.09,74.885,75.54,75.659,75.734,75.11,0.73,"-0.02","-","Mixed trend","Mixed trend","Hold","-","Neutral",75.56,75.905,0.306930693069309,"","Low reward High risk zone"," + ","Very Strong",75.54,"72.57-75.53"," + ",NA,"75.25-76.07","Neutral","Neutral","66.19-85.13","64.39-73.35","False",2.12,5.46,"high","expanding",FALSE,0.0132187706543171,-0.131995776135175,-0.31620553359685,-0.355590675622297,-0.0792393026941393,75.5001496875558,75.2500373596945,FALSE,"",3,71.24,2,3,0.502288781374894,75.216,75.136,NA,NA,51.2862855105018,38.5332705881964,31.0693138279338,34.4827586206886,1.26552885173557,0,27.2727272727284,0.0261247009561741,75.8806,75.8295075,75.9327477549953,75.5532522450047,FALSE,FALSE,76.4929452037681,73.5800547962319,8.95625492695354,10,0.0599295214336682,1.40528303833248,FALSE,TRUE,72.6156195257227,52.2104473688901,2.95786589147211,-3.59327217125383,-0.289931470743277,1.50254896699757,0.105848107965068,1.66621875839827,0.974242626451341,0.732259352949004,0.974242626451338,1.66621875839827,0.105848107965079,1.50254896699757,3.95880434664402,FALSE,75.652,75.743,"low",FALSE,-0.175509579450754,FALSE,"2026-10-07 16:42:00",76.4929452037681,73.5800547962319,74.89,76.09,"","","","Strong fundamentals, below 50/200-day averages","Undervalued",16,"D","EARLY_REVERSAL",51,"C","EARLY_REVERSAL",78,"PASS"
"AMAT","Technology","Semiconductor Equipment & Materials","United States","Large","Good","Yes",521.6,520.65,521.6,521.12,516.91,524.93,514.01,519.82,521.181,520.662,530.27,-1.64,"-2.32","Moderate","Uptrend","Mixed trend","Hold","-","Neutral",519.6,521.6,0.243723657687374,"","Low reward High risk zone"," + Breakout Signal: above upper bollinger band limit + ","Very Strong",519.05,"503.66-519.34"," + Breakout Signal: above upper bollinger band limit + ",NA,"518.78-524.25","Neutral","Neutral","314.98-726.32","341.07-438.92","False",6.01,11.59,"medium","normal",FALSE,0.147840946182052,0.224814096035984,0.0844270473559089,0.375252573847791,0.597878495660564,519.286973074116,517.919682553647,FALSE,"",8,404.54,0,8,0.402560963087049,525.238,496.603,NA,NA,91.0690621866803,65.2819810985036,100,100,3.04029304029176,0,100,0.336154726279195,520.2891,519.625681666667,521.516001138965,519.424998861035,TRUE,FALSE,563.001239058207,394.623760941793,10,0,0.314231802427441,18.8401589201436,FALSE,FALSE,37.9952966821857,59.9919702468315,-4.12063631015332,-12.5046213827177,8.45971169069243,11.048309693932,9.75378388633585,1.81274199225624,-3.59047477964595,-1.81417013974013,-3.59047477964595,1.81274199225625,9.75378388633585,11.048309693932,42.6678509460688,FALSE,521.11,520.4705,"high",FALSE,4.83937709472212,FALSE,"2026-10-07 18:37:00",563.001239058207,394.623760941793,514.01,524.93,"","","","","",79,"A","TREND_CONFIRMED",46,"C","NONE",58,"AVOID"
"AMD","Technology","Semiconductors","United States","Large","Moderate","Yes",646.9712,646.6,646.9,646.75,634.77,648.48,633.16,642.28,646.823,646.571,649.42,-0.38,"-2.22","Moderate","Mixed trend","Mixed trend","Hold","-","Neutral",645.8399,647,0.0764816045429829,"","Low reward High risk zone"," + Breakout Signal: above upper bollinger band limit + ","Very Strong",645.35,"635.91-645.66"," + Breakout Signal: above upper bollinger band limit + ",NA,"644.51-649.43","Neutral","Neutral","430.39-861.33","244.4-462.91","False",5.73,3.92,"low","quiet",FALSE,0.0837678095545313,0.0341863109105014,0.085269638934438,0.221907687331527,0.633255560740391,645.663912415327,644.955603113195,TRUE,"RSER",7,485.93,1,7,0.230854150590122,636.769,593.579,NA,NA,79.9036120881851,60.3123261301395,99.0551181102347,97.165354330704,16.629058190522,-2.83464566929602,85.59999999998,0.287441607978181,646.34175,645.908701666667,647.293971640144,645.803108359856,FALSE,FALSE,696.305495231266,478.935504768734,0,2.3286752678623,0.176295857287018,23.4249744482722,FALSE,FALSE,76.4536240768002,70.7020242198785,-1.45555187490191,17.8297119296517,34.7844233899578,23.9428511116015,5.08452514602756,5.57408133908723,1.88512564875141,-0.548181454220681,1.88512564875141,5.57408133908723,5.08452514602755,23.9428511116015,45.3860672884328,FALSE,646.78426,646.54854,"high",FALSE,-3.10288403676534,FALSE,"2026-10-07 18:39:00",696.305495231266,478.935504768734,633.16,648.48,"","","","","",79,"A","TREND_CONFIRMED",70,"A","TREND_CONFIRMED",33,"AVOID"
"AME","Industrials","Specialty Industrial Machinery","United States","Large","Good","Yes",248.62,242.33,256.28,249.3,250.77,251.865,246.37,248.29,248.481,248.462,253.72,-2.01,"-","-","Uptrend","Mixed trend","Hold","-","Neutral",248.12,248.77,0.364759602471125,"","Low reward High risk zone"," + Breakout Signal + ","Very Strong",247.88,"239.37-247.94"," + Breakout Signal + ",NA,"247.24-250","Neutral","Neutral","227.7-258.98","204.42-225.29","False",2.17,6.84,"medium","normal",FALSE,0.0805088157153277,0.128876359242849,-0.152610441767066,-0.116507974769994,0.175272478191672,247.944980018698,247.088293322903,TRUE,"Breakout",9,228.17,3,8,0.24590662508329,250.592,246.416,NA,NA,83.4084912506398,54.595162186015,64.4830438378805,76.9230769230763,8.12712060977576,18.461538461539,63.4146341463398,0.133678719328673,248.6262,248.410479166667,248.73107289898,248.12092710102,FALSE,FALSE,259.067757892761,229.368242107239,10,0,0.175372673509954,5.09853005230782,FALSE,FALSE,32.0506071025122,55.1016190837508,-9.31018546838595,6.4206831606883,2.98235440311491,5.3787140253465,0.880503144654095,0.359262099866796,-1.31385702377645,-2.01008986284092,-1.31385702377644,0.359262099866786,0.880503144654088,5.37871402534651,12.9483992695186,FALSE,248.437,248.426,"high",FALSE,0.502609948669413,FALSE,"2026-10-07 16:00:00",259.067757892761,229.368242107239,246.37,251.86,"","","","","",41,"C","EARLY_REVERSAL",81,"A","TREND_CONFIRMED",95,"PASS"
"AMG","Financial Services","Asset Management","United States","Mid","Good","No",377.09,360.06,572,466.03,374.24,377.91,370.44,374.69,376.941,376.889,379.72,-0.69,"-","-","Mixed trend","Mixed trend","Hold","-","Neutral",376.205,377.5601,0.235626007522838,"","Low reward High risk zone"," + ","Very Strong",375.4,"350.43-375.7"," + ",NA,"374.11-380.2","Neutral","Lower","341.81-386.28","269.92-330.14","False",2.71,28.54,"low","expanding",FALSE,0.0756359390135397,-0.0530096212462682,0.192632152298956,0.408728415278712,0.498374287084896,375.704264985643,373.03343305383,TRUE,"MomentumPullback",5,334.39,4,-1,0.351084461994834,376.056,368.4,NA,NA,59.1595823493957,52.9558854101176,50.9187513836618,65.3088332964354,9.5493495734218,-22.1385875581147,74.0585774058574,0.409337879998249,376.67262,375.906463333333,377.592139701617,376.271110298383,FALSE,FALSE,386.019232865478,341.941767134522,7.87784645238972,0,0.501912963846904,10.7983238082561,FALSE,FALSE,57.353467547433,58.6919078617039,-2.53628733405952,3.03286975053962,3.23313622426632,5.96880708163551,2.98222137258649,3.13995787861381,1.52384029292194,-0.692615611503227,1.52384029292194,3.13995787861381,2.9822213725865,5.9688070816355,12.8903427330116,FALSE,376.832,376.931625,"medium",FALSE,1.96642298244304,FALSE,"2026-10-07 16:00:00",386.019232865478,341.941767134522,370.44,377.91,"","","","","",40,"C","NONE",77,"A","TREND_CONFIRMED",80,"PASS"
"AMZN","Consumer Cyclical","Internet Retail","United States","Large","Good","Yes",260.03,260,260.15,260.08,254.23,260.14,253.17,257.34,260.056,260.038,256.29,1.46,"-0.87","Moderate","Mixed trend","Uptrend","Hold","-","Neutral",259.9923,260.15,0.0140845070422516,"","Low reward High risk zone"," + Breakout Signal: above upper bollinger band limit + ","Very Strong",259.82,"253.98-259.95"," + Breakout Signal: above upper bollinger band limit + ",NA,"259.73-260.36","Neutral","Neutral","232.48-279.24","200.94-238.99","False",2.96,12.43,"low","quiet",FALSE,-0.00738321825255071,0.00769201184569125,0.0538689445534597,0.0654198414530744,0.0577189472063942,259.950543832945,259.739841110458,TRUE,"MomentumPullback",10,236.46,5,3,0.0584357495974287,254.771,252.898,NA,NA,37.8263264077422,50.6149651898358,42.2222222222155,19.9999999999848,-13.5897615766823,13.3333333333232,14.2857142857027,0.0563023089741192,259.965518,259.9559925,260.123498171291,259.971581828709,FALSE,FALSE,259.73654480293,243.52045519707,0.992110133809732,10,0.0417622218781198,5.64808060652064,FALSE,FALSE,93.2824656583175,58.4544302160436,3.93213988391565,5.02242514849085,-0.436681222707418,2.97939778129953,4.2724756288362,4.32269717037929,3.33969465648855,1.4163642748449,3.33969465648856,4.3226971703793,4.27247562883621,2.97939778129952,6.65902566284889,TRUE,260.0757,260.04754,"low",FALSE,0.14701271768087,FALSE,"2026-10-07 18:36:00",259.73654480293,243.52045519707,253.17,260.14,"","","","","",40,"C","NONE",63,"B","NONE",90,"PASS"
"ANET","Technology","Computer Hardware","United States","Large","Good","Yes",216.2,215.8,216.5,216.15,211.3,217.3183,209.13,213.88,216.098,215.913,215.36,0.39,"-1.83","Very Weak","Mixed trend","Uptrend","Hold","-","Neutral",215.17,216.5,0.0500773889636602,"","Low reward High risk zone"," + Breakout Signal + ","Very Strong",214.89,"199.5-215.5"," + Breakout Signal + ",NA,"215.25-216.38","Lower","Neutral","157.48-274.18","117.99-180.11","False",4.77,3.17,"medium","expanding",FALSE,-0.0727499960713264,0.176072653136871,0.157509496896125,0.274944435992853,0.436681222707422,214.859033394058,213.364909564435,TRUE,"MomentumPullback",9,180.04,3,6,0.66779521581216,211.245,204.016,NA,NA,55.6889358427331,54.9406943302846,71.7097489506606,71.014492753622,-0.538575456701176,26.8997386552622,55.9988266353759,0.282838201090989,215.804654,215.8691375,216.514420762044,215.078139237956,FALSE,FALSE,217.052210356485,188.279789643515,4.44796054550556,9.4069610124465,0.312455175929351,6.95727917770853,FALSE,FALSE,93.3847987367113,67.1746417338924,0.35406027016154,18.2176699348195,13.0355085367131,11.8695900067382,6.07460559296211,6.01208310820768,4.08970340004824,0.218239227340267,4.08970340004824,6.01208310820767,6.07460559296211,11.8695900067382,15.2817361690531,FALSE,216.07164,215.79628,"medium",FALSE,2.00736577278781,FALSE,"2026-10-07 18:37:00",217.052210356485,188.279789643515,209.13,217.32,"","","","","",40,"C","NONE",90,"A","TREND_CONFIRMED",90,"PASS"
"APLD","Technology","Information Technology Services","United States","Mid",NA,"No",24.7707,24.79,24.8,24.8,24.55,24.8984,23.685,24.37,24.739,24.699,25.34,-2.25,"-3.23","Moderate","Uptrend","Downtrend","Hold","-","Neutral",24.59,24.79,12.5938095238096,"","Excellent reward to risk ratio zone"," + Breakout Signal: above upper bollinger band limit + Positive News + ","Very Strong",24.55,"22.81-24.56"," + Breakout Signal: above upper bollinger band limit + Positive News + ",NA,"24.38-25.16","Neutral","Neutral","7.9-39.72","13.3-24.29","True",9.18,-0.91,"medium","quiet",TRUE,0.326852976913731,0.33863839819177,0.612103980503658,0.541047350775658,2.44292803970224,24.555549985786,24.3933030632523,TRUE,"Breakout",10,21.12,1,9,0.734559832358343,24.667,25.657,NA,NA,96.2869920444775,67.6728403120025,94.604761904762,86.2142857142874,7.32857142857138,-12.9857142857109,76.2022194821235,0.0348206547903349,24.70327,24.5676791666667,24.7755169556457,24.5948530443543,FALSE,FALSE,28.7523699090303,22.6536300909697,10,0,0.034703170682839,1.65865436647481,FALSE,FALSE,29.0163310845029,41.5573269423915,-5.03546202783058,-16.3681067790657,-17.4696707105719,-12.2697126013265,-12.559676827029,-2.29790726302832,-6.1859732072498,-6.03788476716654,-6.18597320724981,-2.29790726302832,-12.559676827029,-12.2697126013265,26.9216889018233,FALSE,24.73166,24.685185,"low",FALSE,-0.00750932713350849,TRUE,"2026-10-07 18:41:00",28.7523699090303,22.6536300909697,23.68,24.9,"","News Alert","Earnings Alert","","",79,"A","TREND_CONFIRMED",0,"D","NONE",48,"WATCH"
"APOG","Industrials","Building Products & Equipment","United States","Small","Good","No",41.11,40.87,41.48,41.17,39.36,41.76,38.7,40.52,41.151,41.248,40,2.77,"-1.14","Very Weak","Mixed trend","Uptrend","Hold","-","Neutral",41.025,41.62,0.272155963302752,"","Low reward High risk zone"," + ","Very Strong",40.76,"35.67-41.05"," + ",NA,"40.16-42.06","Neutral","Neutral","30.57-51.65","26.25-35.39","False",3.68,3.16,"medium","expanding",FALSE,-0.676491906257553,-0.206335720354414,-1.46212847555129,-0.508228460793806,0.932973238399221,40.9202828115904,40.3933714586917,FALSE,"",5,33.35,8,-1,1.35730907339217,38.498,37.631,NA,NA,32.4464005622984,40.8585696932687,23.6783792339345,17.948717948718,-7.74506700432654,-15.3846153846148,29.6296296296294,0.0290258505493516,41.333204,41.2570641666667,41.5069717575113,40.9511382424887,FALSE,FALSE,39.9790530041329,34.2914469958671,0,10,0.104934152724435,1.63542381485514,FALSE,FALSE,95.0412333601052,65.418861154778,3.78462095147555,6.69608097586296,-0.36354823073194,7.73060796645703,11.7727025557368,16.2284421826407,15.4288923206514,2.775,15.4288923206514,16.2284421826407,11.7727025557368,7.73060796645704,16.586077598158,FALSE,41.126,41.229055,"medium",FALSE,3.23848373541291,FALSE,"2026-10-07 16:00:00",39.9790530041329,34.2914469958671,38.7,41.76,"","","Earnings Alert","","",9,"D","NONE",63,"B","NONE",90,"PASS"
"APUS","Healthcare","Drug Manufacturers - Specialty & Generic","United States","Nano",NA,"No",6.95,6.96,7,6.98,8,9.84,6.86,7.84,6.978,7.004,7.13,-2.52,"10.69","Moderate","Mixed trend","Mixed trend","Hold","-","Neutral",6.95,7.1,0.503610108303249,"","Low reward High risk zone"," + ","Very Strong",6.8,"4.86-7.47"," + ",NA,"6.55-7.37","Neutral","Neutral","-1.2-13.78","1.18-8.9","False",17.4,-36.03,"low","quiet",FALSE,-1.64862378829689,-1.27840909090909,0,-2.52454417952314,-5.57065217391305,6.9104081518629,6.68976610829527,FALSE,"",6,1.24,8,2,2.68304003801408,5.864,4.427,NA,NA,21.3388574371204,44.1456221011557,10.6730115567642,0,-10.2571442958934,0,0,0.0250998007945716,7.016104,7.06276333333333,7.11017205053577,6.92438794946423,FALSE,FALSE,7.84192284639069,-0.489422846390689,0,8.32453108322406,0.0395918481371053,1.56018339449861,FALSE,FALSE,78.0907795862943,64.0680334385612,-0.489675609534785,-3.74112506826871,41.851106639839,207.860262008734,207.860262008734,41,118.944099378882,-1.12201963534362,118.944099378882,41,207.860262008734,207.860262008734,-1702.27968600607,FALSE,6.974,7.01728,"high",TRUE,2.75930185860992,FALSE,"2026-10-07 18:29:00",7.84192284639069,-0.489422846390689,6.86,9.84,"","","","","",9,"D","NONE",50,"C","NONE",95,"PASS"
"ATI","Industrials","Metal Fabrication","United States","Large","Good","No",189.19,188.4,196,192.2,190.54,190.9168,184.49,187.92,189.119,188.68,194.69,-2.83,"-0.11","-","Uptrend","Mixed trend","Hold","-","Neutral",187.96,189.4,1.68709972552607,"","Good reward to risk ratio zone"," + ","Very Strong",187.71,"177.28-187.79"," + ",NA,"187.66-190.72","Neutral","Neutral","131.91-246.47","134.1-183.64","False",3.58,3.41,"medium","normal",FALSE,0.0211472376420788,0.371372486604058,0.611572005956183,0.73478515521005,0.0343688037012546,187.758565232325,186.824744997197,FALSE,"",8,171.75,3,8,0.88136763668724,191.166,192.24,NA,NA,67.2164577915142,71.5826395545621,81.5333333333325,83.1999999999994,-2.65661110730076,-3.19999999999936,52.8089887640424,0.0620886463038176,188.136,188.311209166667,189.421205675392,187.766294324608,FALSE,FALSE,198.816304596989,180.050695403011,0,0,0.202752945820088,7.67403072634091,FALSE,FALSE,33.3778818432751,44.7135741374892,-5.95706572436836,-0.131967905405405,-12.098685127538,-8.40030986733804,2.72016505592355,-0.110876451953542,-1.67861968610331,-2.82500385227798,-1.67861968610331,-0.110876451953545,2.72016505592354,-8.40030986733804,10.4224030637454,FALSE,189.169,188.59375,"low",FALSE,-7.52054368450446,FALSE,"2026-10-07 16:00:00",198.816304596989,180.050695403011,184.49,190.92,"","","","","",66,"B","TREND_CONFIRMED",2,"D","NONE",45,"WATCH"
"AUGO","Basic Materials","Gold","United States","Mid","Good","No",82.02,82.1,86,84.05,82.79,84.12,80.8,83.08,82.035,82.234,86.67,-5.37,"-0.69","-","Mixed trend","Mixed trend","Hold","-","Neutral",81.87,82.675,2.28486055776893,"","Good reward to risk ratio zone"," + ","Very Strong",81.7,"73.3-82.94"," + ",NA,"80.64-82.28","Lower","Neutral","48.53-115.51","49.8-72.84","False",8.06,3.54,"medium","expanding",FALSE,-0.121773015099864,-0.509461426491996,-0.467204659911419,-1.38863841298467,-1.43011657252734,81.6985958279444,80.9029957642712,FALSE,"",9,70.65,6,5,1.11790626575801,83.132,83.329,NA,NA,41.3064419451679,35.9664948643109,18.3947432072882,19.1082802547761,2.05122692480323,3.28549544464932,62.4999999999978,0.0187416648219377,82.436518,82.8566741666667,82.7565815696916,81.8416684303083,FALSE,FALSE,92.5279440404796,76.7120559595204,10,0,0.171718214144374,4.43223491837185,FALSE,FALSE,40.6133079687423,48.7467609715872,-7.98210838528146,45.0397877984085,-9.34011274455621,-3.86779184247538,-3.89032106866652,4.24504321301473,0.0854179377669227,-5.36517826237453,0.0854179377669295,4.24504321301473,-3.89032106866651,-3.86779184247539,20.6172131396203,FALSE,82.0055,82.299125,"low",FALSE,0.346904987289694,FALSE,"2026-10-07 16:00:00",92.5279440404796,76.7120559595204,80.8,84.12,"","","","","",9,"D","NONE",22,"D","NONE",88,"PASS"
"AVGO","Technology","Semiconductors","United States","Large","Good","Yes",375.9806,375.88,376.18,376.03,372.6,376.97,369.12,373.29,376.069,375.974,375.81,0.05,"-0.85","Moderate","Mixed trend","Uptrend","Hold","-","Neutral",375.56,376.3,0.104817235536189,"","Low reward High risk zone"," + ","Very Strong",375.25,"367.06-375.4"," + ",NA,"375.28-376.68","Neutral","Neutral","279.35-473.67","277.05-327","False",4.44,8.12,"medium","quiet",FALSE,-0.00250006649113749,0.0746606136117507,0.034747904749224,0.127989347536613,-0.0981533147336366,375.399024199725,374.639420765374,FALSE,"",5,322.04,5,-1,0.223581691081427,366.865,359.91,NA,NA,37.4082595558767,50.7930666390952,83.8108108108087,56.8378378378343,9.99502241967958,-37.7567567567576,11.2777777777728,0.180689988638841,375.891154,375.825533333333,376.393399690573,375.553730309427,FALSE,FALSE,376.040687667235,334.118312332765,0,10,0.161156081512183,11.0134505675296,FALSE,FALSE,87.1134839380298,59.3003993348484,0.324960568612518,-3.06127703398558,5.73450532168834,3.51644121851973,6.06214259556607,7.2097724878271,6.01734527228699,0.186264335701548,6.01734527228699,7.2097724878271,6.06214259556608,3.51644121851973,12.5471648176882,FALSE,376.08412,375.973565,"medium",FALSE,2.2672548321083,FALSE,"2026-10-07 18:31:00",376.040687667235,334.118312332765,369.12,376.97,"","","","","",40,"C","NONE",57,"B","NONE",95,"PASS"
"AWK","Utilities","Utilities - Regulated Water","United States","Large","Moderate","Yes",127.541,126.93,127.86,127.4,128.09,128.765,126.505,127.63,127.435,127.252,128.04,-0.39,"-","-","Uptrend","Mixed trend","Hold","-","Neutral",126.78,127.61,14.5533980582524,"","Excellent reward to risk ratio zone"," + Positive News + ","Very Strong",126.75,"121.09-127.58"," + Positive News + ",NA,"126.69-128.39","Neutral","Neutral","108.87-145.89","111.74-129.92","False",2.16,5.77,"high","expanding",FALSE,0.0282341868946327,0.287792412030666,0.41017162651551,0.449712530519019,0.358814966361099,126.667627829308,126.208564379526,TRUE,"Breakout",12,124.39,2,10,0.82008579149555,128.311,131.804,NA,NA,82.6153885526693,68.6697512960861,78.5390914306572,91.0389610389607,-0.259392548549127,18.7498044124552,100,0.0779692246980481,127.045022,126.944363333333,127.685612017903,126.646997982097,FALSE,FALSE,141.566632556549,124.356367443451,10,0,0.113046687350005,2.59054133823043,FALSE,FALSE,28.4350264477587,32.9151313970659,-1.35827604196305,-2.54016832440703,-7.42732558139535,-9.22824770184566,-4.26875093942583,-1.6142735768904,-2.20345489443379,-0.515463917525771,-2.20345489443379,-1.6142735768904,-4.26875093942582,-9.22824770184566,13.8394723703427,FALSE,127.4222,127.166305,"high",FALSE,-0.0833141350654483,FALSE,"2026-10-07 16:10:00",141.566632556549,124.356367443451,126.5,128.76,"","News Alert","","Strong fundamentals, below 50/200-day averages","",79,"A","TREND_CONFIRMED",4,"D","NONE",38,"AVOID"
"AZ","Technology","Software - Application","Canada","Micro",NA,"No",5.91,5.51,7.05,6.28,5.87,6.13,5.72,5.97,5.915,5.905,5.97,-1.01,"0.34","-","Mixed trend","Mixed trend","Hold","-","Neutral",5.86,5.94,0.646438356164383,"","Low reward High risk zone"," + Positive News + ","Strong",5.82,"5.1-5.89"," + Positive News + ",NA,"5.77-6.05","Neutral","Neutral","3.62-8.27","3.1-6.05","False",6.72,-0.83,"low","quiet",FALSE,-0.104796998073083,-0.0845308537616212,0.339558573853998,0.339558573853998,-2.47524752475247,5.84470574402616,5.77354178120119,TRUE,"RSER",6,4.83,6,5,1.12572924452169,5.942,5.886,NA,NA,40.5565865974618,52.6430350375242,69.7911684999198,41.176470588235,1.38678137571987,-39.2156862745088,40.0000000000004,0.0117260393996482,5.906456,5.925655,5.93416951789893,5.86811048210107,FALSE,FALSE,6.20676089228623,5.29923910771377,0,0,0.0154247530384657,0.386987875931882,FALSE,FALSE,45.307411339458,49.6284504244266,-1.22071573084746,6.67870036101083,-14.4717800289436,-1.99004975124378,2.78260869565218,2.78260869565218,-4.52342487883684,-1.00502512562813,-4.52342487883683,2.78260869565217,2.78260869565217,-1.99004975124378,17.1255111559589,FALSE,5.915,5.90114,"low",FALSE,-0.739036421446553,FALSE,"2026-10-07 16:00:00",6.20676089228623,5.29923910771377,5.72,6.13,"","News Alert","","","",36,"D","NONE",29,"D","NONE",85,"PASS"
"AZZ","Industrials","Specialty Business Services","United States","Mid","Good","No",138.51,55.09,155,105.04,138.95,139,136.15,137.83,138.448,138.304,141.59,-2.18,"-","-","Mixed trend","Mixed trend","Hold","-","Neutral",137.97,138.68,0.347280334728036,"","Low reward High risk zone"," + Breakout Signal: above upper bollinger band limit + ","Strong",137.71,"130.48-137.82"," + Breakout Signal: above upper bollinger band limit + ",NA,"137.7-139.17","Neutral","Neutral","113.83-163.19","108.95-125.52","False",3.32,6.56,"low","quiet",FALSE,-0.122584366887811,0.195312499999987,0.551724137931028,0.00722021660649163,0.774855396704135,137.824292672794,137.097752133279,TRUE,"RSER",8,125.32,4,6,0.514961522907176,138.761,137.541,NA,NA,67.563753531682,57.9627275595538,66.83274166859,72.1311475409816,-2.3311831370741,-1.30635245901651,93.5483870967709,0.0816164811774333,138.213816,137.759173333333,138.608937911401,137.898812088599,FALSE,FALSE,141.184255237398,130.890744762602,8.48676709353681,0,0.146277610286806,3.68441830943651,FALSE,FALSE,47.1336942083036,51.2086387189373,-7.99383125265918,-7.65384358957265,0,0.159085978740327,0.515239477503614,3.06570429347422,-0.631322189540136,-2.17529486545661,-0.63132218954014,3.06570429347421,0.515239477503604,0.159085978740325,7.86420040123138,FALSE,138.4365,138.253875,"low",FALSE,0.430252725250471,FALSE,"2026-10-07 16:01:00",141.184255237398,130.890744762602,136.15,139,"","","","","",47,"C","NONE",34,"D","NONE",70,"AVOID"
"BAC","Financial Services","Banks - Diversified","United States","Large","Good","Yes",53.5858,53.52,53.6,53.56,53.19,53.68,52.91,53.45,53.568,53.557,54.09,-0.93,"-1.59","Weak","Uptrend","Mixed trend","Hold","-","Oversold",53.5,53.6,16.3650793650793,"","Excellent reward to risk ratio zone"," + Breakout Signal: above upper bollinger band limit + ","Very Strong",53.45,"51.67-53.46"," + Breakout Signal: above upper bollinger band limit + ",NA,"53.39-53.76","Neutral","Lower","28.27-61.45","47.4-56.2","False",2.55,4.33,"medium","normal",FALSE,0.000186616951903613,0.066853408029882,-0.0451408319343414,0.263448404902234,0.23531612420501,53.4647981600588,53.2812997856821,TRUE,"MomentumPullback",9,52.45,0,8,0.207662719760176,54.001,56.371,NA,NA,61.1110437796789,53.798102469675,75.4333333333329,85.7999999999978,8.36666666666678,25.7999999999963,100,0.0356298751057214,53.549614,53.4576933333333,53.6081066764291,53.4970133235709,FALSE,FALSE,62.263929699754,51.225070300246,10,0,0.0352582944807873,1.08069799564938,FALSE,FALSE,18.2397269987398,23.6971898775971,-1.95110419204457,-11.2584977615652,-13.8303010787313,-14.600287218765,-4.42857142857142,-1.67187212934043,-0.42790697674418,-1.05379922351636,-0.427906976744186,-1.67187212934043,-4.42857142857143,-14.600287218765,21.549720351394,FALSE,53.56126,53.55256,"high",FALSE,-2.20968554301895,FALSE,"2026-10-07 18:44:00",62.263929699754,51.225070300246,52.91,53.68,"","","","Strong fundamentals, below 50/200-day averages","Undervalued",42,"C","NONE",2,"D","NONE",45,"AVOID"
"BAP","Financial Services","Banks - Regional","Peru","Large","Good","No",376,367,388,377.5,377,380.685,375.99,379.11,376.118,376.459,385.14,-2.37,"-0.78","Very Weak","Mixed trend","Mixed trend","Hold","-","Neutral",375.99,377.22,2.94925839188133,"","Good reward to risk ratio zone"," + Breakdown Signal: below lower bollinger band limit + ","Very Strong",375.3,"360.81-377.76"," + Breakdown Signal: below lower bollinger band limit + ",NA,"373.63-378.37","Neutral","Neutral","316.09-436.13","310.8-372.22","False",2.86,26.55,"medium","normal",FALSE,-0.151366279841727,-0.195097349595873,-0.35511740075263,-0.529100529100529,-0.914433288534015,375.686372930557,374.178728161451,FALSE,"",4,356.54,6,0,0.372690097730995,379.235,380.784,NA,NA,20.8392400867033,37.4493615691409,4.5977011494249,0.985221674875964,-7.22502430582243,0,0,0.133154046186012,376.879,378.031938333333,377.186007659332,375.785492340668,FALSE,FALSE,392.203605429356,370.974394570644,2.70627267192044,2.98139350097647,0.303635144846277,9.5019310901454,FALSE,FALSE,37.5700527984299,45.989893393786,-7.7567256036693,-4.11227819702223,-1.87581528828594,0.15978269553408,-2.40541802895843,-0.989812304209332,0.750046877929874,-2.34460196292257,0.750046877929877,-0.989812304209337,-2.40541802895843,0.159782695534072,5.72255421651993,FALSE,376.096,376.48575,"low",FALSE,-0.00775511560980835,FALSE,"2026-10-07 17:55:00",392.203605429356,370.974394570644,375.99,380.68,"","","","","Undervalued",9,"D","NONE",19,"D","NONE",73,"PASS"
"BBD","Financial Services","Banks - Regional","Brazil","Large","Moderate","No",4.32,4.3,4.33,4.31,4.5,4.51,4.33,4.42,4.318,4.329,4.51,-4.21,"-0.15","Very Weak","Mixed trend","Uptrend","Hold","-","Neutral",4.3,4.35,0.230326295585413,"","Low reward High risk zone"," + ","Very Strong",4.29,"3.68-4.4"," + ",NA,"4.29-4.36","Neutral","Neutral","2.9-5.79","2.59-3.35","False",3.58,0.31,"high","expanding",FALSE,-0.460829493087548,-0.460829493087548,-0.460829493087548,-0.917431192660551,-1.8650189682197,4.28758076953388,4.22884346619156,TRUE,"MomentumPullback",8,3.21,6,4,1.25597178930853,4.134,3.701,NA,NA,52.7323077639839,45.4812925756877,16.666666666667,50.0000000000011,-16.6666666666668,50.0000000000011,100,0.0162962572390447,4.338298,4.36435916666667,4.35813902143985,4.30408097856014,FALSE,FALSE,4.30879353363899,2.94180646636101,10,0,0.0124769943287532,0.169171150371493,TRUE,FALSE,73.1023850522121,73.2473213140719,-8.48962814408839,19.7902290919128,33.7030191004313,26.6044340723454,25.5060728744939,23.3655486071632,18.969298245614,-3.76940133037694,18.969298245614,23.3655486071632,25.5060728744939,26.6044340723454,46.4676069928194,FALSE,4.31944,4.33111,"high",FALSE,28.432777778403,FALSE,"2026-10-07 18:12:00",4.30879353363899,2.94180646636101,4.33,4.51,"","","","","Undervalued",17,"D","NONE",68,"B","TREND_CONFIRMED",58,"AVOID"
"BFRG","NA","NA","NA","Nano",NA,"No",0.7528,0.75,0.77,0.76,0.7945,0.83,0.6569,0.74,0.763,0.78,0.689,9.26,"14.51","Moderate","Mixed trend","Uptrend","MomentumPullback","-","Neutral",0.7528,0.8168,1.20593429883433,"","Moderate reward to risk ratio zone"," + ","Very Strong",0.74,"0.32-0.74"," + ",NA,"0.68-0.83","Neutral","Lower","0.42-0.8","0.04-0.54","True",9.16,-0.46,"high","quiet",FALSE,-2.34790504605007,-5.40336768032168,-5.30817610062893,-3.35087944537168,3.40659340659341,0.744123033002766,0.704187139345566,FALSE,"",4,0.39,7,-1,9.6083681318736,0.665,0.616,NA,NA,27.0657078385225,30.9264009543539,9.89292941657654,0,3.29764313885885,-26.3620386643234,0,0.00849864695113734,0.795668,0.768579166666667,0.821883524477628,0.749836475522372,FALSE,FALSE,0.854130840529021,0.331619159470979,2.97104527541269,10,0.0086769669972336,0.102014545832275,FALSE,FALSE,76.2482504715461,58.3919180884223,1.26243808382255,2.29536595928974,22.1513532149629,44.0243902439024,-25.4105263157895,17.8642714570858,14.753036437247,2.84470246734399,14.7530364372469,17.8642714570858,-25.4105263157895,44.0243902439024,157.563779454597,FALSE,0.76318,0.78586,"high",FALSE,-3.23293371432709,TRUE,"2026-10-07 18:30:00",0.854130840529021,0.331619159470979,0.66,0.83,"","","","","",4,"D","NONE",61,"B","NONE",58,"WATCH"
"BHC","Healthcare","Drug Manufacturers - Specialty & Generic","Canada","ETF",NA,"No",6.15,6.13,6.34,6.23,6.04,6.33,6.02,6.21,6.154,6.159,6.02,2.16,"-0.43","-","Downtrend","Mixed trend","Hold","-","Neutral",6.14,6.18,0.295081967213114,"","Low reward High risk zone"," + Breakdown Signal: below lower bollinger band limit + Positive News + ","Very Strong",6.13,"5.74-6.2"," + Breakdown Signal: below lower bollinger band limit + Positive News + ",NA,"6.08-6.22","Neutral","Neutral","1.99-10.46","4.25-5.32","False",4.66,NA,"low","expanding",FALSE,-0.0812347684809081,-0.0812347684809081,-0.886381950040286,-0.966183574879221,-0.886381950040286,6.13203555342315,6.09290606042123,FALSE,"",6,5.23,9,-1,0.283577051327629,5.971,5.914,NA,NA,29.1543324158205,36.3745217529166,50.0000000000015,33.3333333333353,0.703703703703702,-33.3333333333323,0,0.00363620681499609,6.183358,6.19429916666667,6.16186711497693,6.14444288502307,FALSE,FALSE,6.09600401424571,5.50599598575429,0,10,0.0079774179882111,0.251333877979038,FALSE,FALSE,92.3790853818279,57.7204423377965,3.98119168099168,29.4736842105263,-8.61812778603269,-0.162337662337659,7.70577933450088,5.48885077186964,6.0344827586207,2.15946843853822,6.03448275862071,5.48885077186965,7.70577933450087,-0.162337662337664,10.7157366263607,TRUE,6.15462,6.153155,"low",FALSE,-7.53831394621874,FALSE,"2026-10-07 16:00:00",6.09600401424571,5.50599598575429,6.02,6.33,"","News Alert","","","",9,"D","NONE",56,"B","NONE",58,"WATCH"
"BINC","NA","NA","NA","ETF",NA,"No",50.67,50.65,50.68,50.66,50.59,50.7,50.58,50.66,50.678,50.678,50.71,-0.08,"-0.1","-","Mixed trend","Mixed trend","Hold","-","Neutral",50.664,50.69,1.92307692307694,"","Good reward to risk ratio zone"," + Breakdown Signal: below lower bollinger band limit + Positive News + ","Very Strong",50.66,"50.21-50.67"," + Breakdown Signal: below lower bollinger band limit + Positive News + ",NA,"50.61-50.74","Neutral","Neutral","49.81-51.57","49.75-50.92","False",0.25,NA,"medium","expanding",FALSE,-0.0394555139080608,-0.00986679822396735,-0.00986679822396735,-0.0295945546019544,-0.0295945546019544,50.6550967952724,50.6159259283364,FALSE,"",5,50.41,7,0,0.0583751451922547,50.658,50.843,NA,NA,29.0108211363088,43.7567477795423,28.2051282051303,0,-23.9316239316232,-61.5384615384636,0,0.0100000000000159,50.675436,50.683565,50.6929374057368,50.6633625942632,FALSE,FALSE,51.2643633001644,50.4156366998357,0,10,0.00890425910992922,0.130821666505289,FALSE,FALSE,67.0115610707761,36.2083689962678,-0.808487164146314,-1.24683421001364,-1.89665182891427,-1.1698186781049,-0.45168892380205,0.257120253164548,0.23729483883725,-0.039439952672063,0.237294838837254,0.257120253164556,-0.451688923802052,-1.16981867810489,1.68345905335253,FALSE,50.68,50.67815,"high",TRUE,-0.442220514134804,FALSE,"2026-10-07 18:05:00",51.2643633001644,50.4156366998357,50.58,50.7,"","News Alert","","","",9,"D","NONE",16,"D","EARLY_REVERSAL",75,"PASS"
"BIOT","NA","NA","NA","ETF",NA,"No",0.3798,0.38,0.38,0.38,0.3716,0.3898,0.3536,0.38,0.38,0.38,0.373,1.82,"3.34","-","Mixed trend","Mixed trend","Hold","-","Neutral",0.3717,0.3876,2.52173913043478,"","Good reward to risk ratio zone"," + ","Strong",0.36,"0.23-0.37"," + ",NA,"0.37-0.39","Neutral","Neutral","-30.64-30.68","0.12-0.13","False",29.16,NA,"low","quiet",FALSE,-0.2101944298476,-0.0789265982636061,-0.497773120251495,2.45481521445915,3.57240250886283,0.368939014540218,0.352499696522965,TRUE,"MomentumPullback",7,0.07,6,3,3.73897221128118,0.373,0.473,NA,NA,34.6597781220865,49.1789361863005,8.62745098039229,8.23529411764745,-10.3901015332758,1.17647058823582,33.3333333333457,0.000164316767257307,0.37938,0.378519166666667,0.387767989696616,0.373792010303384,FALSE,FALSE,0.45623285529818,0.32790714470182,5.28029924546758,10,0.00282115221314328,0.244832715707797,FALSE,FALSE,68.3600846863538,17.0119357417884,1.54852138244914,-13.1322295305058,-13.1322295305058,-0.956814067752775,-6.8579766536965,2.65344411685876,13.6498516320475,2.68096514745309,13.6498516320475,2.65344411685875,-6.8579766536965,-0.956814067752776,39.1347711295077,FALSE,0.37992,0.38078,"high",FALSE,0.932798132668079,FALSE,"2026-10-07 18:20:00",0.45623285529818,0.32790714470182,0.35,0.39,"","","","","",21,"D","NONE",21,"D","EARLY_REVERSAL",90,"PASS"
"BITO","NA","NA","NA","ETF",NA,"No",11.14,11.12,11.13,11.12,11.13,11.18,11.05,11.14,11.134,11.138,11.45,-2.71,"-2.87","-","Mixed trend","Mixed trend","Hold","-","Neutral",11.12,11.1613,0.478378378378377,"","Low reward High risk zone"," + Breakout Signal + ","Very Strong",11.11,"10.72-11.13"," + Breakout Signal + ",NA,"11.12-11.16","Neutral","Neutral","7.76-14.33","8.59-9.74","False",3.93,NA,"high","normal",FALSE,0.0898472596585785,0,0.0449034575662396,-0.134468848050191,0.0898472596585785,11.1119684066337,11.0760785248221,TRUE,"MomentumPullback",5,9.87,1,6,0.452874828445521,11.287,11.023,NA,NA,70.2998242267191,50.5497219761038,32.2841000807127,48.4261501210669,7.21149093922237,24.2130750605313,100,0.00836660026536232,11.140662,11.1383475,11.167558526195,11.117211473805,FALSE,FALSE,11.9747165015161,10.0332834984839,10,0,0.00804603867815369,0.320982758340415,FALSE,FALSE,26.0950328308304,56.8245870622802,-8.90566209846987,27.8549294158155,4.79774223894638,6.19637750238323,-1.67696381288614,-0.357781753130583,-1.24113475177304,-2.70742358078602,-1.24113475177304,-0.357781753130582,-1.67696381288613,6.19637750238322,19.3499267047078,FALSE,11.132,11.142385,"medium",FALSE,-0.00032951474837617,FALSE,"2026-10-07 18:34:00",11.9747165015161,10.0332834984839,11.05,11.18,"","","","","",32,"D","NONE",49,"C","NONE",60,"AVOID"
"BIYA","NA","NA","NA","Nano","Good","No",2.18,2.19,2.2,2.2,2.14,2.89,1.78,2.38,2.192,2.207,1.365,59.71,"57.77","Moderate","Downtrend","Uptrend","","-","Neutral",2.18,2.25,0.880000000000001,"","Moderate reward to risk ratio zone"," + ","Very Strong",2.09,"1.19-2.36"," + ",NA,"2.15-2.27","Higher","Neutral","-0.23-4.26","0.17-4.93","True",17.58,45.11,"low","quiet",FALSE,-1.35746606334841,-1.8018018018018,-0.470255216180431,-4.80349344978165,-5.21739130434781,2.16041471335661,2.05247899313844,FALSE,"",5,1.14,9,-1,3.70618131052522,1.81,1.976,NA,NA,30.8376476362476,40.7589155994529,15.8730158730158,0,-2.64550264550267,-33.3333333333333,0,0.00999999999999691,2.211214,2.25572333333333,2.25531954159283,2.17472045840717,FALSE,FALSE,2.53221306242819,1.44978693757181,0,10,0.0195852866433854,0.347363470351582,FALSE,TRUE,82.218791080426,55.0966861389641,33.0790044013948,-34.2857142857143,-0.862068965517242,2.22222222222221,11.1111111111111,17.3469387755102,43.75,68.4981684981685,43.75,17.3469387755102,11.1111111111111,2.22222222222221,74.6610482412884,FALSE,2.19,2.21502,"medium",TRUE,19.5322531921226,TRUE,"2026-10-07 18:39:00",2.53221306242819,1.44978693757181,1.78,2.89,"","","","","",9,"D","NONE",63,"B","EARLY_REVERSAL",95,"PASS"
"BKH","Utilities","Utilities - Regulated Gas","United States","Mid","Good","No",76.11,75.15,77.01,76.08,74.79,77.975,74.2,76.47,76.03,76.087,70.74,7.59,"5.18","Very Weak","Mixed trend","Uptrend","Hold","-","Neutral",75.79,76.42,0.25722891566265,"","Low reward High risk zone"," + Breakout Signal + ","Very Strong",75.66,"69.84-76.47"," + Breakout Signal + ","Upwards Momentum Signal","75.21-77.01","Neutral","Neutral","64.69-86.99","57.74-69.82","True",2.13,3.97,"medium","expanding",FALSE,0.151325745114803,-0.288222193108868,-0.327396542692509,-0.605949800193275,-1.17509576056612,75.6709427122883,75.1109948297987,FALSE,"",9,66.45,2,5,0.903637785503647,72.317,71.402,NA,NA,69.4520668945233,49.5257553750589,30.4597701149419,46.5517241379305,3.80405035577419,1.72413793103537,100,0.134610549362724,76.2396,76.5429883333333,76.4022333046466,75.7180166953534,FALSE,FALSE,73.6511398638981,68.278860136102,10,10,0.119559970546775,1.8879968377768,FALSE,TRUE,94.4821766300276,67.8822788156289,20.6355118415335,1.3497260457036,3.86195562859492,4.14721230431202,7.55921145936746,8.21917808219179,6.87711386696732,7.2094995759118,6.87711386696732,8.21917808219179,7.55921145936747,4.14721230431201,7.86814501162937,TRUE,75.962,76.060125,"medium",FALSE,0.669750215275145,TRUE,"2026-10-07 17:34:00",73.6511398638981,68.278860136102,74.2,77.97,"","","","Strong fundamentals, below 50/200-day averages","",24,"D","EARLY_REVERSAL",96,"A","TREND_CONFIRMED",60,"AVOID"
"BKNG","Consumer Cyclical","Travel Services","United States","ETF",NA,"Yes",155.77,155.79,155.83,155.81,157.665,158.26,155.35,156.51,155.786,155.806,157.63,-1.18,"-0.11","-","Downtrend","Mixed trend","Hold","-","Oversold",155.76,155.89,14.4364640883978,"","Excellent reward to risk ratio zone"," + Breakdown Signal: below lower bollinger band limit + Positive News + ","Very Strong",155.5,"152.69-155.85"," + Breakdown Signal: below lower bollinger band limit + Positive News + ",NA,"155.58-155.97","Neutral","Neutral","106.19-205.55","120.8-178.44","False",3.68,NA,"low","normal",FALSE,-0.0128377944668989,-0.00641930928231538,-0.0513314084055079,-0.0192554557124526,-0.0385034974010154,155.698942587698,155.378717502099,FALSE,"",6,149.63,9,-1,0.0785518177686828,158.144,166.574,NA,NA,34.8230164382528,44.7511730028521,13.8888888888994,8.33333333334912,-6.4814814814804,-16.6666666666509,0,0.0244948974349269,155.828362,155.799984166667,155.873672749377,155.751327250623,FALSE,FALSE,177.639752171328,151.817247828672,0.744780779384679,0,0.0610613322693737,5.66156327202045,FALSE,FALSE,9.04514584904928,27.8635211375752,-1.46555179365686,-10.6403714957289,-26.9108130920004,-9.90694179527194,-0.0192431045542021,-4.32140445644834,-1.98088290781034,-1.11653872993719,-1.98088290781034,-4.32140445644834,-0.0192431045542008,-9.90694179527194,17.0089398352133,FALSE,155.79,155.8125,"medium",FALSE,-4.97261947065466,FALSE,"2026-10-07 18:44:00",177.639752171328,151.817247828672,155.35,158.26,"","News Alert","","","",9,"D","NONE",2,"D","NONE",65,"PASS"
"BKV","Energy","Oil & Gas E&P","United States","Mid","Good","No",23.67,23.5,23.76,23.63,23.3,24.3408,22.935,23.76,23.656,23.67,22.05,7.35,"6.64","Very Weak","Mixed trend","Uptrend","Hold","-","Neutral",23.6,23.7,0.556879699248121,"","Low reward High risk zone"," + Breakout Signal + ","Very Strong",23.54,"21.98-23.7"," + Breakout Signal + ","Upwards Momentum Signal","23.38-23.96","Neutral","Neutral","15.61-31.75","15.55-26.84","True",5,2.79,"low","expanding",FALSE,-0.0422297297297213,0,-0.168705187684518,-0.567107750472581,0.25412960609912,23.5676474375176,23.4075933657532,TRUE,"MomentumPullback",9,20.09,5,2,0.336052106747797,22.453,22.81,NA,NA,58.250305398286,48.3512943070891,45.555555555557,70.0000000000018,-10.7407407407404,70.0000000000018,100,0.0339116499162997,23.72603,23.7164566666667,23.698977086598,23.619602913402,FALSE,FALSE,24.8852571936446,20.6577428063554,8.45093793576627,10,0.0324485234728353,1.01991096149614,TRUE,TRUE,94.1107878640129,54.2852826767628,13.8542216641762,-7.46385306760453,-1.49750415973377,-1.74273858921163,1.76192522561238,10.9653233364574,9.78210477515067,7.3922902494331,9.78210477515067,10.9653233364574,1.76192522561238,-1.74273858921162,20.4645513641919,FALSE,23.66,23.65929,"medium",FALSE,-7.32116655295107,TRUE,"2026-10-07 17:44:00",24.8852571936446,20.6577428063554,22.93,24.34,"","","","","",17,"D","NONE",52,"C","EARLY_REVERSAL",50,"AVOID"
"BND","NA","NA","NA","ETF",NA,"No",69.9056,69.87,70.1,69.98,69.675,70.07,69.66,69.93,69.958,69.984,70.02,-0.16,"-0.43","-","Mixed trend","Mixed trend","Hold","-","Neutral",69.9056,70.0613,3.62068965517244,"","Excellent reward to risk ratio zone"," + Breakdown Signal: below lower bollinger band limit + ","Very Strong",69.92,"68.74-69.91"," + Breakdown Signal: below lower bollinger band limit + ",NA,"69.95-70.03","Higher","Neutral","67.91-72.09","67.87-71.48","False",0.4,NA,"high","expanding",FALSE,-0.163381890888302,-0.1205886555222,-0.113452882760581,-0.127723408814912,-0.18476476047689,69.8822256653833,69.7929560943809,FALSE,"",3,69.54,6,0,0.19137126143789,70.005,70.472,NA,NA,21.9566889160642,34.3881534746909,33.3333333333334,0,-13.8888888888869,0,0,0.0694966905687712,69.98879,70.0078791666667,70.0544089680998,69.9206010319001,FALSE,TRUE,71.5160600917949,69.496939908205,0,10,0.0233743346166623,0.322533069072417,FALSE,FALSE,48.7243715438978,34.1062907899471,-0.309694678988294,-2.69669168751737,-2.99334811529933,-2.07050923335199,-0.793650793650797,0.143061516452066,0.0857878181298288,-0.0285632676378121,0.0857878181298233,0.14306151645207,-0.793650793650802,-2.07050923335199,2.90533681951588,FALSE,69.9765,69.987505,"high",FALSE,-0.418011335063881,FALSE,"2026-10-07 17:44:00",71.5160600917949,69.496939908205,69.66,70.07,"","","","","",9,"D","NONE",16,"D","EARLY_REVERSAL",68,"PASS"
"BSP","NA","NA","NA","Large","Moderate","No",40.51,40.5,40.75,40.62,33.07,42.27,32.76,36.63,40.56,40.722,33.07,22.5,"0.1","Very Weak","Mixed trend","Uptrend","Hold","-","Neutral",40.42,41.09,0.124416796267496,"","Low reward High risk zone"," + ","Very Strong",40.23,"29.32-40.23"," + ","Upwards Momentum Signal","37.41-43.61","Neutral","Neutral","15.49-66.65","17.95-33.25","True",7.05,0.44,"medium","quiet",FALSE,-0.588957055214729,-0.613346418056919,-1.55528554070474,2.60891590678825,4.78530781169168,40.2256929184531,39.0702189509954,FALSE,"",6,29.26,8,-1,1.93221563308116,35.532,35.856,NA,NA,36.0712111866105,43.9096465478723,17.9701492537308,13.4328358208949,-2.71365395246007,-5.9701492537312,0,0.10137794632219,40.973706,39.6451866666667,41.156791761468,40.376628238532,FALSE,FALSE,42.6540334342977,29.4264665657023,0,10,0.194739729675017,2.88805461286977,FALSE,TRUE,94.7624595155607,61.3580960560153,22.4688292947567,26.3692307692308,-3.29644454909347,8.79470198675497,18.5623556581986,23.2593037214886,28.2235404308461,24.1911097671606,28.2235404308461,23.2593037214886,18.5623556581986,8.79470198675496,44.9512578720972,FALSE,40.54824,40.76671,"medium",FALSE,3.21933853186248,TRUE,"2026-10-07 18:31:00",42.6540334342977,29.4264665657023,32.76,42.27,"","","","","",13,"D","NONE",70,"A","NONE",95,"PASS"
"BSVN","Financial Services","Banks - Regional","United States","Small","Good","No",55.13,35.4,88.73,62.06,55.12,55.905,54.9,55.26,55.111,55.27,55.68,-0.99,"-","-","Mixed trend","Mixed trend","Hold","-","Neutral",54.94,55.905,1.0110497237569,"","Moderate reward to risk ratio zone"," + Positive News + ","None",54.6,"54.74-55"," + Positive News + ",NA,"54.21-56","Neutral","Neutral","49.14-61.5","40.16-52.07","False",2.53,4.37,"low","normal",FALSE,0.12713403559753,0.21814215597165,-1.57114800928405,-1.57114800928405,NA,54.7633809432749,55.0009716136822,TRUE,"MomentumPullback",9,51.64,3,7,1.63520811552966,55.369,54.77,NA,NA,56.610411424018,44.6073419888846,22.6666666666669,26.0000000000005,3.69767250596261,12.0000000000005,54.5454545454569,0.0533853912602032,55.7025,NA,55.7066317945238,54.8103682054762,FALSE,FALSE,56.1884482791723,53.7065517208277,10,0,0.177229861617322,1.29028258878851,TRUE,FALSE,35.0589444292737,55.8624082977975,-4.79960716688355,9.12509897070467,6.77900445477436,1.45380934854619,0.0544464609800384,1.10031175499725,-0.630857966834885,-0.987787356321834,-0.630857966834886,1.10031175499725,0.0544464609800288,1.4538093485462,4.62121748431309,FALSE,55.08,55.2585,"low",FALSE,-1.1729701189964,FALSE,"2026-10-07 16:00:00",56.1884482791723,53.7065517208277,54.9,55.91,"","News Alert","","","",23,"D","EARLY_REVERSAL",81,"A","TREND_CONFIRMED",75,"PASS"
"BULL","Technology","Software - Application","United States","ETF",NA,"No",5.9,5.9,5.91,5.9,5.825,6.03,5.51,5.86,5.905,5.908,7.28,-18.96,"-20.99","-","Mixed trend","Downtrend","Hold","-","Neutral",5.9,5.92,9.73684210526316,"","Excellent reward to risk ratio zone"," + Breakdown Signal: below lower bollinger band limit + ","Very Strong",5.87,"5.54-5.9"," + Breakdown Signal: below lower bollinger band limit + ","Breakdown Signal: below lower bollinger band limit","5.89-5.92","Higher","Neutral","1.93-9.85","3.3-6.29","True",5.88,NA,"low","quiet",FALSE,0,0,-0.169204737732653,-0.312579200811008,-0.673400673400674,5.89281625098144,5.85410245174743,FALSE,"",3,5.79,4,-1,0.449872258465591,6.808,7.553,NA,NA,33.6511322465468,44.487781424527,30.3333333333314,0,4.5555555555549,-45.4999999999971,0,0.00516168577262527,5.909994,5.9178375,5.92240195984781,5.8958780401522,FALSE,FALSE,9.44754769909013,5.99245230090987,0,0,0.00718374901856104,0.508694071073882,FALSE,FALSE,7.73695399336749,26.7658365680018,-13.0971212256332,-21.7795484727756,-34.1163310961969,-37.4734607218684,-23.0065359477124,-15.4949784791966,-19.7547683923706,-19.0934065934066,-19.7547683923706,-15.4949784791966,-23.0065359477124,-37.4734607218684,57.6574534878759,FALSE,5.90564,5.90914,"high",TRUE,-2.51024735438297,TRUE,"2026-10-07 18:46:00",9.44754769909013,5.99245230090987,5.51,6.03,"","","","","",9,"D","NONE",0,"D","NONE",60,"WATCH"
"CAI","Healthcare","Biotechnology","United States","Mid","Good","No",27.1,26.2,27.09,26.64,27.1,27.56,26.065,27.09,27.102,27.118,27.455,-1.29,"-0.41","Very Weak","Mixed trend","Mixed trend","Hold","-","Neutral",27,27.23,1.48461538461538,"","Moderate reward to risk ratio zone"," + Breakout Signal + ","Very Strong",26.88,"24.81-27.08"," + Breakout Signal + ",NA,"26.76-27.44","Neutral","Neutral","14.6-39.6","15.64-21.67","False",6.29,1.69,"low","expanding",FALSE,-0.239278483342528,-0.0553199336160687,-0.750778245742532,-1.05878057685286,0.0923361034164437,26.956605510047,26.7547432920867,FALSE,"",9,23.07,4,3,0.616318915131904,28.412,28.707,NA,NA,47.1163016074385,44.9581263589608,15.1515151515144,21.2121212121214,-12.3737373737375,6.06060606060704,75.0000000000044,0.0178185296801409,27.18758,27.2037,27.1854614145849,27.0189385854151,FALSE,FALSE,34.3047369101619,24.2537630898381,10,2.69528975008159,0.0435552102861241,1.78655054290296,FALSE,TRUE,24.9184479151995,46.231271631733,-1.24033971972818,59.882005899705,-3.2488397001071,12.77569704536,-14.3759873617693,-11.5246490368919,-4.24028268551236,-1.29302494991804,-4.24028268551236,-11.5246490368919,-14.3759873617693,12.77569704536,41.4408839696098,FALSE,27.096,27.1022,"medium",FALSE,-7.28804821001,FALSE,"2026-10-07 16:25:00",34.3047369101619,24.2537630898381,26.07,27.56,"","","","","",9,"D","NONE",29,"D","NONE",60,"WATCH"
"CCO","Communication Services","Advertising Agencies","United States","ETF",NA,"No",2.43,2.42,2.43,2.42,2.4,2.41,2.39,2.4,2.427,2.421,2.4,1.25,"-0.25","-","Mixed trend","Mixed trend","Hold","-","Neutral",2.39,2.45,0.133333333333337,"","Low reward High risk zone"," + Positive News + ","Very Strong",2.39,"1.97-2.4"," + Positive News + ",NA,"2.41-2.47","Higher","Neutral","2.19-2.61","2.18-2.34","False",2.88,NA,"high","expanding",FALSE,0,0.413223140495877,1.25000000000001,1.25000000000001,1.03950103950105,2.38150504254905,2.3452515846676,TRUE,"MomentumPullback",8,2.26,0,4,2.26795909768957,2.393,2.379,NA,NA,60.3093677323145,56.9290691945421,55.5555555555556,60.0000000000002,-3.7037037037037,20.0000000000004,100,0.00447213595499963,2.4088,2.4046675,2.44587058841157,2.39162941158843,FALSE,FALSE,2.41393063760584,2.33906936239416,7.04317044611975,10,0.00863713247104568,0.024829079303017,FALSE,FALSE,75.2681582656995,57.9093108739161,0,-0.414937759336109,0.840336134453782,0.840336134453782,2.12765957446808,2.12765957446808,0.418410041840995,0,0.418410041841,2.12765957446808,2.12765957446808,0.840336134453779,3.20047265015898,FALSE,2.428,2.41875,"medium",FALSE,0.456120127563085,FALSE,"2026-10-07 17:30:00",2.41393063760584,2.33906936239416,2.39,2.41,"","News Alert","","","",47,"C","NONE",50,"C","NONE",70,"AVOID"
"CCS","Real Estate","Real Estate - Development","United States","Small","Good","No",56.32,45,57.5,51.25,57.56,58.35,55.39,56.15,56.346,56.271,58.89,-4.36,"-","-","Mixed trend","Mixed trend","Hold","-","Neutral",55.94,56.53,8.50537634408603,"","Excellent reward to risk ratio zone"," + Positive News + ","Strong",55.87,"51.78-55.9"," + Positive News + ","Breakdown Signal: below lower bollinger band limit","55.66-56.98","Neutral","Neutral","40.09-72.55","43.59-61.42","False",3.89,4.55,"medium","normal",FALSE,-0.247963159759123,-0.0354987575434915,0.9499910378204,0.733321409407984,1.33141417776179,55.8595862920262,55.5327002640893,TRUE,"RSER",5,54.25,4,2,1.30641223853078,58.389,60.905,NA,NA,29.1169856641906,57.3233129978659,51.14556416882,51.1627906976742,-8.68450330175141,0,56.8965517241378,0.0413219070250709,56.091752,55.9740366666667,56.6259895278143,55.8957604721858,FALSE,FALSE,63.8209556414092,57.3560443585908,9.4779535389848,0,0.0809599576883557,2.11749757007627,FALSE,FALSE,13.6761926187807,30.7008382613645,-6.34446718601885,-13.3271775931056,-19.531361623089,-9.52610441767068,-8.27361563517915,-6.52282157676349,-5.92951394688491,-4.3640686024792,-5.92951394688491,-6.52282157676348,-8.27361563517915,-9.52610441767068,11.2715431392021,FALSE,56.3455,56.260875,"low",TRUE,2.3681324081413,FALSE,"2026-10-07 16:02:00",63.8209556414092,57.3560443585908,55.39,58.35,"","News Alert","","","",43,"C","NONE",0,"D","NONE",95,"PASS"
"CD","NA","NA","NA","Small",NA,"No",10.49,9.91,10.49,10.2,8.09,10.2917,7.8101,9.28,10.177,10.058,8.32,26.08,"-1.52","-","Uptrend","Uptrend","Hold","-","Overbought",9.905,10.49,0.0192527173913044,"","Low reward High risk zone"," + Breakout Signal: above upper bollinger band limit + ","Very Strong",9.79,"5.21-9.81"," + Breakout Signal: above upper bollinger band limit + ","Upwards Momentum Signal","9.46-11.52","Neutral","Higher","9.81-51.72","2.23-3.62","False",16.78,-0.04,"medium","expanding",TRUE,3.4516765285996,4.58624127617149,6.49746192893402,6.55154900964956,12.4932975871314,9.81292698087925,9.32739326342254,FALSE,"",10,2.7,0,8,5.01667719621512,8.201,5.852,NA,NA,90.1290529538517,71.2342569518598,57.5878787878789,100,5.660606060606,29.0909090909091,100,0.241166751439676,9.952796,9.81176166666667,10.3066969547546,9.81434304524542,TRUE,FALSE,9.30307955578762,0.94392044421238,10,10,0.0975109510930501,0.858927072856414,FALSE,FALSE,98.0517814008092,85.1120708773925,4.96652107207427,225.320512820513,206.184012066365,226.366559485531,137.14953271028,69.0258118234804,50.593471810089,21.9951923076923,50.593471810089,69.0258118234804,137.14953271028,226.366559485531,885.578775502657,FALSE,10.08202,10.06052,"high",FALSE,33.5898287989794,FALSE,"2026-10-07 18:18:00",9.30307955578762,0.94392044421238,7.81,10.29,"","","","","",70,"A","TREND_CONFIRMED",77,"A","TREND_CONFIRMED",25,"AVOID"
"CDE","Basic Materials","Gold","United States","Large","Good","No",16.56,16.55,16.63,16.59,16.5,16.66,16.23,16.52,16.596,16.579,17.17,-3.55,"-3.77","Very Weak","Mixed trend","Mixed trend","Hold","-","Neutral",16.5,16.7061,17.2222222222222,"","Excellent reward to risk ratio zone"," + ","Very Strong",16.48,"14.61-16.46"," + ",NA,"16.53-16.81","Higher","Neutral","8.33-24.67","11.76-17.31","False",7.5,1.17,"high","expanding",FALSE,-0.180831826401454,-0.120627261761155,0.576981475857873,0.663185600787787,-0.0338049934804725,16.4638260305471,16.2829101772047,FALSE,"",7,15.41,5,2,1.05897098816021,17.142,18.442,NA,NA,32.4690216529616,49.5144347411549,35.4687166346355,6.40614990390654,-17.8067240847511,6.40614990390654,6.40614990390654,0.0646339075099659,16.501726,16.502765,16.673237284516,16.498522715484,FALSE,FALSE,21.3712885716848,16.2457114283152,0.60439497181043,0,0.0363055111600419,0.90868641428025,FALSE,FALSE,10.9863167715225,33.2783734809884,-3.56337552858039,3.125,-23.5757295044002,-21.4285714285714,-14.5962732919255,-6.25000000000001,-6.56851642129105,-3.9021549213745,-6.56851642129105,-6.25000000000001,-14.5962732919255,-21.4285714285714,31.5503397064908,FALSE,16.61922,16.58588,"medium",FALSE,2.7781435857409,FALSE,"2026-10-07 18:43:00",21.3712885716848,16.2457114283152,16.23,16.66,"","","","Strong fundamentals, below 50/200-day averages","Undervalued",26,"D","NONE",6,"D","NONE",90,"PASS"
"CLH","Industrials","Waste Management","United States","Large","Good","No",315.54,315.16,316.03,315.6,317.3,320.335,315.06,317.21,315.712,316.164,318.06,-0.79,"-","-","Mixed trend","Mixed trend","Hold","-","Neutral",315.4,316.9,1.65096952908586,"","Good reward to risk ratio zone"," + Breakdown Signal: below lower bollinger band limit + ","Strong",315.17,"300.91-316.76"," + Breakdown Signal: below lower bollinger band limit + ",NA,"313.26-315.99","Lower","Neutral","267.18-363.9","269.63-302.2","False",2.01,8.25,"medium","expanding",FALSE,-0.142409569923095,-0.287565176173161,-0.356838349070008,-0.603235104187984,-0.539007092198575,315.110182209472,313.855771615831,TRUE,"MeanReversion",9,300.51,8,3,0.501779398063634,316.762,315.711,NA,NA,21.6788107235571,32.0992569241286,5.6964573268937,10.144927536235,-3.72271971511975,3.20048309178901,21.5384615384671,0.279163930333729,316.624498,317.1097875,317.053984281868,315.471015718132,FALSE,FALSE,324.191520007193,308.204479992807,9.62377305466981,0,0.289946435076734,6.26065233295623,FALSE,FALSE,40.7938406894437,50.1356643296387,-3.59265903313339,3.40149429807314,2.28864107883817,-0.0506810262907723,0.763212517962652,1.7116333043226,-0.932466798530649,-0.792303338992637,-0.932466798530651,1.7116333043226,0.763212517962653,-0.0506810262907775,5.18715367627323,FALSE,315.752,316.2625,"low",FALSE,0.357353782063139,FALSE,"2026-10-07 16:00:00",324.191520007193,308.204479992807,315.06,320.34,"","","","","",9,"D","NONE",41,"C","NONE",88,"PASS"
"CLS","Technology","Electronic Components","Canada","Large","Good","No",372.8901,371.57,373.61,372.59,378.32,380.419,367.15,372.66,372.844,372.441,388.24,-3.95,"-2.45","Very Weak","Mixed trend","Mixed trend","Hold","-","Neutral",371.05,373.61,0.378179955608674,"","Low reward High risk zone"," + Breakout Signal + ","Very Strong",370.35,"336.62-371.33"," + Breakout Signal + ",NA,"369.46-376.07","Neutral","Neutral","193.23-549.91","226.69-296.74","False",7.88,9.63,"high","expanding",FALSE,-0.0294638069705045,0.357977177306496,-0.0401833583529923,0.589444436951224,0.209642310069604,370.385157256235,366.95203559206,TRUE,"Breakout",9,293.99,6,5,0.82849091791964,377.216,357.882,NA,NA,51.55143339577,54.3784409793684,67.7096354166661,71.8789062500002,-9.3552844874236,32.4257812500006,61.9477611940322,0.611565100361844,371.77928,371.0578475,373.816534102703,370.744945897297,FALSE,FALSE,400.593515182377,307.379484817623,4.71355521790923,0,0.668139811903712,19.3073749798078,TRUE,FALSE,36.793058869074,57.3310717691114,-7.49184432166476,7.69208474625395,21.0877924786548,11.3818944844125,2.68903382710591,2.80552250781617,-4.0664050397604,-4.29373583350505,-4.0664050397604,2.80552250781616,2.6890338271059,11.3818944844125,30.3253909154218,FALSE,373.04862,372.28074,"medium",FALSE,0.661365855844394,FALSE,"2026-10-07 18:33:00",400.593515182377,307.379484817623,367.15,380.42,"","","","","",35,"D","NONE",81,"A","TREND_CONFIRMED",95,"PASS"
"CLVT","Technology","Information Technology Services","United Kingdom","Small",NA,"No",1.46,1.44,1.49,1.46,1.47,1.49,1.42,1.46,1.46,1.462,1.47,-0.68,"0.04","Very Weak","Mixed trend","Mixed trend","Hold","-","Oversold",1.44,1.4895,10.2,"","Excellent reward to risk ratio zone"," + Positive News + ","Very Strong",1.44,"0.95-1.46"," + Positive News + ","Upwards Momentum Signal","1.45-1.47","Higher","Neutral","0.54-2.4","0.9-2.18","False",6.76,-0.52,"high","expanding",TRUE,1.38888888888889,-0.341296928327653,-0.341296928327653,-0.680272108843538,-0.680272108843538,1.43023100573661,1.3825475097212,FALSE,"",7,1.39,4,4,2.35258705107722,1.511,1.712,NA,NA,50.0330252295032,48.994322209039,47.1380471380471,40.4040404040404,3.01426968093637,20.2020202020202,25.3164556962025,0.0109544511501036,1.4627,1.46816666666667,1.47975619082322,1.44574380917678,FALSE,FALSE,2.10448197812014,1.40651802187986,3.46143236145153,10,0.00990467473927071,0.0991612459339151,TRUE,FALSE,15.676406195724,24.9084055990025,0,-36.6379310344828,-31.9444444444444,-23.0366492146597,-19.672131147541,-11.9760479041916,-0.675675675675676,0,-0.67567567567568,-11.9760479041916,-19.672131147541,-23.0366492146597,49.6235345287247,FALSE,1.462,1.46275,"high",TRUE,9.88947700949942,FALSE,"2026-10-07 17:16:00",2.10448197812014,1.40651802187986,1.42,1.49,"","News Alert","","","",24,"D","EARLY_REVERSAL",2,"D","NONE",95,"PASS"
"COP","Energy","Oil & Gas E&P","United States","Large","Good","Yes",128.69,128.69,131.9,130.3,131.29,132.115,128.68,129.61,129.458,129.796,129.35,-0.51,"1.2","-","Mixed trend","Mixed trend","Hold","Oversold","Neutral",128.69,130.08,1.84639498432602,"","Good reward to risk ratio zone"," + Breakdown Signal: below lower bollinger band limit + ","Very Strong",129,"120.95-129.03"," + Breakdown Signal: below lower bollinger band limit + ",NA,"127.02-130.36","Neutral","Neutral","104.47-155.21","106.13-120.44","False",3.24,7.55,"high","expanding",FALSE,-0.984842655997539,-1.0267256296866,-0.900970275681515,-0.908600908600914,-0.296422323560536,128.535265615544,128.208885259863,FALSE,"",3,119.91,8,0,0.887957508598807,128.572,129.133,NA,NA,0.328992318334372,13.2868678121906,7.52688172042934,0,-10.2150537634396,0,0,0.508374861691526,129.969112,129.712609166667,130.432746836594,129.284753163406,FALSE,FALSE,139.611919108598,120.928080891402,0,10,0.154734384456411,3.17637101959333,FALSE,FALSE,84.6058824790025,51.7428652629842,1.07435748484136,16.8361378565644,-1.51699029126214,-4.9000219731927,1.36622687173081,3.74750299640431,2.43786982248521,0.378817162736768,2.43786982248522,3.74750299640432,1.36622687173082,-4.9000219731927,15.4503718900288,FALSE,129.597,129.85875,"medium",FALSE,-0.843087368035238,FALSE,"2026-10-07 16:42:00",139.611919108598,120.928080891402,128.68,132.12,"","","","","",9,"D","NONE",50,"C","NONE",73,"PASS"
"COST","Consumer Defensive","Discount Stores","United States","Large","Good","Yes",939.01,939.01,942,940.5,940.84,948.77,937.6,944.49,939.846,940.677,935.68,0.36,"0.91","Very Weak","Mixed trend","Uptrend","Hold","-","Neutral",939.01,942.5,0.110228233305156,"","Low reward High risk zone"," + Breakdown Signal: below lower bollinger band limit + ","Very Strong",938.57,"901.3-944.64"," + Breakdown Signal: below lower bollinger band limit + ",NA,"932.13-945.89","Neutral","Neutral","827.24-1057.26","798.44-933.23","False",2.13,20.76,"high","expanding",FALSE,-0.00532447340957495,-0.211477151965995,-0.36289167365215,-0.342271301745321,-0.79762508451656,938.255735255922,934.86844892378,FALSE,"",3,866.41,7,-1,0.469586407130929,930.421,920.135,NA,NA,26.0127006487463,38.7709341544616,28.5239119340971,0,3.43561922351015,-29.4670846394996,0,0.700035713374602,941.418228,943.159893333333,943.229968820109,938.821391179891,FALSE,FALSE,940.229453074098,882.482046925902,0,10,0.754264744078503,15.3172060137151,FALSE,FALSE,90.2804515483162,60.9176607210896,2.64464720993821,2.38620434862924,-1.8499807293674,4.39286505650343,4.15054714269923,3.50528374014104,2.34616846793027,0.702163132694944,2.34616846793028,3.50528374014105,4.15054714269922,4.39286505650343,6.54374854982682,FALSE,940,941.02568,"medium",FALSE,1.70661824281509,FALSE,"2026-10-07 18:15:00",940.229453074098,882.482046925902,937.6,948.77,"","","","","",9,"D","NONE",59,"B","NONE",78,"PASS"
"CPA","Industrials","Airlines","Panama","Mid","Good","No",136.27,129,144.8,136.9,135.47,137.44,135.21,136.65,136.449,136.738,138.31,-1.47,"-","-","Downtrend","Mixed trend","Hold","Oversold","Neutral",136.27,137.28,0.445614035087718,"","Low reward High risk zone"," + Breakdown Signal: below lower bollinger band limit + ","Strong",136.18,"130.49-136.59"," + Breakdown Signal: below lower bollinger band limit + ",NA,"135.13-137.41","Neutral","Neutral","106.02-166.52","103.68-127.03","False",4.12,15.21,"medium","normal",FALSE,-0.423821702594069,-0.434734957805136,-0.412906054737456,-0.401988013448314,-0.106293296191754,136.154445099822,135.741746872909,TRUE,"MeanReversion",5,120.33,9,2,0.696778238712991,135.43,132.869,NA,NA,3.80206298500744,26.095067989696,4.24242424242547,0,-3.56418774407477,0,0,0.209117192022802,136.97155,136.854375833333,137.27080234902,136.32094765098,FALSE,TRUE,138.697893782712,125.075106217288,0,3.28569545277617,0.115554900177616,3.86439591162235,FALSE,FALSE,60.0213205795876,56.5018200661042,-4.13883812619471,-6.25988856022563,3.46215169690988,4.89569702101456,4.87955052720696,3.35229427379599,2.86080917874398,-1.47494758151977,2.86080917874398,3.352294273796,4.87955052720697,4.89569702101456,10.8916857857846,FALSE,136.486,136.795875,"low",FALSE,2.07561164254264,FALSE,"2026-10-07 16:00:00",138.697893782712,125.075106217288,135.21,137.44,"","","","","Undervalued",9,"D","NONE",46,"C","NONE",88,"PASS"
"CPAY","Technology","Software - Infrastructure","United States","Large","Good","Yes",402.43,394.68,409.92,402.3,405.07,407.52,399.645,402.39,402.269,401.944,406.79,-1.07,"-","-","Mixed trend","Mixed trend","Hold","-","Neutral",400.565,402.65,0.845598765432098,"","Moderate reward to risk ratio zone"," + ","Very Strong",400.48,"384.1-401.73"," + ",NA,"399.47-405.39","Neutral","Neutral","341.67-463.19","285.15-378.32","False",3.13,16.45,"high","expanding",FALSE,0.0870473537604513,0.410444502663518,0.174246384387521,-0.134005012780113,-0.126569712612297,400.235686932978,398.984670086146,FALSE,"",4,374.75,0,7,0.668306089480033,400.51,399.801,NA,NA,76.1996019401786,58.3001086328161,86.091127098323,89.4484412470037,0.946528840497952,0,56.4102564102572,0.119770614100494,401.9397,402.614166666667,403.21741854834,400.54058145166,FALSE,FALSE,413.32307450667,386.46192549333,10,3.13232839884687,0.330846323472357,8.24152874451608,FALSE,FALSE,60.3531589162347,52.4112606972281,-4.32613698209815,12.9913522012579,-2.41045662875573,-0.901278041813383,1.83976110942403,3.55892949047864,1.9842878864673,-1.07180609159518,1.9842878864673,3.55892949047865,1.83976110942403,-0.90127804181338,6.95052920906792,FALSE,402.367,401.879,"low",FALSE,-1.02438131066458,FALSE,"2026-10-07 16:08:00",413.32307450667,386.46192549333,399.64,407.52,"","","","","",50,"C","NONE",40,"C","NONE",75,"PASS"
"CPHI","Healthcare","Drug Manufacturers - Specialty & Generic","China","Nano",NA,"No",1.01,1.01,1.02,1.02,0.68,1.28,0.643,0.83,1.004,0.999,0.641,57.57,"4.42","Very Weak","Mixed trend","Uptrend","MomentumPullback","-","Neutral",0.97,1.06,1.79166666666667,"","Good reward to risk ratio zone"," + ","Very Strong",0.93,"0.04-0.95"," + ",NA,"0.85-1.17","Neutral","Neutral","-1.44-2.88","0.51-0.73","True",10.37,-0.42,"medium","quiet",TRUE,2.35103364410215,2.09238855756596,3.74935798664612,-8.18181818181819,14.7727272727273,0.951328009213992,0.849440245112417,TRUE,"RSER",7,0.47,3,7,10.9702854231838,0.721,0.737,NA,NA,61.2671736640543,53.6690038943702,40.7407407407408,44.4444444444444,5.53086419753087,-11.1111111111111,69.6048632218845,0.0132216489138365,0.994058,0.990221666666667,1.05726445293486,0.95274554706514,FALSE,FALSE,0.819463698027598,0.602466301972402,6.86378242314173,10,0.0194419697874932,0.134802793592442,FALSE,TRUE,91.8603053399053,55.7321003670616,16.8722153316584,38.25634352635,-2.74599542334096,9.11424903722721,18.0719544381164,29.3759512937595,29.3759512937595,32.5846201840586,29.3759512937595,29.3759512937595,18.0719544381164,9.11424903722722,36.0181798292737,TRUE,1.00168,1.005005,"medium",FALSE,0.229923701009199,TRUE,"2026-10-07 18:40:00",0.819463698027598,0.602466301972402,0.64,1.28,"","","","","",41,"C","NONE",70,"A","NONE",95,"PASS"
"CR","Industrials","Specialty Industrial Machinery","United States","Large","Good","No",203.55,80.72,322.88,201.8,205.07,206.085,200.45,203.14,203.483,203.322,208.92,-2.57,"-","-","Uptrend","Mixed trend","Hold","-","Neutral",203.05,203.75,1.09065628476084,"","Moderate reward to risk ratio zone"," + Breakout Signal: above upper bollinger band limit + ","Strong",202.67,"195.28-203.16"," + Breakout Signal: above upper bollinger band limit + ",NA,"202.16-204.94","Neutral","Neutral","161.78-245.32","162.56-189.34","False",2.79,5.73,"low","normal",FALSE,0.157457068346219,0.127896109006847,0.0737463126843686,-0.147167034584245,0.873443597844275,202.89612997699,202.106198208634,TRUE,"RSER",8,189.28,3,8,0.332756490510155,206.521,205.203,NA,NA,59.7456829819082,58.6858020961766,89.7058823529423,70.5882352941196,16.9389978213513,-27.9411764705876,67.741935483873,0.226218920521397,203.316302,203.5149175,203.596617036222,202.921382963778,FALSE,FALSE,212.039893584003,193.917106415997,0,0,0.15424891989037,5.45938887242199,FALSE,FALSE,23.4015532036096,46.8230418106121,-9.66144763828829,-5.85106382978722,-1.12212183037016,1.00734418420008,-0.381735427984144,-0.230369571610626,-2.23342939481267,-2.57036186099941,-2.23342939481267,-0.230369571610622,-0.381735427984142,1.00734418420008,9.34563613440467,FALSE,203.445,203.259,"medium",FALSE,0.983234256256533,FALSE,"2026-10-07 16:00:00",212.039893584003,193.917106415997,200.45,206.08,"","","","","",50,"C","NONE",17,"D","NONE",95,"PASS"
"CRM","Technology","Software - Application","United States","Large","Good","Yes",225,224.3,226,225.15,225.24,226.5,221.53,224.61,224.857,224.616,224.99,0,"0.12","Weak","Mixed trend","Mixed trend","Hold","-","Neutral",223.9193,225.3097,11.0384615384616,"","Excellent reward to risk ratio zone"," + ","Very Strong",223.7,"212.97-224.58"," + ",NA,"223.69-226.29","Neutral","Neutral","138.9-310.22","165.62-212.8","False",4.11,10.93,"high","expanding",FALSE,0.195938724617028,0.191477045019373,0.0907489457107812,-0.323395206662823,-0.35870864886409,223.700725769663,222.707014132825,FALSE,"",8,211.6,1,6,0.664238013931022,228.011,232.883,NA,NA,61.2627115954428,57.3927922814745,61.4436668079957,72.0915562764719,-12.4897839032135,-1.97120618821501,100,0.336606176410917,224.7142,225.372414166667,225.168342289423,223.682557710577,FALSE,FALSE,256.951735582835,217.776264417165,6.32498076594969,0,0.219629133467966,8.50399326739285,FALSE,FALSE,22.2485146813409,43.9440200706723,-0.306179002406722,34.2500149458958,9.36541177616519,-7.86526073934271,-5.48025928108427,-2.18234089820098,-4.31633218287954,-0.191119605315795,-4.31633218287955,-2.18234089820099,-5.48025928108427,-7.86526073934271,17.988861766233,FALSE,224.86794,224.42545,"medium",FALSE,0.271383918462156,FALSE,"2026-10-07 18:33:00",256.951735582835,217.776264417165,221.53,226.5,"","","","","",50,"C","NONE",20,"D","NONE",65,"AVOID"
"CSCO","Technology","Communication Equipment","United States","Large","Good","Yes",117.2,117.2,117.39,117.3,117.07,118.39,116.58,117.6,117.305,117.343,117.94,-0.63,"-0.77","Moderate","Mixed trend","Mixed trend","Hold","-","Neutral",117.1858,117.579,0.0760542168674703,"","Low reward High risk zone"," + Breakdown Signal: below lower bollinger band limit + ","Very Strong",117.07,"112.89-117.75"," + Breakdown Signal: below lower bollinger band limit + ",NA,"116.61-117.44","Neutral","Neutral","92.05-142.73","72.96-106.03","False",2.87,3.33,"medium","expanding",FALSE,-0.0899361070026488,-0.000255972041023571,-0.327422715482409,-0.526226447122721,-0.696143756736058,117.099911821674,116.672049379603,FALSE,"",4,101.69,8,-1,0.336023220885116,114.34,110.625,NA,NA,15.0081792583241,41.4759498267879,57.8947368421056,0,-5.21237349878233,-89.4736842105283,0,0.0778935298959178,117.499366,117.721865833333,117.511056021346,117.117513978654,FALSE,FALSE,116.533400661656,102.357599338344,0,1.58922606813424,0.0858985858336212,2.71492504276583,FALSE,FALSE,89.194759346373,66.7829418856432,-1.71623949530226,0.643004115226337,6.06252258764004,7.68736813136409,10.7243916242218,9.49538289338682,4.62566844919786,-0.466338816347293,4.62566844919785,9.49538289338683,10.7243916242219,7.68736813136408,13.8492905411488,FALSE,117.33798,117.314285,"medium",FALSE,5.88050499309205,FALSE,"2026-10-07 18:33:00",116.533400661656,102.357599338344,116.58,118.39,"","","","","",9,"D","NONE",79,"A","TREND_CONFIRMED",85,"PASS"
"CVCO","Consumer Cyclical","Residential Construction","United States","Mid","Good","No",541.14,540.6,590,565.3,553.79,564.24,532.34,539.62,540.703,540.407,572.8,-5.53,"-0.25","Very Weak","Uptrend","Mixed trend","Hold","-","Neutral",539.16,541.14,2.2835880933226,"","Good reward to risk ratio zone"," + Breakout Signal: above upper bollinger band limit + ","Strong",537.54,"512.68-538.66"," + Breakout Signal: above upper bollinger band limit + ",NA,"533.36-548.92","Neutral","Neutral","417.86-663.22","405.09-522.55","False",3.61,22.99,"low","quiet",FALSE,0.0887803795361259,0.0425209369396051,0.315141628355319,0.446416141516696,0.626661955854734,538.660202389516,536.178600739622,TRUE,"MomentumPullback",9,499.16,0,8,0.338699213153659,561.768,558.544,NA,NA,86.7314059336994,58.8453330247301,71.8468468468472,100,1.51575870361783,43.9189189189168,100,0.285271800196145,540.020358,537.820253333333,541.32238285838,539.495117141619,FALSE,FALSE,585.471104560615,514.434895439385,10,0,0.501633056860815,19.3276185206925,FALSE,FALSE,15.4560181942708,42.5107962154937,-13.8195589050672,-3.78940248829719,-8.03389138423847,0.326663944467128,-0.239923224568151,-3.51979438118017,-7.62052877138414,-5.63198324022346,-7.62052877138414,-3.51979438118017,-0.23992322456815,0.32666394446712,13.8085906984513,FALSE,540.634,540.40875,"medium",FALSE,1.06156494940312,FALSE,"2026-10-07 17:24:00",585.471104560615,514.434895439385,532.34,564.24,"","","","","",79,"A","TREND_CONFIRMED",8,"D","NONE",65,"AVOID"
"CVX","Energy","Oil & Gas Integrated","United States","Large","Good","Yes",204.9399,204.95,205.5,205.22,208.44,210.14,204.86,205.9,205.241,205.48,207.58,-1.27,"0.49","Very Weak","Mixed trend","Mixed trend","Hold","-","Neutral",204.9399,205.95,2.89016018306636,"","Good reward to risk ratio zone"," + Breakdown Signal: below lower bollinger band limit + ","Very Strong",204.85,"192.48-205.24"," + Breakdown Signal: below lower bollinger band limit + ",NA,"204.16-205.53","Neutral","Neutral","174.41-235.89","150.92-196.64","False",2.28,10.39,"high","expanding",FALSE,-0.112150899254274,-0.369518716577537,-0.427606646584394,-0.51461165048544,-0.238572749841801,204.690720760631,203.51825305942,FALSE,"",2,195.87,7,-1,0.562852173794006,206.142,206.419,NA,NA,32.238134079443,38.9539866151645,16.4609053497956,0,-6.19142439930953,-48.1481481481498,0,0.400125232895138,205.754722,205.622446666667,206.110101054823,204.956498945177,FALSE,TRUE,216.124705981603,199.777294018397,0,0,0.249179239369369,4.22962040065818,FALSE,FALSE,33.3600769643488,48.6930733426286,-4.8714027402668,13.852045063544,2.63144729601282,-4.05032505495533,-0.175173957471649,0.460310464717691,-0.745077168706755,-1.1706330089604,-0.745077168706754,0.460310464717684,-0.175173957471653,-4.05032505495533,8.18281779394852,FALSE,205.34398,205.5333,"medium",FALSE,-0.21300662728899,FALSE,"2026-10-07 16:38:00",216.124705981603,199.777294018397,204.86,210.14,"","","","","",9,"D","NONE",30,"D","NONE",73,"PASS"
"DAL","Industrials","Airlines","United States","Large","Good","Yes",83.3413,83,83.34,83.17,82.19,83.4591,81.8002,82.88,83.304,83.225,83.66,-0.38,"-1.53","Very Weak","Mixed trend","Mixed trend","Hold","-","Neutral",82.77,83.44,0.526315789473685,"","Low reward High risk zone"," + Breakout Signal + ","Very Strong",82.77,"76.33-82.83"," + Breakout Signal + ",NA,"82.78-83.84","Neutral","Neutral","65.69-100.25","59.63-74.69","False",3.53,6.03,"high","expanding",FALSE,0.0495798319327812,0.254180199687247,0.193916806924738,0.617288422069305,0.242121722395963,82.6411509257138,82.1273678821318,TRUE,"MomentumPullback",7,74.9,1,7,0.674767181939813,83.424,82.731,NA,NA,56.9710909682352,55.2085224884838,84.2187500000009,89.2656250000012,1.04140754560551,22.0781250000001,76.0904684975785,0.101089539518084,83.157612,83.0940883333333,83.4833011553573,82.9237588446427,FALSE,FALSE,86.6711544866103,77.3208455133897,5.07809563231281,0,0.129738424003948,2.37006285676842,TRUE,FALSE,34.3899494681457,50.9795364420487,-2.39831531757522,-2.97041281721437,-0.777325998564943,5.35873015873016,1.49235474006116,-0.587107596453385,-1.33190629087883,-0.8247669136983,-1.33190629087883,-0.587107596453385,1.49235474006115,5.35873015873016,12.0928695374929,FALSE,83.3074,83.20353,"low",FALSE,-0.686445575623326,FALSE,"2026-10-07 18:35:00",86.6711544866103,77.3208455133897,81.8,83.46,"","","","","Undervalued",79,"A","TREND_CONFIRMED",29,"D","NONE",70,"PASS"
"DAR","Consumer Defensive","Packaged Foods","United States","Mid","Good","No",60.02,60,61.67,60.84,61.92,61.92,60.01,60.47,60.098,60.216,61.17,-1.88,"-","-","Downtrend","Mixed trend","Hold","Oversold","Neutral",60.01,60.48,12.6818181818181,"","Excellent reward to risk ratio zone"," + Breakdown Signal: below lower bollinger band limit + ","Very Strong",59.98,"57.17-60.3"," + Breakdown Signal: below lower bollinger band limit + ",NA,"59.57-60.47","Neutral","Higher","56.59-68.28","45.2-57.04","False",3.02,3.62,"high","expanding",FALSE,-0.381742738589206,-0.340390203403899,-0.398274145370055,-0.464344941956872,-0.612684219241592,59.953110884301,59.7397516051852,FALSE,"",5,57.39,9,2,0.787346924312547,61.201,62.508,NA,NA,4.62846181213045,27.6889765810505,3.12141142081753,3.22580645161453,-6.18788229315282,0,4.76190476190718,0.110476241789812,60.3063,60.3292333333333,60.4895209194281,60.0169790805719,FALSE,FALSE,67.5254013052959,58.4465986947041,3.93749956902457,0,0.0568985956383039,2.34429546276017,FALSE,FALSE,20.9019615896862,39.1835514221467,-3.54926752985158,-2.92738153000161,-4.09076382230744,-11.0946526440527,-2.1838331160365,-1.13655081535167,-4.6393390530664,-1.88000653915318,-4.6393390530664,-1.13655081535167,-2.1838331160365,-11.0946526440527,15.5335003462133,FALSE,60.121,60.25325,"medium",FALSE,-1.0391099083734,FALSE,"2026-10-07 16:00:00",67.5254013052959,58.4465986947041,60.01,61.92,"","","","","",9,"D","NONE",5,"D","NONE",58,"WATCH"
"DD","Basic Materials","Specialty Chemicals","United States","Large","Moderate","Yes",130.95,130.45,131.74,131.1,131.54,132.56,130.44,130.94,131.025,130.991,133.28,-1.75,"-","-","Mixed trend","Mixed trend","Hold","-","Neutral",130.84,131.17,0.352657004830916,"","Low reward High risk zone"," + Positive News + ","Very Strong",130.72,"127.06-130.8"," + Positive News + ",NA,"130.41-131.49","Neutral","Neutral","110.68-151.48","109.33-134.59","False",2.79,3.79,"medium","expanding",FALSE,-0.0839310239585027,-0.0381679389313064,0.168285779851602,0.0458400183360091,-0.110606811854007,130.767634154203,130.410811740384,FALSE,"",5,120.72,5,1,0.235737276816158,131.181,130.948,NA,NA,23.0335808886873,48.1510686140238,54.5454545454564,33.3333333333305,-5.72390572390654,-39.3939393939485,0,0.0585662018450267,130.8916,130.944800833333,131.147217890982,130.838782109018,FALSE,FALSE,133.648844937516,125.481155062484,0,0,0.0724266853190779,2.60900147650808,FALSE,FALSE,48.4556157958197,48.8753497860461,-6.67841952564181,-1.87153765533763,-3.21913762551682,2.47029393370858,0.152811735941333,0.916159827546406,0.846284043699048,-1.65066026410563,0.846284043699042,0.916159827546403,0.152811735941327,2.47029393370857,6.50909682092458,FALSE,131.046,130.993,"low",FALSE,0.332417207784556,FALSE,"2026-10-07 16:06:00",133.648844937516,125.481155062484,130.44,132.56,"","News Alert","","Strong fundamentals, below 50/200-day averages","",26,"D","NONE",29,"D","EARLY_REVERSAL",90,"PASS"
"DIA","NA","NA","NA","ETF",NA,"No",510.94,510.89,510.98,510.94,510.47,511.86,508.46,510.88,510.95,510.95,514.56,-0.7,"-0.86","-","Mixed trend","Mixed trend","Hold","-","Neutral",510.694,511.18,2.39398734177215,"","Good reward to risk ratio zone"," + Breakdown Signal: below lower bollinger band limit + ","Very Strong",510.58,"505.23-510.99"," + Breakdown Signal: below lower bollinger band limit + ",NA,"509.85-512.03","Neutral","Neutral","469.47-552.57","462.74-499.77","False",1.22,NA,"low","normal",FALSE,0.0481697454835931,-0.0117416829745601,-0.00391420072020937,-0.0840878424624062,-0.0860416911103285,510.584759851781,510.12633478446,FALSE,"",4,500.24,5,-1,0.0686984164623353,512.025,515.934,NA,NA,46.9584697069751,48.5801254607993,60.9053497942345,50.6172839506144,11.7992684042068,-18.5185185185138,0,0.0983783614672166,511.01937,511.244928333333,511.115638648013,510.764751351987,FALSE,FALSE,524.417861335301,506.544138664698,0,2.72323875457902,0.109292768920655,4.99460607110635,FALSE,FALSE,40.1251998910466,40.9414445551361,-4.04606355540565,-2.27194492254733,-4.30516282466621,-2.26446850017214,-0.637760062220489,0.485694621964403,-0.015652514185099,-0.687966417910441,-0.0156525141850938,0.485694621964394,-0.637760062220494,-2.26446850017213,3.52856173950012,FALSE,510.94598,510.940195,"low",FALSE,-1.32633198167431,FALSE,"2026-10-07 18:35:00",524.417861335301,506.544138664698,508.46,511.86,"","","","","",24,"D","EARLY_REVERSAL",14,"D","EARLY_REVERSAL",60,"WATCH"
"DKI","Communication Services","Electronic Gaming & Multimedia","Hong Kong","Nano",NA,"No",2.05,2.02,2.03,2.02,1.27,3.64,1.27,2,2.057,2.147,1.36,50.74,"6.81","Very Weak","Mixed trend","Mixed trend","Hold","-","Neutral",2,2.58,3.45614035087719,"","Excellent reward to risk ratio zone"," + ","Very Strong",1.93,"1.55-1.91"," + ","Upwards Momentum Signal","1.34-2.76","Neutral","Neutral","-2.46-2.55","0.79-4.53","True",10.68,-11.33,"high","expanding",FALSE,-2.8436018957346,-10.8695652173913,-0.14612761811983,22.7544910179641,28.125,1.91436816863916,1.54509232266142,FALSE,"",6,1.17,5,4,30.9638830826334,1.603,2.223,NA,NA,43.1194373223899,42.3979864033614,14.7703818369453,16.4473684210526,2.67424439466273,3.28947368421046,70.1046337817638,0.0192823235114654,2.10427,1.8200925,2.49698722364821,1.90662277635179,FALSE,FALSE,3.4015147019119,1.1539852980881,10,10,0.0877726271448654,0.463238074632012,FALSE,TRUE,57.2274532431889,34.5958524453168,8.47345015127756,-65.9183673469388,-56.6233766233766,-40.3571428571429,-35.2713178294574,6.36942675159235,21.0144927536232,22.7941176470588,21.0144927536232,6.36942675159236,-35.2713178294574,-40.3571428571429,194.762394941033,FALSE,2.04204,2.201805,"high",TRUE,21.3938909813548,TRUE,"2026-10-07 18:29:00",3.4015147019119,1.1539852980881,1.27,3.64,"","","","","",15,"D","NONE",26,"D","EARLY_REVERSAL",80,"PASS"
"DUK","Utilities","Utilities - Regulated Electric","United States","Large","Good","Yes",115.3105,114.8,116.25,115.53,115.9,116.24,115.25,115.83,115.333,115.408,115.66,-0.3,"0.27","Very Weak","Mixed trend","Mixed trend","Hold","-","Neutral",114.45,116.25,1.85806451612904,"","Good reward to risk ratio zone"," + Breakdown Signal: below lower bollinger band limit + Positive News + ","Very Strong",114.92,"104.96-115.81"," + Breakdown Signal: below lower bollinger band limit + Positive News + ",NA,"114.67-115.95","Neutral","Neutral","102.98-128.02","103.81-118.31","False",1.67,6.64,"medium","expanding",FALSE,-0.0429091539528387,-0.0862143661727683,-0.207269580268276,-0.448502115168776,-0.49145667932343,114.260123825746,113.70605479549,FALSE,"",7,111.15,5,1,0.287277002058586,114.86,115.973,NA,NA,44.8360366486828,42.2747059358583,47.0333333333332,47.8055555555557,-3.02592592592551,6.1777777777784,61.538461538467,0.126393366123598,115.540428,115.742865,115.564259270943,115.233220729057,FALSE,FALSE,120.313413729964,111.457586270036,6.30051860631649,10,0.191303771002833,1.5372364154558,FALSE,FALSE,75.826144943056,42.8946691870695,-0.715778666250046,-7.7991538277321,-5.00863557858377,-4.09366436934319,1.16492949110975,1.3069029032541,1.2003855252782,-0.13833650354487,1.20038552527819,1.3069029032541,1.16492949110976,-4.0936643693432,7.94546854663856,FALSE,115.37596,115.39874,"high",FALSE,-1.74566594642107,FALSE,"2026-10-07 18:14:00",120.313413729964,111.457586270036,115.25,116.24,"","News Alert","","Strong fundamentals, below 50/200-day averages","",9,"D","NONE",12,"D","EARLY_REVERSAL",70,"PASS"
"DUKB","NA","NA","NA","ETF",NA,"No",22,17.61,22,19.8,19.99,20.38,19.81,19.93,20.635,20.093,20.03,9.84,"-","-","Uptrend","Mixed trend","Hold","Overbought","Neutral",19.83,22,3.83333333333335,"","Excellent reward to risk ratio zone"," + Positive News + ","Moderate",19.7,"11.76-19.96"," + Positive News + ",NA,"19.06-22.58","Lower","Neutral","17.58-20.37","17.62-22.77","False",0.71,NA,"high","expanding",TRUE,10.7754279959718,10.9105758275441,11.0550227158001,9.75305562484409,9.45273631840795,19.6688223606713,18.7931618082124,FALSE,"",8,19.7,1,9,9.99882008151012,20.107,20.505,NA,NA,99.9177034472889,95.1513938332545,86.2745098039217,100,12.5406107862249,0,100,0.923785689432353,19.921274,20.0396708333333,20.9426358836867,19.0389641163133,TRUE,FALSE,21.2394432989965,19.7255567010035,10,10,0.178815333597129,0.367550389633892,FALSE,TRUE,42.294208227093,27.978112820678,2.47326768333429,-11.0323438192291,-8.97552130553037,-5.77193805725012,-1.56862745098039,0.550826239359036,-0.790513833992096,0.2496255616575,-0.79051383399209,0.550826239359026,-1.5686274509804,-5.77193805725011,7.67474713611493,FALSE,20.354,19.9908,"high",FALSE,-1.9297297367475,FALSE,"2026-10-07 18:14:00",21.2394432989965,19.7255567010035,19.81,20.38,"","News Alert","","","",63,"B","TREND_CONFIRMED",17,"D","EARLY_REVERSAL",20,"AVOID"
"DUKU","NA","NA","NA","ETF",NA,"No",48.67,28.84,49.85,39.34,48.59,48.67,48.33,48.53,48.49,48.452,48.78,-0.23,"-","-","Uptrend","Mixed trend","Hold","-","Neutral",48.33,48.67,1.31666666666666,"","Moderate reward to risk ratio zone"," + Breakout Signal: above upper bollinger band limit + Positive News + ","None",48.16,"42.25-48.47"," + Breakout Signal: above upper bollinger band limit + Positive News + ",NA,"48.13-49.04","Lower","Lower","44.41-49.54","46.77-47.6","False",1.84,NA,"high","expanding",TRUE,0.703496792882275,0.703496792882275,0.433347090383824,0.082253752827471,0.185261424454515,48.2083410646075,47.5492471735151,FALSE,"",9,46.79,0,8,0.695622503843035,48.476,48.779,NA,NA,82.6863809586484,61.2440059319081,59.0909090909095,100,11.967501097936,81.8181818181821,100,0.12136721138759,48.5043,48.5292083333333,48.6073940768838,48.2716059231162,TRUE,FALSE,50.3757752111086,47.2187247888914,10,8.79614669250616,0.122514802101257,0.718194640709274,TRUE,FALSE,66.9090588746067,47.4546163709193,-0.812646348981382,-3.29823167097158,-3.29823167097158,-2.34751203852328,1.36415703426013,1.18503118503119,1.05897009966778,-0.225502255022549,1.05897009966778,1.18503118503119,1.36415703426014,-2.34751203852328,6.68601372936663,FALSE,48.464,48.4395,"medium",FALSE,-0.681904415739642,FALSE,"2026-10-07 16:00:00",50.3757752111086,47.2187247888914,48.33,48.67,"","News Alert","","","",79,"A","TREND_CONFIRMED",27,"D","EARLY_REVERSAL",60,"AVOID"
"DUO","Real Estate","Real Estate Services","China","Nano",NA,"No",0.5901,0.59,0.63,0.61,0.63,0.639,0.5872,0.61,0.595,0.6,0.6,-1.65,"5.28","Very Weak","Mixed trend","Mixed trend","Hold","-","Neutral",0.588,0.6198,0.617297297297297,"","Low reward High risk zone"," + ","Moderate",0.55,"0.5-0.58"," + ",NA,"0.31-0.87","Neutral","Neutral","0.46-0.75","0.14-1.26","False",9.5,-0.17,"medium","normal",FALSE,-0.0169434090138917,-4.79186834462731,-6.79197599115464,-0.0169434090138917,NA,0.575681017330459,0.499192298551046,FALSE,"",4,0.39,7,-1,6.01488937662143,0.609,0.599,NA,NA,40.3138681605858,45.9447099397972,20.020964360587,6.60377358490562,2.95743857064611,-46.8553459119497,12.3529411764705,0.00745741241986676,0.61055,NA,0.618454397816305,0.583365602183695,FALSE,FALSE,0.687063404854339,0.459466595145661,4.3146975686447,0.4827337186007,0.0123629790362184,0.0688496450640995,FALSE,TRUE,45.7837142530634,50.4473634338829,0.503760173159115,-1.6260162601626,-9.70149253731344,15.2600495332444,2.64675941635561,-2.65486725663718,-6.63580246913581,0.816530578236963,-6.63580246913581,-2.65486725663718,2.64675941635562,15.2600495332444,49.5350069217817,FALSE,0.59466,0.60091,"medium",FALSE,-0.159378062542665,FALSE,"2026-10-07 18:00:00",0.687063404854339,0.459466595145661,0.59,0.64,"","","","","",12,"D","NONE",33,"D","NONE",80,"PASS"
"DVN","Energy","Oil & Gas E&P","United States","Large","Good","Yes",47.88,47.5,48,47.75,48.4,48.9339,47.4,47.86,47.855,47.873,48.02,-0.29,"0.93","Very Weak","Mixed trend","Mixed trend","Hold","-","Neutral",47.8,47.945,1.585,"","Good reward to risk ratio zone"," + Breakout Signal + ","Very Strong",47.75,"45.81-47.76"," + Breakout Signal + ",NA,"47.55-48.21","Neutral","Neutral","37.5-58.26","35.68-44.19","False",3.61,4.59,"medium","expanding",FALSE,-0.0104416831993222,0.0624868077600777,-0.0104416831993222,0.0417885499373237,0.598802395209589,47.7602238909879,47.5653288111358,TRUE,"MomentumPullback",8,43.91,4,3,0.278013780691218,47.715,47.698,NA,NA,64.9106226936245,50.7643204124426,18.390804597702,55.172413793106,-8.01114594218028,55.172413793106,100,0.041231056255736,47.889712,47.7807991666667,47.9392340870401,47.8063259129599,FALSE,FALSE,50.714679308335,45.554320691665,10,1.95566471583494,0.0398426799058266,1.44161866565486,TRUE,FALSE,63.3330071653978,51.6493395646525,-0.802140811949521,11.0389610389611,2.72473718086248,-1.60295930949444,-0.333055786844289,3.99652476107733,0.482686253934951,-0.291545189504374,0.48268625393495,3.99652476107732,-0.333055786844294,-1.60295930949443,11.3279235390159,FALSE,47.85,47.87278,"medium",FALSE,-0.0446438483021634,FALSE,"2026-10-07 16:42:00",50.714679308335,45.554320691665,47.4,48.93,"","","","","Undervalued",35,"D","NONE",44,"C","NONE",60,"AVOID"
"DXCM","Healthcare","Medical Devices","United States","Large","Good","Yes",84.3,83.1,85.01,84.06,83.805,85.695,83.74,84.55,84.435,84.293,83.39,1.09,"0.44","-","Mixed trend","Mixed trend","Hold","-","Neutral",83.86,85.21,3.02736318407962,"","Excellent reward to risk ratio zone"," + ","Very Strong",83.8,"74.82-84.34"," + ",NA,"83.55-85.62","Higher","Neutral","62.4-106.2","58.09-80.05","False",3.71,2.52,"high","expanding",FALSE,-0.0462419521217959,0.118764845605694,0.560658475486101,-0.325155187703229,-0.183529690367653,83.6801765034881,82.8120714156701,FALSE,"",6,79.55,3,2,1.32029300919549,85.044,86.368,NA,NA,40.246030841271,50.9795710335612,50.0271186440678,22.8813559322032,-11.7215320183495,-4.31864406779708,0,0.408105378548181,84.204978,84.2909025,84.7851074602239,83.6802825397762,FALSE,FALSE,90.1820506408457,82.7779493591543,0,4.53817383091769,0.180767001621149,2.29281994213754,FALSE,TRUE,37.1810904508444,42.6067828144163,3.70628315532427,13.7344846195359,-5.45087483176312,0.500715307582262,-3.90972301379232,-2.30617684552093,-1.24179943767573,1.09125794459767,-1.24179943767573,-2.30617684552092,-3.90972301379232,0.500715307582267,8.9445333437371,FALSE,84.48,84.232695,"low",FALSE,0.143980438399167,FALSE,"2026-10-07 16:42:00",90.1820506408457,82.7779493591543,83.74,85.69,"","","","","",36,"D","NONE",26,"D","NONE",85,"PASS"
"ECL","Basic Materials","Specialty Chemicals","United States","Large","Good","Yes",278.1,277.67,278.52,278.1,279.02,280.08,277.311,278.76,277.946,277.996,280.82,-0.97,"-","-","Uptrend","Mixed trend","Hold","-","Neutral",277.52,278.41,0.407894736842101,"","Low reward High risk zone"," + Breakout Signal + ","Very Strong",277.37,"265.8-278.47"," + Breakout Signal + ",NA,"276.32-279.88","Neutral","Neutral","264.75-288.76","235.6-276.96","False",2.14,7.45,"medium","expanding",FALSE,0.0683674570904241,0.0323729362253271,-0.213495039379957,-0.0107863229424991,-0.310074740558834,277.285631631444,276.156740468546,TRUE,"MomentumPullback",11,261.49,4,8,0.326861884811189,277.475,276.504,NA,NA,71.8580825686745,51.2472994897493,48.5606060606081,72.5000000000041,1.9546589490411,17.5000000000051,98.1481481481499,0.167831761001916,278.309176,278.410395,278.442228183376,277.535071816624,FALSE,FALSE,281.747507164855,268.486492835145,10,1.83638261671918,0.234858184258176,5.34148178434701,FALSE,FALSE,55.1550382279523,52.2564258422145,-4.33173986697706,3.36752899197145,-3.69498216573742,2.43471214409371,0.498699045967041,1.28195789933718,1.60759956156377,-0.96859198062815,1.60759956156378,1.28195789933718,0.498699045967044,2.43471214409372,4.93917373260656,FALSE,277.904,277.98865,"low",FALSE,0.217054919616803,FALSE,"2026-10-07 16:02:00",281.747507164855,268.486492835145,277.31,280.08,"","","","","",41,"C","EARLY_REVERSAL",40,"C","NONE",70,"AVOID"
"ECO","Industrials","Marine Shipping","Greece","Mid","Good","No",89.45,88.4,90.16,89.28,88.48,90.5299,88,89.47,88.745,88.494,86.85,2.99,"1.48","-","Mixed trend","Uptrend","Hold","-","Neutral",88,89.58,0.153755174452986,"","Low reward High risk zone"," + Upwards Momentum Signal + ","Very Strong",87.81,"78.42-89.3"," + Upwards Momentum Signal + ",NA,"87.15-95.58","Higher","Higher","83.16-125.28","27.98-68.36","False",3.93,10.8,"high","expanding",TRUE,1.52082623992737,1.39424166855589,0.584729562577303,-0.145121678946188,-0.228654285873625,87.8083312264742,86.8923933636302,FALSE,"",7,70.62,0,-1,1.52178380932874,86.562,81.008,NA,NA,97.6344665752044,73.9052001790419,89.4796061884669,91.7721518987344,26.1562257422394,-8.22784810126555,88.3928571428576,0.584850408224983,88.812916,89.1455125,89.0668337549989,87.7317462450011,TRUE,FALSE,90.8987399462209,72.9652600537791,10,3.32907338658594,0.194826952180461,3.42505940368309,FALSE,TRUE,73.3713319048068,71.6896463205045,1.52352056030053,69.0800845016324,35.3628536285363,22.8407981024138,12.8283993335897,8.85262116716124,0.870760769935845,1.37017846862408,0.870760769935841,8.85262116716124,12.8283993335897,22.8407981024138,24.5781072790311,FALSE,88.55,88.39929,"medium",FALSE,-4.15548061573179,FALSE,"2026-10-07 17:46:00",90.8987399462209,72.9652600537791,88,90.53,"","","","","",37,"D","NONE",80,"A","TREND_CONFIRMED",8,"AVOID"
"EDU","Consumer Defensive","Education & Training Services","China","Mid","Good","No",57.3,51.08,57.8,54.44,56.03,57.38,56.02,57.17,57.219,57.205,57.11,0.33,"-","-","Uptrend","Mixed trend","Hold","-","Neutral",57.12,57.3,0.492378048780489,"","Low reward High risk zone","Strong Bullish Breakout Signal + Bullish Signal + ","Strong",57.04,"54.69-57.15","Strong Bullish Breakout Signal + Bullish Signal + ",NA,"56.96-57.64","Neutral","Neutral","40.98-73.62","45.89-52.69","False",3.75,3,"medium","expanding",FALSE,0.183582480986095,0.113566873416612,0.139811254806009,0.0698567935731735,0.262467191601047,57.0714841587548,56.8325090835526,TRUE,"Breakout",9,51.87,2,10,0.327819121824814,56.585,56.142,NA,NA,80.8201287546094,59.9511732893343,66.5656565656576,100,12.1885521885525,63.6363636363621,100,0.0624899991999251,57.2417,57.2030416666667,57.2956061176567,57.1083938823433,TRUE,FALSE,57.5133170486667,54.2486829513332,10,8.78638411254953,0.0486687272995186,1.40912871465768,FALSE,FALSE,84.1001318513434,56.365422061489,0.784372464962189,15.5474894131881,0.403013842649372,3.26184898179851,2.17546362339515,3.26184898179851,3.35497835497835,0.332691297496056,3.35497835497836,3.26184898179851,2.17546362339516,3.26184898179851,6.01790480381287,FALSE,57.199,57.202,"low",FALSE,-2.15545881937116,FALSE,"2026-10-07 16:00:00",57.5133170486667,54.2486829513332,56.02,57.38,"","","","","Undervalued",79,"A","TREND_CONFIRMED",90,"A","TREND_CONFIRMED",50,"AVOID"
"EEM","NA","NA","NA","ETF",NA,"No",67.45,67.43,67.65,67.54,67.185,67.54,66.8923,67.35,67.429,67.402,68.27,-1.2,"-1.62","-","Uptrend","Mixed trend","Hold","-","Neutral",67.33,67.45,0.89423076923077,"","Moderate reward to risk ratio zone"," + Breakout Signal: above upper bollinger band limit + ","Very Strong",67.31,"65.81-67.39"," + Breakout Signal: above upper bollinger band limit + ",NA,"67.3-67.58","Neutral","Neutral","57.39-77.35","55.24-64.29","False",2.73,NA,"medium","expanding",FALSE,0.0741839762611234,0.118747216862102,0.0444971818451515,0.0493942895454642,-0.014823599169865,67.2996717097128,67.1585278090156,FALSE,"",8,63.76,0,8,0.19578017678825,67.752,67.488,NA,NA,69.6227759249904,57.6331446054351,100,100,9.53984287317497,0,100,0.0327108544750541,67.403202,67.4346041666667,67.4549026395158,67.3230973604842,FALSE,FALSE,69.2575791789943,65.4784208210057,10,0,0.0303823433814183,1.03323723006153,FALSE,FALSE,36.7894940737398,50.08077933897,-5.1149461387453,2.5887010811634,0.178438661710044,-1.62091121495327,-0.502141485748027,0.868393472076656,-0.443327914881036,-1.31829500512669,-0.443327914881031,0.868393472076656,-0.502141485748031,-1.62091121495327,5.77160889130082,FALSE,67.428,67.389,"low",FALSE,-0.368004614523242,FALSE,"2026-10-07 18:21:00",69.2575791789943,65.4784208210057,66.89,67.54,"","","","","",79,"A","TREND_CONFIRMED",38,"D","NONE",60,"AVOID"
"EFA","NA","NA","NA","ETF",NA,"No",102.9,102.63,103.59,103.11,102.78,103.25,102.535,103,103.043,103.081,104.22,-1.27,"-1.32","-","Mixed trend","Mixed trend","Hold","-","Neutral",102.9,103.19,5.17105263157902,"","Excellent reward to risk ratio zone"," + Breakdown Signal: below lower bollinger band limit + ","Very Strong",102.93,"100.92-103.09"," + Breakdown Signal: below lower bollinger band limit + ",NA,"102.88-103.22","Higher","Neutral","94.01-112.19","95.51-102.82","False",1.58,NA,"high","expanding",FALSE,-0.193986420950522,-0.179463549497976,-0.184304976234356,-0.184304976234356,-0.295528317426474,102.860426424488,102.729585508144,FALSE,"",4,101.1,8,0,0.19382484943756,103.755,104.869,NA,NA,7.1629622334665,27.5327756607771,31.6849816849807,0,-14.6834374775548,-30.7692307692257,0,0.0988938825203712,103.091726,103.118938333333,103.183053754815,102.983446245185,FALSE,TRUE,107.077795967644,102.795204032356,0,0,0.0395735755120122,1.18003951520558,FALSE,FALSE,26.5063962634197,38.8897227223838,-4.86948035043069,-0.82724124663332,-5.24767944122784,-3.246996996997,-1.62213740458016,-0.760419674655892,-0.82724124663332,-1.074649779313,-0.827241246633315,-0.760419674655888,-1.62213740458016,-3.24699699699701,4.16613982685393,FALSE,103.074,103.08325,"low",TRUE,-0.909776828866875,FALSE,"2026-10-07 17:20:00",107.077795967644,102.795204032356,102.53,103.25,"","","","","",9,"D","NONE",2,"D","NONE",68,"PASS"
"EHC","Healthcare","Medical Care Facilities","United States","Large","Good","No",122.48,103.79,122.4,113.1,124.86,125.55,121.99,123.05,122.475,122.408,124.69,-1.77,"-","-","Mixed trend","Mixed trend","Hold","-","Neutral",122.13,122.55,0.750611246943763,"","Moderate reward to risk ratio zone"," + ","Very Strong",122.02,"117.47-122.72"," + ",NA,"122.05-122.69","Lower","Neutral","98.57-146.39","97.91-115.47","False",2.32,5.98,"medium","normal",FALSE,-0.00408213250601743,0.0694472813431986,-0.0611970135857393,0.0735354195604244,-0.325520833333326,122.039589361678,121.622861173715,FALSE,"",6,114.75,5,6,0.39642624366597,122.254,121.812,NA,NA,54.6924485194147,56.6216904645546,83.8255977496495,83.333333333335,-1.97627033070024,0,64.1025641025663,0.0256417628243729,122.318402,122.515901666667,122.613576542911,122.129423457089,FALSE,FALSE,124.790515174757,119.310484825243,0,4.9795438927241,0.090669737015623,3.0184000375106,FALSE,FALSE,52.6871282422025,52.9677526962186,-7.14005448215038,12.8431914501566,2.12624030684566,0.964471189514468,0.393442622950823,0.98944591029024,2.23706176961603,-1.77239554094153,2.23706176961602,0.989445910290243,0.393442622950824,0.96447118951446,4.59308363178627,FALSE,122.477,122.3715,"low",TRUE,0.358333974260543,FALSE,"2026-10-07 16:00:00",124.790515174757,119.310484825243,121.99,125.55,"","","","","",42,"C","NONE",74,"A","TREND_CONFIRMED",95,"PASS"
"ELOG","Industrials","Integrated Freight & Logistics","China","Nano",NA,"No",0.6582,0.66,0.72,0.69,0.5895,0.7952,0.5895,0.67,0.664,0.676,0.569,15.68,"-0.63","-","Mixed trend","Uptrend","Hold","-","Neutral",0.6578,0.73,0.392994746059544,"","Low reward High risk zone"," + ","Strong",0.62,"0.55-0.66"," + ","Upwards Momentum Signal","0.62-0.74","Higher","Neutral","0.21-1.16","0.15-0.92","True",9.57,-0.1,"medium","quiet",FALSE,0.0608087564609237,-9.83561643835616,-1.775854350097,2.49143568981626,4.47619047619048,0.641383136859362,0.546671245147327,FALSE,"",3,0.35,5,-1,11.0939246351612,0.582,0.567,NA,NA,36.3159477057202,44.4918010158297,7.75623268698054,0.554016620498554,2.46229609110495,-21.6066481994459,0,0.00697653208979772,0.692146,0.688125833333333,0.711868886882786,0.640781113117215,FALSE,FALSE,0.644459148442813,0.433930851557187,3.63072507157252,10,0.0164268460309634,0.0720941445399015,FALSE,FALSE,94.801309320774,62.5855997324953,14.4493764548336,-16.7073170731707,-10.2496714848883,1.03550295857988,39.1038696537678,34.1319717203457,37.3692679002414,20.0351493848858,37.3692679002414,34.1319717203457,39.1038696537678,1.03550295857988,48.5165542228982,TRUE,0.66132,0.676325,"medium",FALSE,-7.16743630796939,TRUE,"2026-10-07 18:16:00",0.644459148442813,0.433930851557187,0.59,0.8,"","","","","",15,"D","NONE",60,"B","EARLY_REVERSAL",65,"PASS"
"ELV","Healthcare","Healthcare Plans","United States","Large","Good","Yes",405,382.2,407.37,394.78,401,410.54,399.98,404.78,404.527,404.347,400.09,1.23,"-0.07","-","Uptrend","Mixed trend","Hold","-","Neutral",403.36,405,0.800140007000351,"","Moderate reward to risk ratio zone"," + Breakout Signal: above upper bollinger band limit + ","Very Strong",403.01,"383.55-403.88"," + Breakout Signal: above upper bollinger band limit + ",NA,"400.1-412.56","Higher","Neutral","333.2-475.42","282.85-366.64","False",2.64,22.59,"low","normal",FALSE,0.174377620302003,0.19172490568371,0.0197569890348672,-0.540275049115911,-0.376355988487928,402.967835717662,401.16901100912,FALSE,"",7,369.79,0,8,0.260823962064424,397.315,398.531,NA,NA,88.7633156567754,60.6716862597888,59.0481514609419,100,6.67740864381464,59.1346153846151,100,0.339484903929519,404.52709,406.28904,404.787493103349,403.734456896651,TRUE,FALSE,426.941901491307,379.318098508693,10,10,0.393758762264026,9.78896959713662,TRUE,FALSE,83.9851925785077,54.3337473107003,3.07138885498419,-4.85480303101614,1.80540867200484,2.31033959208462,1.44269369731032,3.98384856746052,4.62696995574878,1.05476267839737,4.62696995574878,3.98384856746052,1.44269369731032,2.31033959208462,12.5551095953107,FALSE,404.4,404.260975,"medium",TRUE,0.0177747347424884,FALSE,"2026-10-07 18:05:00",426.941901491307,379.318098508693,399.98,410.54,"","","","","",50,"C","NONE",53,"C","NONE",70,"AVOID"
"EMR","Industrials","Specialty Industrial Machinery","United States","Large","Good","Yes",159.15,158.22,159.15,158.68,158.35,161.55,157.59,159.36,159.194,159.235,161.4,-1.39,"-0.75","-","Mixed trend","Mixed trend","Hold","-","Neutral",158.82,159.475,0.40620782726046,"","Low reward High risk zone"," + ","Strong",158.7,"151.5-159.44"," + ",NA,"158.2-160.1","Neutral","Neutral","129.97-188.47","125.06-140.84","False",3.45,4.57,"medium","expanding",FALSE,-0.100433117820599,0.0691649899396464,-0.253830967378021,-0.481490745372675,-0.462818187503897,158.673534442665,158.012104103033,FALSE,"",4,141.4,7,-1,0.346557608565391,159.963,156.468,NA,NA,26.6060143577003,43.366917665184,60.6557377049174,54.0983606557385,-3.04365708913594,-11.4754098360642,0,0.0320936130392897,159.442568,159.611470833333,159.46164395253,158.91092604747,FALSE,FALSE,165.085528635696,143.788471364304,0,0,0.146769886977663,3.92394327166982,FALSE,FALSE,39.7731755021319,56.9444676918053,-4.81934010008607,17.3929071739291,2.74909654104284,5.90661168019156,2.99501908273497,2.65635074145713,-1.47886888187613,-1.35068153655515,-1.47886888187613,2.65635074145714,2.99501908273498,5.90661168019155,14.8113802652743,FALSE,159.201,159.186285,"medium",FALSE,1.92875117411817,FALSE,"2026-10-07 16:08:00",165.085528635696,143.788471364304,157.59,161.55,"","","","","",13,"D","NONE",81,"A","TREND_CONFIRMED",90,"PASS"
"ENLV","Healthcare","Biotechnology","Israel","Nano","Moderate","No",0.31,0.31,0.32,0.32,0.3515,0.3517,0.3,0.31,0.319,0.32,0.34,-8.82,"4.37","Very Weak","Downtrend","Downtrend","Hold","-","Oversold",0.31,0.3251,119.3125,"","Excellent reward to risk ratio zone"," + Breakdown Signal: below lower bollinger band limit + ","Very Strong",0.3,"0.16-0.31"," + Breakdown Signal: below lower bollinger band limit + ","Upwards Momentum Signal","0.27-0.35","Neutral","Neutral","-8.17-6.27","0.18-11.35","True",9.83,494,"high","quiet",FALSE,-4.32098765432099,-4.32098765432099,-0.0322476620444982,3.16139767054909,3.29890036654449,0.307107932442332,0.289752145407664,TRUE,"MeanReversion",4,0.34,9,2,6.49890862455665,0.369,0.662,NA,NA,0.921547699738525,36.6598870639306,56.6966966966968,0,-11.1311311311311,-80.0000000000002,0,0.0061564600218002,0.314208,0.314866666666667,0.330844605125088,0.310655394874912,FALSE,FALSE,1.04805209579344,0.204967904206561,0,0,0.00289206755766763,0.121071520812295,FALSE,FALSE,3.40870367388689,12.6895975921177,-0.553405716099007,-94.9355371900826,-79.8421052631579,-70.5384615384615,-52.125,-39.0612569610183,-20.8882003614769,-9.93533215755438,-20.8882003614769,-39.0612569610183,-52.125,-70.5384615384615,411.324980294106,FALSE,0.32098,0.32075,"high",FALSE,12.364032061757,TRUE,"2026-10-07 18:36:00",1.04805209579344,0.204967904206561,0.3,0.35,"","","","","",11,"D","NONE",2,"D","NONE",83,"PASS"
"EQIX","Real Estate","REIT - Specialty","United States","Large","Moderate","Yes",1031.77,1000,1080,1040,1044.11,1044.11,1027.23,1035.26,1031.821,1033.161,1047.36,-1.49,"-","-","Mixed trend","Mixed trend","Hold","-","Neutral",1030.54,1035.76,0.789904502046385,"","Moderate reward to risk ratio zone"," + ","Very Strong",1029.68,"978.88-1034.45"," + ",NA,"1024.2-1039.34","Neutral","Neutral","989.53-1085.55","836.28-1003.76","False",2.22,15.54,"high","expanding",FALSE,-0.0290677957890409,-0.082798692652223,-0.421277150178308,-0.623648560792483,-0.549892768500439,1029.50683704075,1024.93447659563,FALSE,"",5,966.06,6,-1,0.673647012846125,1030.216,1029.231,NA,NA,46.9038471040441,37.008186872679,25.3696236559144,24.7983870967744,1.73534373657111,-1.8145161290306,58.8516746411451,0.475657439868109,1035.835608,1036.58956583333,1036.91628758525,1029.97787241475,FALSE,FALSE,1058.4092176984,992.213782301602,10,4.53298829863757,1.03439608988513,25.6919529657483,FALSE,FALSE,52.9405776586456,50.1566932632011,-5.12845094933108,1.28599055631363,-3.881912356536,-1.0823921922037,-0.567623306285305,1.99588762134482,0.589829583122095,-1.48850443018637,0.589829583122103,1.99588762134482,-0.567623306285303,-1.08239219220371,6.6714892070179,FALSE,1031.695,1033.44708,"low",FALSE,-0.0773410474669181,FALSE,"2026-10-07 16:00:00",1058.4092176984,992.213782301602,1027.23,1044.11,"","","","","",9,"D","NONE",33,"D","NONE",78,"PASS"
"EWZ","NA","NA","NA","ETF",NA,"No",42.48,42.4,42.63,42.52,42.91,42.96,42.34,42.62,42.493,42.461,43,-1.21,"-0.21","-","Mixed trend","Mixed trend","Hold","-","Neutral",42.4,42.64,0.2390625,"","Low reward High risk zone"," + ","Very Strong",42.34,"40.42-42.58"," + ",NA,"42.23-42.75","Neutral","Neutral","33.69-51.05","30.53-35.01","False",2.69,NA,"medium","expanding",FALSE,0.14144271570013,0.117841150129619,0.224135897133417,-0.0823238856874131,-0.468370357006475,42.3614600595296,42.1582115331637,FALSE,"",7,35.3,3,4,0.499665141362403,41.126,38.644,NA,NA,43.2827102362184,52.8311300517104,37.5886524822687,31.9148936170195,-9.69267139480046,-8.51063829787369,0,0.0733484832837348,42.435002,42.531715,42.5575439904781,42.3459560095219,FALSE,FALSE,42.3552767964937,34.2477232035063,0,0,0.0386126573391706,1.12579288442637,FALSE,FALSE,78.200940890788,72.9149278297654,-5.00098327863573,17.5964474049403,18.0880713489409,11.2949829261886,13.3797163500134,13.744966442953,10.9452736318408,-1.46511627906977,10.9452736318408,13.744966442953,13.3797163500134,11.2949829261886,23.6732630219264,FALSE,42.514,42.45175,"high",FALSE,14.1181224849988,FALSE,"2026-10-07 18:41:00",42.3552767964937,34.2477232035063,42.34,42.96,"","","","","",43,"C","NONE",68,"B","TREND_CONFIRMED",78,"PASS"
"EXLS","Technology","Information Technology Services","United States","Mid","Good","No",35.06,35.2,35.83,35.52,35.43,35.76,35.37,35.54,35.352,35.437,35.41,-0.99,"0.08","-","Mixed trend","Mixed trend","Hold","-","Neutral",35.06,35.52,1.28767123287671,"","Moderate reward to risk ratio zone"," + Breakdown Signal: below lower bollinger band limit + ","Very Strong",35.17,"32.22-35.51"," + Breakdown Signal: below lower bollinger band limit + ",NA,"34.39-35.73","Neutral","Neutral","24.77-46.25","26.24-33.1","False",3.26,1.58,"high","expanding",FALSE,-1.11408828091946,-1.0582757160999,-1.15590639977445,-1.41993532967804,-1.43379252178802,35.0031339873214,34.8589632984624,FALSE,"",2,32.83,8,-1,1.07015643182249,35.519,35.453,NA,NA,3.83901560071897,20.0792118089155,60.3174603174573,0,-3.52733686067011,-90.476190476186,0,0.198746069143503,35.46958,35.5565008333333,35.6313870784559,35.2541129215441,FALSE,TRUE,36.6002667173138,34.0727332826862,0,3.74173440698615,0.0568660126785681,0.987060832028084,FALSE,TRUE,49.4077035942412,51.0456100955319,0.747559278085546,29.9780380673499,-5.18024032042725,1.60228898426322,1.95233993683606,3.28679464805118,-0.671328671328677,0.282406099971763,-0.671328671328675,3.28679464805117,1.95233993683606,1.60228898426322,7.41805306212951,FALSE,35.415,35.44275,"low",FALSE,-0.671840599904201,FALSE,"2026-10-07 17:57:00",36.6002667173138,34.0727332826862,35.37,35.76,"","","","","",9,"D","NONE",48,"C","NONE",73,"PASS"
"EXPO","Industrials","Engineering & Construction","United States","Mid","Good","No",68.95,68.57,69.34,68.96,68.91,69.9,68.305,69.11,68.944,69.009,69.18,-0.33,"-","-","Mixed trend","Mixed trend","Hold","-","Neutral",68.865,69.13,0.268359375,"","Low reward High risk zone"," + ","Strong",68.75,"65.79-69.2"," + ",NA,"68.21-69.07","Neutral","Neutral","55.58-82.32","52.44-63.74","False",2.91,2.23,"low","normal",FALSE,-0.123125950604757,-0.0434908669179489,-0.519405569181935,-0.891188730774745,-0.231514976125013,68.8035379130438,68.5128859777001,FALSE,"",7,61.5,4,3,0.403074120434953,68.356,67.419,NA,NA,54.7574911258234,41.0949040766929,33.3978390582197,43.589743589746,-0.3977853034454,11.5142718916299,50,0.028195744359206,69.20634,69.4265525,69.1305142832854,68.8529857167146,FALSE,FALSE,70.6912812717615,63.4427187282385,10,0,0.0615379495480714,2.0017012894417,FALSE,FALSE,64.6666426343495,56.1931106200354,-0.943990373808056,11.5515288788222,-1.23191519839564,2.19356751148659,5.41201651123682,5.39590339345766,2.4517087667162,-0.332466030644701,2.45170876671621,5.39590339345766,5.41201651123682,2.19356751148658,11.4253655720096,FALSE,68.933,68.99175,"medium",FALSE,0.777346641618967,FALSE,"2026-10-07 16:01:00",70.6912812717615,63.4427187282385,68.31,69.9,"","","","","",9,"D","NONE",53,"C","NONE",95,"PASS"
"FAMI","Consumer Defensive","Packaged Foods","China","Nano",NA,"No",0.1318,0.13,0.13,0.13,0.132,0.132,0.1222,0.13,0.13,0.13,0.121,8.93,"5.33","Very Weak","Uptrend","Mixed trend","Hold","-","Neutral",0.128,0.132,7.02173913043478,"","Excellent reward to risk ratio zone"," + Breakout Signal + ","Strong",0.12,"0.05-0.13"," + Breakout Signal + ",NA,"0.13-0.13","Lower","Neutral","0-0.25","0.09-0.2","False",8.9,-32.13,"medium","normal",TRUE,1.38461538461538,2.96875,1.38461538461538,2.80811232449297,0.61068702290076,0.1264822658478,0.114877487877044,TRUE,"MomentumPullback",9,0.08,0,8,4.39998226206971,0.126,0.129,NA,NA,75.6005710968572,53.8934785404317,65.8119658119659,97.4358974358977,11.8233618233619,48.7179487179492,100,0.00135203550249286,0.130584,0.129676666666667,0.133339832360609,0.127720167639391,FALSE,FALSE,0.140949026896758,0.118130973103242,10,10,0.00156279188484344,0.0232097401898793,TRUE,FALSE,57.1288489409753,46.1177963844397,3.63447831837622,-32.3420074349442,26.7661691542289,-1.99999999999999,-3.70370370370369,-8.27933765298775,0.950871632329641,5.28925619834712,0.950871632329631,-8.27933765298775,-3.7037037037037,-1.99999999999999,19.3158942097044,FALSE,0.12986,0.13053,"medium",FALSE,-5.62834430493985,FALSE,"2026-10-07 18:32:00",0.140949026896758,0.118130973103242,0.12,0.13,"","","","","",72,"A","TREND_CONFIRMED",45,"C","RSI_DIVERGENCE",50,"AVOID"
"FBLG","NA","NA","NA","Nano",NA,"No",1.07,1.1,1.17,1.14,1.16,1.2,1.07,1.13,1.09,1.106,1.13,-5.31,"3.64","-","Mixed trend","Mixed trend","Hold","-","Neutral",1.05,1.14,9.37571428571431,"","Excellent reward to risk ratio zone"," + ","Moderate",1.02,"0.33-1.1"," + ","Upwards Momentum Signal","0.99-1.16","Neutral","Neutral","0.14-2.14","0.58-1.38","False",9.78,-5.01,"medium","normal",FALSE,-4.46428571428572,-4.46428571428572,-1.8348623853211,-4.88888888888888,-4.46428571428572,1.03565111907191,0.973636120199843,FALSE,"",9,0.98,5,1,7.59099525251371,1.184,1.321,NA,NA,33.8462636712842,39.1180039106732,40.7407407407408,22.2222222222223,-6.87597089363103,22.2222222222223,22.2222222222223,0.037483329627983,1.102926,1.13231666666667,1.15000897440423,1.06887102559577,FALSE,FALSE,1.67277610556762,1.05922389443238,1.88539566455902,6.96523549326762,0.0146221929457675,0.138666100192046,TRUE,TRUE,20.4305377113221,36.9001439461819,0.806884844267756,33.8656646312823,-18.5714285714286,-35.2272727272727,-14.2857142857143,-12.3076923076923,-8.06451612903227,0.88495575221239,-8.06451612903226,-12.3076923076923,-14.2857142857143,-35.2272727272727,57.9246950866822,FALSE,1.099,1.10944,"medium",FALSE,-4.21513030439326,FALSE,"2026-10-07 16:43:00",1.67277610556762,1.05922389443238,1.07,1.2,"","","","","",7,"D","NONE",17,"D","NONE",63,"WATCH"
"FCFS","Financial Services","Credit Services","United States","Mid","Good","No",209.55,205,216,210.5,211.75,214.19,207.025,209.04,209.512,209.582,213,-1.62,"-","-","Mixed trend","Downtrend","Hold","-","Neutral",209,209.8,6.8312883435583,"","Excellent reward to risk ratio zone"," + ","Strong",208.54,"197.77-208.78"," + ",NA,"207.96-211.13","Neutral","Neutral","154.43-264.69","169.5-208.15","True",2.97,8.79,"low","quiet",FALSE,-0.0143143429716581,0,-0.40399239543726,0.445786597641648,0.559061352784519,208.781865819795,207.771865459189,FALSE,"",3,199.8,5,-1,0.233666214412984,211.201,214.902,NA,NA,60.9214105701922,48.3150796116391,69.583333333333,68.7500000000004,8.74999999999986,-1.24999999999885,36.0000000000014,0.161802348561418,209.69715,209.010125,209.805175473752,209.316074526248,FALSE,FALSE,227.499414349016,205.646585650984,0,0,0.218708217521415,6.26556553115389,FALSE,FALSE,32.6037158622449,41.7859151326496,-4.00810796276907,-0.0381606563632819,-8.69243170232233,-7.83304745568897,-3.19212823947891,-0.790607394782932,-0.380300437345508,-1.6150234741784,-0.380300437345504,-0.790607394782927,-3.19212823947891,-7.83304745568897,10.6263999613001,FALSE,209.446,209.560625,"medium",TRUE,-0.645605297709485,TRUE,"2026-10-07 16:01:00",227.499414349016,205.646585650984,207.02,214.19,"","","","","",21,"D","NONE",2,"D","NONE",80,"PASS"
"FEAM","Basic Materials","Specialty Chemicals","United States","Micro",NA,"No",2.99,2.99,3.05,3.02,3.95,3.95,3,3.66,2.981,3.014,3.76,-20.48,"5.49","Very Weak","Mixed trend","Mixed trend","Hold","-","Neutral",2.9112,3.1,0.523936170212766,"","Low reward High risk zone"," + ","Very Strong",2.91,"1.21-3.7"," + ",NA,"2.63-3.35","Neutral","Neutral","0.9-5.32","0.98-1.35","True",9.15,-1.43,"high","expanding",FALSE,-0.333333333333326,-3.23624595469255,-3.85852090032153,-7.14285714285714,-20.2666666666667,2.87716989620567,2.73019516863239,FALSE,"",4,1.49,4,-1,6.82691191246899,3.444,2.829,NA,NA,58.6399595129871,44.8128210989559,36.4406779661017,41.7372881355933,3.53107344632771,-5.29661016949141,80.0000000000004,0.0288097205817808,3.062492,3.354545,3.11968371033061,2.92031628966939,FALSE,FALSE,4.30751315686283,0.951986843137166,7.58715861932632,0,0.0349512264169604,0.366345020516697,FALSE,FALSE,26.809615141479,58.7715753535035,-16.2706416904529,135.606060606061,77.7142857142857,105.960264900662,17.8030303030303,-7.71513353115728,-19.8453608247423,-17.2872340425532,-19.8453608247423,-7.71513353115728,17.8030303030303,105.960264900662,352.476122744292,FALSE,2.964,3.02,"high",FALSE,-8.65668211915876,TRUE,"2026-10-07 18:29:00",4.30751315686283,0.951986843137166,3,3.95,"","","","","",5,"D","NONE",49,"C","NONE",50,"WATCH"
"FFLX","NA","NA","NA","ETF",NA,"No",9.39,4.76,11,7.88,9.38,9.41,9.37,9.39,9.393,9.397,9.39,0,"0.04","-","Mixed trend","Mixed trend","Hold","-","Neutral",9.37,9.41,4.52499999999987,"","Excellent reward to risk ratio zone"," + Breakdown Signal: below lower bollinger band limit + Positive News + ","Moderate",9.37,"9.08-9.38"," + Breakdown Signal: below lower bollinger band limit + Positive News + ",NA,"9.37-9.42","Neutral","Neutral","9.12-9.64","9.3-9.37","False",0.54,NA,"high","normal",FALSE,-0.159489633173831,-0.159489633173831,0,-0.159489633173831,NA,9.36424840130512,9.3453222811668,FALSE,"",4,9.32,5,0,0.386862463311895,9.385,9.44,NA,NA,15.4222767080701,44.2489022513431,44.4444444444459,33.3333333333333,-8.82407407407321,-16.6666666666689,100,0.00276622486437296,9.39261,9.39485916666667,9.41740600434484,9.38111399565516,FALSE,FALSE,9.56331633066174,9.32818366933826,0,4.0847303458665,0.00576387531962923,0.045052056033123,FALSE,FALSE,42.3045568817467,34.2847380348746,-1.31072959531852,-2.29166666666665,-2.29166666666665,-1.79038844100094,-0.960827790096075,-0.106496272630456,0.0533333333333417,-0.106496272630456,0.0533333333333497,-0.106496272630452,-0.960827790096075,-1.79038844100093,2.52066929274093,FALSE,9.39202,9.39926,"medium",TRUE,-0.237822621868222,FALSE,"2026-10-07 16:00:00",9.56331633066174,9.32818366933826,9.37,9.41,"","News Alert","","","",9,"D","NONE",9,"D","NONE",55,"AVOID"
"FFR","NA","NA","NA","Nano",NA,"No",1.7,1.69,1.74,1.71,1.36,2.05,1.32,1.72,1.699,1.713,1.38,23.19,"-1.73","Weak","Mixed trend","Uptrend","Hold","-","Neutral",1.67,1.76,0.236385125920538,"","Low reward High risk zone"," + ","Very Strong",1.65,"0.99-1.75"," + ","Upwards Momentum Signal","1.6-1.8","Neutral","Neutral","-0.16-3.74","0.12-1.3","True",11.62,-6.1,"medium","quiet",FALSE,0.0942063118228948,0.508454534704975,-2.85714285714286,-0.584795321637427,-5.81717451523546,1.65647970135134,1.59451698013662,FALSE,"",4,0.66,1,-1,6.77649645392109,1.45,1.262,NA,NA,52.718953906256,44.7389695245261,35.6349206349207,33.3333333333333,2.39304328345425,-9.52380952380952,100,0.00523927475897253,1.73821,1.74094416666667,1.76976856873265,1.65745143126735,FALSE,FALSE,1.83388013885906,0.666319861140942,9.37675781250917,10,0.0137631782651035,0.301890625114302,FALSE,FALSE,83.1156127379613,62.6087818949048,7.36295543931694,80.7715613007473,92.1219276591178,153.612921507509,7.83132530120483,36.6412213740458,45.5284552845528,29.7101449275362,45.5284552845528,36.6412213740458,7.83132530120483,153.612921507509,175.225195256659,FALSE,1.6943,1.71361,"high",FALSE,-19.1777431314582,TRUE,"2026-10-07 18:35:00",1.83388013885906,0.666319861140942,1.32,2.05,"","","","","",23,"D","EARLY_REVERSAL",97,"A","TREND_CONFIRMED",50,"AVOID"
"FRSH","Technology","Software - Application","United States","Mid","Moderate","No",13.45,13.4,13.57,13.48,13.69,14.02,13.57,13.79,13.448,13.451,13.76,-2.25,"-0.44","Very Weak","Mixed trend","Uptrend","Hold","-","Neutral",13.27,13.5376,0.406118143459916,"","Low reward High risk zone"," + ","Very Strong",13.28,"11.7-13.83"," + ",NA,"12.97-13.93","Neutral","Neutral","9.38-17.94","7.3-11.25","True",4.89,0.63,"high","normal",FALSE,0,0.523168908819122,-0.993743099006268,-2.07499089916272,-2.64205573651828,13.2386543867073,13.1312078581837,FALSE,"",5,11.23,3,3,1.67113236355154,13.344,12.893,NA,NA,75.8156484817798,45.2402877376705,100,100,3.6075036075037,0,NA,0,13.57695,13.6959075,13.5272966903564,13.3049533096436,FALSE,FALSE,13.6558311229038,11.7701688770962,0,0,0.0317707987028912,0.528519081310762,FALSE,FALSE,70.0956833585194,61.7796958034388,-2.77637996151034,29.8949379178605,5.7542768273717,13.9983235540654,5.67210567210568,6.33307271305708,6.41627543035994,-1.16279069767442,6.41627543035994,6.33307271305708,5.67210567210568,13.9983235540654,16.0206898091063,FALSE,13.45,13.416125,"medium",FALSE,3.61764835664878,TRUE,"2026-10-07 18:35:00",13.6558311229038,11.7701688770962,13.57,14.02,"","","","","",21,"D","NONE",81,"A","TREND_CONFIRMED",87,"PASS"
"FSI","Basic Materials","Specialty Chemicals","Canada","Micro",NA,"No",6.28,6.01,6.8,6.4,6.325,6.33,6.28,6.31,6.315,6.376,6.33,-0.79,"-","-","Mixed trend","Mixed trend","Hold","-","Neutral",6.275,6.5496,0.402985074626865,"","Low reward High risk zone"," + Positive News + ","None",6.07,"6.17-6.27"," + Positive News + ",NA,"6.11-6.45","Neutral","Higher","2.06-14.36","4.68-5.96","False",4.16,-0.25,"low","normal",FALSE,-0.78988941548183,-3.23574730354391,0.159489633173854,0.159489633173854,NA,6.20744387295475,6.27392624345381,FALSE,"",3,5.4,6,-1,5.60185392088023,6.172,5.935,NA,NA,7.21872430434877,39.1186341230398,7.41839762611272,0,-3.66792545894169,-7.41839762611261,0,0.0207364413533398,NA,NA,6.55229968414664,6.20472031585336,FALSE,FALSE,6.26291112771048,5.54108887228952,0,0,0.0676099566285558,0.178002314439869,FALSE,FALSE,79.1633048106304,70.4124705050588,-3.45606544804352,7.16723549488054,14.1818181818182,10.1754385964912,7.90378006872852,4.49251247920134,3.80165289256199,-0.78988941548183,3.80165289256198,4.49251247920135,7.90378006872852,10.1754385964912,13.0267222211636,FALSE,6.311,6.37851,"medium",FALSE,4.94906906897998,FALSE,"2026-10-07 16:00:00",6.26291112771048,5.54108887228952,6.28,6.33,"","News Alert","","","",16,"D","NONE",68,"B","TREND_CONFIRMED",71,"PASS"
"GE","Industrials","Aerospace & Defense","United States","Large","Good","Yes",303.88,303.67,303.9,303.78,305.51,308.55,302.98,305.25,303.806,303.673,309.39,-1.78,"-1.16","-","Mixed trend","Mixed trend","Hold","-","Neutral",302.98,303.93,40.2500000000008,"","Excellent reward to risk ratio zone"," + Breakout Signal: above upper bollinger band limit + ","Very Strong",302.74,"293.2-305.05"," + Breakout Signal: above upper bollinger band limit + ",NA,"303.09-304.16","Lower","Neutral","235.31-371.93","253.82-302.36","False",3.49,8.48,"medium","normal",FALSE,0.0052655135192124,0.0856333574863286,-0.0328969011119227,0.0749211681115817,-0.409661455772949,302.784320756301,301.978283085178,TRUE,"MomentumPullback",8,292.71,1,7,0.37891619156117,308.11,317.036,NA,NA,60.5118244295675,56.5318087657441,84.0579710144931,94.5652173913032,-4.66039202620895,30.4347826086922,100,0.133078803707933,303.551074,304.250618333333,304.160872106348,303.012707893651,FALSE,FALSE,327.378708274034,302.571291725966,7.93764912229989,0.545185429640577,0.19626050754274,7.97847045809122,FALSE,FALSE,20.8424246180051,32.9732377996423,-3.90855321757281,-14.0349387015487,-13.0053580126644,-6.55833564152279,-4.91372020920109,-2.62972227567186,-1.76971108738554,-1.86496008274346,-1.76971108738554,-2.62972227567185,-4.91372020920109,-6.55833564152279,8.19886658993917,FALSE,303.83456,303.58679,"low",TRUE,-1.87388115355366,FALSE,"2026-10-07 17:47:00",327.378708274034,302.571291725966,302.98,308.55,"","","","Strong fundamentals, below 50/200-day averages","",49,"C","NONE",0,"D","NONE",45,"AVOID"
"GEO","Industrials","Security & Protection Services","United States","Mid","Good","No",30.25,29.9,31.51,30.7,29.7,30.96,29.56,30.2,30.461,30.539,29.94,1.04,"-0.15","-","Mixed trend","Mixed trend","Hold","Oversold","Neutral",30.25,30.74,1.98769876987699,"","Good reward to risk ratio zone"," + Breakdown Signal + ","Very Strong",30.25,"26.85-30.19"," + Breakdown Signal + ",NA,"29.65-30.85","Neutral","Higher","29.43-32.62","13.3-27.8","False",3.55,2.13,"medium","expanding",FALSE,-1.20836054866101,-1.4657980456026,0.0330687830687882,0.0330687830687882,0.0992720052945107,30.1851418083002,29.9515113539984,TRUE,"MeanReversion",5,27.84,8,0,1.36898053075868,30.791,31.017,NA,NA,9.08937502673072,29.463741087292,14.6666666666671,0,-2.37037037037047,-32.0000000000007,0,0.130192165662929,30.392372,30.2991966666667,30.8152588878753,30.3991011121247,FALSE,TRUE,32.4852921665723,29.5847078334277,0,1.1942335535985,0.0648581916998482,1.45176099808979,FALSE,TRUE,43.534195814229,47.318709218115,3.07841427905999,2.48488918737407,-5.09950248756218,-3.44827586206897,-0.326583932070547,0.16409583196587,-2.67857142857143,1.93720774883099,-2.67857142857143,0.16409583196586,-0.326583932070545,-3.44827586206896,9.8043365831969,FALSE,30.48,30.60718,"low",FALSE,0.832076204523924,FALSE,"2026-10-07 17:17:00",32.4852921665723,29.5847078334277,29.56,30.96,"","","","","",18,"D","NONE",28,"D","NONE",83,"PASS"
"GEV","Industrials","Specialty Industrial Machinery","United States","Large","Good","Yes",1000,999.02,1005,1002.01,1008.9,1014.95,980.47,996.37,999.238,998.022,1029.21,-2.84,"-1.62","Very Weak","Uptrend","Mixed trend","Hold","-","Neutral",993.9918,1000,0.432241539894442,"","Low reward High risk zone"," + Breakout Signal: above upper bollinger band limit + ","Very Strong",993.12,"941.94-995.26"," + Breakout Signal: above upper bollinger band limit + ",NA,"992.51-1007.26","Neutral","Neutral","673.43-1320.75","674.89-946.71","False",4.9,34.88,"medium","expanding",FALSE,0.242647352180692,0.60445166650268,0.206425235986126,0.477771804932453,0.516655609834548,992.95066808097,988.626630958883,TRUE,"Breakout",12,837.95,2,10,0.713478646829076,995.913,967.673,NA,NA,77.4007399858852,59.4692566099818,90.8458440131821,100,5.69702887535185,9.32059518657745,100,0.519971153088785,997.58643,995.6907675,1000.91893593972,993.82818406028,FALSE,FALSE,1025.38809097337,879.140909026627,10,0,1.04742505826497,38.6200464705941,FALSE,FALSE,51.2554615590669,56.7024797624331,-8.25532509176926,-6.46523015731559,7.59228685809243,4.84206763122477,4.75615137315879,4.90273437910972,0.848589056336602,-3.12084025611877,0.848589056336602,4.90273437910973,4.75615137315879,4.84206763122477,16.6352379288856,FALSE,999.208,997.37356,"medium",FALSE,3.31851373353333,FALSE,"2026-10-07 18:09:00",1025.38809097337,879.140909026627,980.47,1014.95,"","","","","",79,"A","TREND_CONFIRMED",46,"C","NONE",75,"AVOID"
"GIPR","NA","NA","NA","ETF",NA,"No",0.475,0.48,0.48,0.48,0.5135,0.6923,0.45,0.49,0.481,0.492,0.381,24.67,"35.47","-","Downtrend","Uptrend","","Oversold","Neutral",0.475,0.51,7.54578754578755,"","Excellent reward to risk ratio zone"," + Breakdown Signal: below lower bollinger band limit + ","Very Strong",0.46,"0.23-0.48"," + Breakdown Signal: below lower bollinger band limit + ",NA,"0.43-0.52","Neutral","Neutral","-0.56-1.55","0.23-2.45","True",14.46,NA,"medium","normal",FALSE,-4.15657788539145,-4.61847389558233,-5.95921599683231,-6.86274509803922,-1.04166666666667,0.470193011839761,0.446903931696227,TRUE,"MeanReversion",5,0.21,10,-1,8.09756366078626,0.441,0.46,NA,NA,15.2327585292069,24.208670627301,2.48226950354607,0,-11.518255844497,-7.44680851063828,0,0.00713813701185388,0.504108,0.501936666666667,0.51423044214392,0.47570955785608,FALSE,FALSE,0.661919653140296,0.257650346859704,0,10,0.00480698816023926,0.155225401175557,FALSE,TRUE,72.4686510518976,50.7304830441663,8.18325225457861,-61.40625,-7.14285714285715,20.5171993169066,-6.45711039575838,23.8095238095238,12.2727272727273,29.7950604308986,12.2727272727273,23.8095238095238,-6.45711039575838,20.5171993169066,156.906175833998,FALSE,0.48226,0.49497,"medium",FALSE,0.770114574965731,TRUE,"2026-10-07 18:30:00",0.661919653140296,0.257650346859704,0.45,0.69,"","","","","",2,"D","NONE",50,"C","EARLY_REVERSAL",83,"PASS"
"GLD","NA","NA","NA","ETF",NA,"No",376.0425,376.02,376.23,376.12,374.97,378.25,374.23,376.69,376.109,376.307,382.27,-1.63,"-1.91","-","Mixed trend","Mixed trend","Hold","-","Neutral",376.0379,377.1,16.8303030303033,"","Excellent reward to risk ratio zone"," + Breakdown Signal: below lower bollinger band limit + ","Very Strong",375.94,"370.3-376.82"," + Breakdown Signal: below lower bollinger band limit + ",NA,"374.43-377.65","Neutral","Neutral","310.88-440.88","335.99-404.13","False",3.14,NA,"high","normal",FALSE,-0.0126565416106376,-0.0392089103910204,-0.230822803701125,-0.0949787460148669,-0.113554864929479,375.926262523506,375.447460347195,FALSE,"",3,364.54,7,-1,0.343713930605276,379.907,388.358,NA,NA,23.641244776537,37.2609858280373,11.2319387806524,0.694759099839745,-0.559576998529141,-13.8649750792896,0,0.0527728434545006,376.595042,376.446084166667,377.006222118575,375.714837881425,FALSE,FALSE,406.337365649287,372.868634350713,0,0,0.111638842134192,6.60397338761232,FALSE,FALSE,23.8710373709113,36.9122472805817,-4.41905426803473,1.00228402525864,-12.1919312262013,-6.81046237758771,-4.32702097332519,-1.30238420333998,-1.12063976429736,-1.67159337640934,-1.12063976429736,-1.30238420333998,-4.32702097332519,-6.81046237758771,8.97601144619022,FALSE,376.12736,376.36053,"medium",FALSE,0.134416670986798,FALSE,"2026-10-07 18:44:00",406.337365649287,372.868634350713,374.23,378.25,"","","","","",9,"D","NONE",6,"D","NONE",78,"PASS"
"GMHS","Communication Services","Electronic Gaming & Multimedia","China","Nano","Moderate","No",0.5806,0.58,0.6,0.59,0.6291,0.6491,0.5638,0.6,0.59,0.605,0.6,-3.23,"0.43","-","Mixed trend","Mixed trend","Hold","-","Neutral",0.5753,0.63,3.47686116700201,"","Excellent reward to risk ratio zone"," + ","Strong",0.54,"0.48-0.6"," + ","Upwards Momentum Signal","0.56-0.64","Higher","Neutral","0.29-0.93","0.28-0.78","True",6.42,0.08,"medium","normal",FALSE,-5.36267318663407,-6.20355411954766,-5.36267318663407,-8.33596463530154,3.67857142857142,0.560961451059311,0.482610486665256,FALSE,"",8,0.55,6,1,11.9056459250777,0.623,0.688,NA,NA,9.79351650004793,40.5569199109721,9.56733698964043,9.68921389396705,-20.1503148486695,0.182815356489925,100,0.0181388257613337,0.602982,0.606466666666667,0.644356559429377,0.575803440570623,FALSE,FALSE,0.815955729163129,0.58850427083687,10,10,0.0144706440378312,0.0531180498573814,FALSE,TRUE,33.4834820180153,31.7810978991709,3.53976677682439,-32.9801179812104,-8.97626112759644,-22.3417721518987,-18.1345076060849,-10.4379562043796,0.540806293018696,2.21592802399202,0.540806293018692,-10.4379562043796,-18.1345076060849,-22.3417721518987,38.6490752229914,FALSE,0.59378,0.61008,"high",TRUE,5.63665989839251,TRUE,"2026-10-07 18:10:00",0.815955729163129,0.58850427083687,0.56,0.65,"","","","","",2,"D","NONE",12,"D","NONE",70,"AVOID"
"GOOG","Communication Services","Internet Content & Information","United States","Large","Good","Yes",347.2031,347.2,347.21,347.2,343.68,347.61,340.28,344.28,347.244,347.18,344.59,0.76,"-0.31","Moderate","Mixed trend","Mixed trend","Hold","-","Neutral",347,347.35,0.580597633408537,"","Low reward High risk zone"," + Breakout Signal: above upper bollinger band limit + ","Very Strong",346.78,"341.21-346.89"," + Breakout Signal: above upper bollinger band limit + ",NA,"346.76-347.73","Neutral","Neutral","320.97-366.56","275.51-317.97","False",2.5,19.93,"low","normal",FALSE,-0.0266919438703202,0.0268214686986813,0.058530259365996,0.119034471264048,-0.055239712718944,346.888458014294,346.333474320902,TRUE,"Breakout",7,319.15,5,4,0.110030247764737,343.725,341.281,NA,NA,40.8883098572027,52.3404851785537,74.5809523809467,58.0285714285694,-0.720634920636238,-39.1142857142742,2.06666666667796,0.083857152348459,347.044786,347.030045,347.372707480383,346.990912519617,FALSE,FALSE,351.171461221518,331.035538778482,0,10,0.111607271519554,8.19511680161547,FALSE,FALSE,80.8895850634972,55.9373611156342,2.33969358631468,-2.72472696723607,1.23863371415248,5.7829344052622,3.69872828228551,1.94576509948935,2.06258263552225,0.806755854783955,2.06258263552226,1.94576509948934,3.6987282822855,5.78293440526221,6.082707167133,FALSE,347.25862,347.18181,"low",FALSE,-0.630071212756723,FALSE,"2026-10-07 18:33:00",351.171461221518,331.035538778482,340.28,347.61,"","","","","",40,"C","NONE",60,"B","NONE",80,"PASS"
"GOOGL","Communication Services","Internet Content & Information","United States","Large","Good","Yes",350.2,350.25,350.4,350.32,346.715,350.8,343.0658,347.36,350.245,350.273,347.68,0.72,"-0.32","Moderate","Mixed trend","Mixed trend","Hold","-","Neutral",350.1901,350.48,0.600615114235502,"","Low reward High risk zone"," + Breakdown Signal: below lower bollinger band limit + ","Very Strong",349.96,"345.46-350.12"," + Breakdown Signal: below lower bollinger band limit + ",NA,"349.79-350.68","Neutral","Neutral","325.26-367.45","275.97-319.88","False",2.53,19.93,"low","normal",FALSE,0,-0.0228388717597305,-0.0142755174875122,-0.0017132773282093,-0.0713368526180625,350.115640424063,349.761107347638,FALSE,"",5,321.49,6,-1,0.0986927725238366,346.825,344.503,NA,NA,36.0093094882063,44.808468950569,32.5556256918527,4.30622009569993,9.26457364331534,-30.4480208786342,0,0.0683147275769059,350.266684,350.214758333333,350.476877154995,350.131322845005,FALSE,FALSE,355.214872863864,333.744127136136,0,10,0.0744616809355362,8.40369856057561,FALSE,FALSE,81.1158643370583,55.7512450701799,2.31791712616764,-2.44377644177243,1.08438599527023,6.00332678058371,3.75040700944262,1.86584515229017,2.03784570596798,0.81109065807639,2.03784570596797,1.86584515229018,3.75040700944262,6.00332678058371,6.43329544461753,FALSE,350.25202,350.3041,"low",FALSE,-0.816930415920242,FALSE,"2026-10-07 18:33:00",355.214872863864,333.744127136136,343.07,350.8,"","","","","",9,"D","NONE",60,"B","NONE",75,"PASS"
"GPI","Consumer Cyclical","Auto & Truck Dealerships","United States","Mid","Good","No",232.61,222.78,233,227.89,234.5,236.28,229.91,232.49,232.597,232.558,236.96,-1.84,"-","-","Mixed trend","Mixed trend","Hold","-","Neutral",231.69,232.97,20.8925925925925,"","Excellent reward to risk ratio zone"," + Positive News + ","Strong",231.36,"218.33-231.78"," + Positive News + ",NA,"231.42-233.8","Neutral","Neutral","111.99-353.23","166.58-314.21","False",3.79,23.93,"low","normal",FALSE,0.0473118279569951,0.0537669096930985,-0.0322324172164036,-0.182376037934209,0.98549969610142,231.422707397926,230.258473316357,FALSE,"",4,223.71,2,-1,0.426323613856292,239.692,251.504,NA,NA,54.7126172801622,51.0172866122633,65.4425424628461,54.1401273885367,-0.755263623495681,-17.7348726114645,52.0958083832378,0.0614817046088114,232.707366,232.226306666667,232.938427899052,231.949572100948,FALSE,FALSE,284.143026956911,223.497973043089,2.27402265256064,0,0.268353973707725,10.9276469227556,FALSE,FALSE,19.7542704419949,35.9258785950857,-1.8647130958248,-22.0919717319222,-11.9801717939986,-19.1540386486862,-6.01995878954385,-3.25652969555814,-6.89641370477105,-1.83575286968264,-6.89641370477105,-3.25652969555814,-6.01995878954384,-19.1540386486862,27.1344983975001,FALSE,232.596,232.444,"high",FALSE,-4.01758659470506,FALSE,"2026-10-07 16:02:00",284.143026956911,223.497973043089,229.91,236.28,"","News Alert","","Strong fundamentals, below 50/200-day averages","",41,"C","EARLY_REVERSAL",2,"D","NONE",70,"PASS"
"GRAB","Technology","Software - Application","Singapore","ETF",NA,"No",3.08,3.08,3.09,3.08,3.04,3.1,3,3.05,3.083,3.084,3.07,0.33,"-0.82","-","Mixed trend","Mixed trend","Hold","-","Neutral",3.08,3.09,0.529411764705882,"","Low reward High risk zone"," + ","Very Strong",3.07,"2.83-3.08"," + ",NA,"3.07-3.09","Higher","Neutral","2.13-4.03","2.13-3.34","False",3.86,NA,"medium","quiet",FALSE,0,-0.00324664783610165,0,0.653594771241831,0.325732899022809,3.07540709845618,3.04779789173406,FALSE,"",5,2.69,7,2,0.637317376455919,3.097,3.127,NA,NA,26.7906100906838,46.6995851828668,34.9999999999991,0,-8.88888888888908,-4.99999999999734,0,0.00510636857272984,3.08341,3.08343333333333,3.09377615391764,3.07418384608236,FALSE,FALSE,3.28176520434922,2.80123479565078,0,2.07023251803478,0.00459290154381743,0.123749851093733,FALSE,TRUE,41.1557844250443,44.7245509310823,0.655422081471443,-18.9473684210526,-13.9664804469274,1.31578947368421,-3.75,-0.96463022508038,0,0.325732899022809,0,-0.964630225080376,-3.75,1.3157894736842,17.1542353195279,FALSE,3.0858,3.08398,"medium",FALSE,-3.962821911227,FALSE,"2026-10-07 18:45:00",3.28176520434922,2.80123479565078,3,3.1,"","","","","",21,"D","NONE",13,"D","NONE",65,"PASS"
"GRDN","Healthcare","Medical Care Facilities","United States","Mid","Good","No",40.68,35,48.19,41.59,40.77,41.98,40.35,41.09,40.668,40.648,41.2,-1.26,"0.2","-","Mixed trend","Mixed trend","Hold","-","Neutral",40.35,40.74,11.953125,"","Excellent reward to risk ratio zone"," + ","Moderate",40.22,"36.92-40.93"," + ",NA,"39.95-41.41","Neutral","Neutral","28.56-52.8","27.77-38.41","False",3.6,1.03,"medium","normal",FALSE,-0.147275405007369,0.197044334975365,-0.232985898221947,-1.10611401482922,-1.47735529183822,40.281484631386,40.0092764734404,FALSE,"",8,38.29,5,5,1.05762267944873,41.27,41.88,NA,NA,58.4704094373813,51.3890237255372,78.9152298850569,79.3103448275854,0.23670055997629,0,93.8775510204079,0.0464219775535846,40.7456,40.9877291666667,40.8080391003271,40.3809608996729,FALSE,FALSE,47.6729514777305,38.6280485222695,9.18794806069945,0,0.0690757173535406,1.65205405218351,FALSE,FALSE,26.3716128932795,44.2932229433646,-2.32198048066945,2.54600453743382,9.06166219839143,-6.24567872781747,-5.96393897364771,-0.245218244237375,-4.01132609721567,-1.2621359223301,-4.01132609721567,-0.245218244237377,-5.96393897364771,-6.24567872781747,23.4153763948145,FALSE,40.651,40.5945,"high",FALSE,0.624285459956614,FALSE,"2026-10-07 16:02:00",47.6729514777305,38.6280485222695,40.35,41.98,"","","","","",31,"D","NONE",14,"D","NONE",65,"AVOID"
"GSUN","Consumer Defensive","Education & Training Services","China","ETF",NA,"No",0.2194,0.22,0.22,0.22,0.2162,0.225,0.2124,0.22,0.22,0.22,0.21,4.48,"2.17","-","Mixed trend","Mixed trend","Hold","-","Neutral",0.2192,0.2253,11.3777777777778,"","Excellent reward to risk ratio zone"," + ","Strong",0.21,"0.15-0.22"," + ","Upwards Momentum Signal","0.21-0.23","Neutral","Neutral","-0.3-0.75","0.16-0.43","False",14.76,NA,"medium","normal",FALSE,0,0.045599635202926,-0.813743218806508,-0.768882858435088,-1.21566861773975,0.217777608981804,0.205112833884377,FALSE,"",6,0.14,3,1,2.95301848872151,0.22,0.237,NA,NA,41.0831015011204,47.3043954864536,2.74134790528236,1.66666666666694,-10.66029143898,0.0273224043720413,50.0000000000069,0.00255009803733143,0.22095,0.221066666666667,0.223150328930463,0.216749671069537,FALSE,FALSE,0.269177776833489,0.196612223166511,4.82522750976231,10,0.00142368882021992,0.0407546412137251,FALSE,TRUE,59.9866284277853,44.0410668864698,3.83473424746561,-31.5194130235402,-23.9904988123515,-6.89941812136326,-7.43801652892562,-5.04451038575667,3.22580645161291,6.51450309082264,3.2258064516129,-5.04451038575667,-7.43801652892562,-6.89941812136325,36.9079564323532,FALSE,0.22054,0.21995,"low",FALSE,1.87137664182148,FALSE,"2026-10-07 18:31:00",0.269177776833489,0.196612223166511,0.21,0.22,"","","","","",21,"D","NONE",12,"D","NONE",90,"PASS"
"HAFN","Industrials","Marine Shipping","Singapore","Mid","Good","No",10.2177,10.2,10.32,10.26,10.19,10.4799,10.13,10.36,10.311,10.335,10.13,0.87,"0.12","Very Weak","Mixed trend","Uptrend","Hold","-","Neutral",10.2177,10.4101,0.078072916666667,"","Low reward High risk zone"," + Breakdown Signal: below lower bollinger band limit + ","Very Strong",10.24,"8.83-10.43"," + Breakdown Signal: below lower bollinger band limit + ",NA,"10.13-10.42","Higher","Higher","9.65-14.06","5.76-8.12","False",3.48,1.29,"high","expanding",FALSE,-1.18278529980657,-1.13497822931785,-1.42112879884225,-1.98848920863309,-1.84726224783861,10.1899333172922,10.0832274383017,FALSE,"",4,8.42,7,0,1.45983106966971,10.147,9.557,NA,NA,13.7454887505376,30.3975769963026,36.6633366633366,0,-12.7788877788878,-9.99000999000984,0,0.0794607261482465,10.364654,10.4096633333333,10.4075180708389,10.2577719291611,FALSE,TRUE,10.5617624430566,8.71623755694337,0,5.64753702708214,0.0277666827077922,0.354264423454753,FALSE,FALSE,77.1535751750547,70.2757001041006,2.40640093920197,46.0277070964094,33.3591531112832,12.7729257641921,13.5164835164835,3.92354124748491,0.780487804878049,1.97433366238894,0.780487804878049,3.92354124748491,13.5164835164835,12.7729257641921,21.1734119688271,FALSE,10.33758,10.332645,"medium",FALSE,0.481711547989295,FALSE,"2026-10-07 18:06:00",10.5617624430566,8.71623755694337,10.13,10.48,"","","","","",9,"D","NONE",80,"A","TREND_CONFIRMED",66,"PASS"
"HBM","Basic Materials","Copper","Canada","Large","Good","No",26.36,25.55,26.9,26.23,26,26.17,25.7,25.97,25.918,25.892,26.95,-2.19,"-3.57","Very Weak","Uptrend","Mixed trend","Hold","-","Neutral",25.5,26.36,1.94308943089431,"","Good reward to risk ratio zone"," + Breakout Signal: above upper bollinger band limit + ","Very Strong",25.56,"20.26-25.94"," + Breakout Signal: above upper bollinger band limit + ",NA,"25.71-26.5","Lower","Neutral","16.5-35.24","18.13-23.44","False",6.46,1.69,"high","expanding",TRUE,1.91378310458148,1.32615798577743,1.48219441770933,1.42362447095037,1.32615798577743,25.3951289085132,24.9762722420951,FALSE,"",9,23.04,0,8,2.91174581263576,26.588,26.815,NA,NA,86.9902972170094,67.7817346001272,48.7544483985766,100,10.7383360650049,53.7366548042703,100,0.353334119496038,25.9472,25.9713591666667,26.2830716182385,25.5394283817615,TRUE,FALSE,27.835809786217,25.259190213783,10,0,0.10840792045455,1.25919068288902,TRUE,FALSE,20.6956547553486,43.8395809387539,-6.54318684871065,14.9777777777778,-15.9519168291098,-10.235947258848,-3.43411720791339,-3.0359820089955,-4.88970588235293,-4.00742115027829,-4.88970588235293,-3.0359820089955,-3.43411720791339,-10.235947258848,10.2007212053379,FALSE,25.797,25.91125,"low",FALSE,-4.55975030309851,FALSE,"2026-10-07 18:34:00",27.835809786217,25.259190213783,25.7,26.17,"","","","","",79,"A","TREND_CONFIRMED",10,"D","NONE",28,"AVOID"
"HCAI","NA","NA","NA","Nano",NA,"No",0.4948,0.49,0.5,0.5,0.5029,0.5029,0.4752,0.49,0.492,0.491,0.475,4.17,"6.41","Weak","Mixed trend","Mixed trend","Hold","-","Oversold",0.4839,0.5,89.7613365155131,"","Excellent reward to risk ratio zone"," + ","Moderate",0.47,"0.28-0.49"," + ","Breakdown Signal: below lower bollinger band limit","0.48-0.5","Lower","Neutral","-6.75-7.61","0.26-1.23","False",15.99,-39.17,"medium","normal",TRUE,2.23140495867769,2.23140495867769,-0.0807754442649346,1.78975519440445,-1.61065818254126,0.479902683834091,0.454967867574045,TRUE,"RSER",8,0.4,0,6,4.99809494199926,0.501,1.158,NA,NA,80.5872062422339,54.4620452329658,67.7018633540374,67.7018633540374,20.8419599723948,0,NA,0.00531290880780004,0.492548,0.490850833333333,0.502469211380446,0.478550788619554,FALSE,FALSE,2.054565570587,-0.475755570587,10,10,0.00408735697229086,0.220203742327965,FALSE,TRUE,47.7925478913842,14.2121209039042,1.25622997114446,-93.569587628866,-89.4947368421053,-88.1190476190476,-9.2232126614517,-6.64172123479887,-1.57790927021696,5.00841750841751,-1.57790927021696,-6.64172123479887,-9.2232126614517,-88.1190476190476,-531.853182097694,FALSE,0.49092,0.49051,"high",TRUE,-89.656840563789,FALSE,"2026-10-07 18:30:00",2.054565570587,-0.475755570587,0.48,0.5,"","","","","",42,"C","NONE",10,"D","NONE",57,"WATCH"
"HCI","Financial Services","Insurance - Property & Casualty","United States","Mid","Good","No",186.73,75.17,298.54,186.86,182.96,188.22,182.765,186.6,186.81,186.932,184.43,1.25,"-","-","Mixed trend","Uptrend","Hold","-","Neutral",186.55,187.36,0.279327561052501,"","Low reward High risk zone"," + ","Moderate",186.18,"174.87-186.6"," + ",NA,"184.47-188.99","Neutral","Neutral","157.76-215.7","148.46-168.94","False",3.23,23.2,"low","quiet",FALSE,0.0964888769766703,-0.172411488753168,-0.775811679685429,0.619678844703081,1.25806626538691,186.338714127314,185.154882178787,FALSE,"",4,168.78,5,4,0.419718530006052,184.083,182.45,NA,NA,36.6282775027748,44.8204578400144,32.0987654320964,22.2222222222195,-1.22633744855972,0,0,0.182400657892425,187.266486,185.69697,187.31057061698,186.52767938302,FALSE,FALSE,192.526819204628,172.398180795372,1.80852276089659,10,0.211489740052215,4.47695379687303,FALSE,TRUE,77.9866381321492,57.7007015021621,3.59378170246554,4.00467862314804,0.56007324034681,0.554658050619279,6.0243016125369,7.42722356460706,1.34599728629579,1.24708561513853,1.34599728629579,7.42722356460706,6.02430161253691,0.554658050619272,11.6756675252546,FALSE,186.867,186.919125,"medium",FALSE,-0.176939358234982,FALSE,"2026-10-07 16:02:00",192.526819204628,172.398180795372,182.76,188.22,"","","","","",17,"D","NONE",89,"A","TREND_CONFIRMED",80,"PASS"
"HD","Consumer Cyclical","Home Improvement Retail","United States","Large","Good","Yes",285.99,285.52,285.95,285.74,285,285.98,283.605,284.87,285.843,285.698,286.69,-0.24,"-0.83","Very Weak","Uptrend","Mixed trend","Hold","-","Neutral",285.51,286,3.12063805104408,"","Excellent reward to risk ratio zone"," + Breakout Signal: above upper bollinger band limit + ","Very Strong",285.2,"278.28-285.38"," + Breakout Signal: above upper bollinger band limit + ",NA,"285.56-287.5","Higher","Neutral","232.58-338.96","244.68-340","False",2.5,14.29,"medium","normal",FALSE,0.168120205947259,0.168120205947259,0.10676094299666,0.401973002861199,0.483108760957785,285.378983471693,284.645342669764,TRUE,"MomentumPullback",8,274.51,0,8,0.226130543093208,285.286,295.227,NA,NA,90.5286155222452,61.4575058526611,100,100,25.6138888888883,0,100,0.169308555606562,285.568442,285.162255,286.01995961208,285.37464038792,FALSE,FALSE,314.355648808119,275.817351191881,10,9.91831101925713,0.131236793564354,6.20341503885247,FALSE,FALSE,55.0574466815225,33.4102306996833,-0.687135823544196,-14.7642198824828,-14.7997972630512,-7.9497503623772,-3.69034780264224,0.449927941228153,1.03234930175003,-0.320904112455968,1.03234930175002,0.449927941228156,-3.69034780264224,-7.94975036237719,13.9723978385343,FALSE,285.80668,285.6973,"medium",FALSE,-1.4634934063808,FALSE,"2026-10-07 18:45:00",314.355648808119,275.817351191881,283.6,285.98,"","","","Strong fundamentals, below 50/200-day averages","",79,"A","TREND_CONFIRMED",9,"D","EARLY_REVERSAL",45,"AVOID"
"HL","Basic Materials","Other Precious Metals & Mining","United States","Large","Moderate","No",16.43,16.39,16.43,16.41,16.25,16.5651,16.17,16.46,16.42,16.41,17.1,-3.92,"-4.91","Weak","Uptrend","Mixed trend","Hold","-","Neutral",16.36,16.45,19.5909090909092,"","Excellent reward to risk ratio zone"," + ","Very Strong",16.34,"15.25-16.43"," + ",NA,"16.33-16.51","Neutral","Neutral","8.76-24.02","11.71-17.46","False",6.38,0.77,"medium","normal",FALSE,0.1829268292683,0.1829268292683,0.275865436258003,0.217758611224624,-0.182260024301343,16.3382441597438,16.2365640089156,TRUE,"RSER",6,15.33,2,8,0.556276172040593,16.898,17.846,NA,NA,68.5646655985721,54.879889337822,40.000000000001,60.0000000000014,0.53950617283994,0,100,0.0147505932100736,16.386804,16.4107208333333,16.4592311393993,16.3681788606007,FALSE,FALSE,20.0979602699417,15.9860397300583,10,0,0.021848927592294,0.850620271079875,FALSE,FALSE,14.3054492199656,36.1472952973204,-4.54557367154211,5.74193548387097,-21.6539196940727,-21.3908872901679,-10.2900930487137,-3.75807398708162,-4.70930232558139,-4.15204678362574,-4.70930232558139,-3.75807398708162,-10.2900930487137,-21.3908872901679,25.7219462062998,FALSE,16.4183,16.413705,"medium",FALSE,-3.97588380661345,FALSE,"2026-10-07 18:26:00",20.0979602699417,15.9860397300583,16.17,16.57,"","","","Strong fundamentals, below 50/200-day averages","",72,"A","TREND_CONFIRMED",10,"D","NONE",45,"AVOID"
"HNGE","Healthcare","Health Information Services","United States","Mid","Good","No",97.86,96.75,99,97.88,97.2,99.79,96.8396,98.55,97.772,97.569,98.35,-0.5,"-1.35","-","Uptrend","Mixed trend","Hold","-","Neutral",97.22,97.87,0.216069283226302,"","Low reward High risk zone"," + Breakout Signal: above upper bollinger band limit + ","Very Strong",97.03,"90.35-98.31"," + Breakout Signal: above upper bollinger band limit + ",NA,"96.31-101.02","Higher","Neutral","70.98-124.74","36.22-82.87","False",4.25,3.03,"medium","expanding",FALSE,0.194532609808537,0.441342502309343,0.328070535165053,-0.53867262933225,-0.43190940585748,97.086279233941,96.4239160827926,FALSE,"",8,83.73,1,8,0.775709832110899,97.661,94.94,NA,NA,80.048417177065,66.2570983732615,98.8129154795816,98.1481481481472,8.47074735963588,-0.142450142450215,97.9166666666656,0.15678010077766,97.555336,98.0907991666667,97.8780326419089,97.1246273580911,FALSE,FALSE,100.468871395451,88.6191286045487,5.08119091295259,0,0.134601050879762,3.87778584877754,FALSE,FALSE,57.8302197903554,60.6012392774324,-1.48658493570077,9.57339603627813,8.89061978413263,7.17336545832877,6.04681404421326,0.637597696421231,0.194532609808537,-0.49822064056939,0.194532609808529,0.637597696421222,6.04681404421326,7.17336545832876,13.371540634055,FALSE,97.751,97.50133,"low",FALSE,1.4085894450082,FALSE,"2026-10-07 16:01:00",100.468871395451,88.6191286045487,96.84,99.79,"","","","","",50,"C","NONE",83,"A","TREND_CONFIRMED",53,"AVOID"
"HOOD","Financial Services","Capital Markets","United States","Large","Moderate","No",109.55,109.47,109.58,109.53,108.44,110.18,107.51,109.1,109.524,109.511,112,-2.19,"-3.13","Moderate","Uptrend","Mixed trend","Hold","-","Neutral",109.45,109.55,2.20741784639036,"","Good reward to risk ratio zone"," + Breakout Signal: above upper bollinger band limit + ","Very Strong",109.29,"107.11-109.4"," + Breakout Signal: above upper bollinger band limit + ",NA,"109.43-109.6","Lower","Neutral","59.26-159.76","66.02-96.31","False",7.2,2.27,"low","quiet",FALSE,0.0781075143082882,0.0456621004566184,0.0547995250707848,0.0452052730352782,0.24707174231332,109.404292920529,109.169381879265,TRUE,"MomentumPullback",11,95.86,1,8,0.129543485475796,112.05,113.593,NA,NA,61.7892266383308,53.8804752723962,66.960352422912,100,-1.51321585902921,88.1057268722433,100,0.0349284984231881,109.501442,109.473029166667,109.578323964537,109.436556035463,FALSE,FALSE,125.544198873229,104.444801126771,9.99012778079728,0,0.0457488401650367,5.81051779200103,TRUE,FALSE,19.2403283725045,45.7195107077487,-3.02793676213995,-3.47289554869987,-2.30172183067178,-5.00520471894517,-10.7497962510187,-2.65777777777777,-2.86499911300336,-2.22321428571428,-2.86499911300336,-2.65777777777777,-10.7497962510187,-5.00520471894518,20.2014820449025,FALSE,109.532,109.50744,"low",FALSE,0.183507436721023,FALSE,"2026-10-07 18:44:00",125.544198873229,104.444801126771,107.51,110.18,"","","","","",72,"A","TREND_CONFIRMED",13,"D","NONE",70,"AVOID"
"HPE","Technology","Communication Equipment","United States","Large","Moderate","Yes",72.4277,72.41,72.83,72.62,70.11,73.28,69.79,71.87,72.566,72.502,70.48,2.76,"-0.29","Moderate","Mixed trend","Uptrend","Hold","-","Neutral",72.21,72.74,0.0691458454386983,"","Low reward High risk zone"," + ","Very Strong",72.12,"67.45-72.4"," + ","Upwards Momentum Signal","72.04-73.04","Higher","Higher","65.29-102.74","19.92-52.14","False",5.47,1.94,"high","normal",FALSE,-0.305987611837583,-0.0307798481711543,0.229304475381253,-0.028572059562399,-0.202962452635207,72.117726160531,71.6931232665903,FALSE,"",2,52.93,6,2,0.927606023583655,69.171,63.414,NA,NA,19.5342591139897,48.1512861359288,60.9314428117222,27.540603248261,-7.0762308834339,-38.4686774942008,0,0.118973244892014,72.36564,72.4446566666667,72.8010200173428,72.1319199826572,FALSE,FALSE,72.184516875185,52.893483124815,0,6.94539883588439,0.0925520282912226,3.59852432671699,FALSE,FALSE,89.3768173387734,71.5685649287861,1.89562684191915,45.8131067961165,35.2279122115926,22.7063829787234,15.6585913685224,12.834559398967,3.98096062310689,2.28433598183882,3.98096062310689,12.834559398967,15.6585913685224,22.7063829787234,36.4714755215649,FALSE,72.60056,72.46647,"high",FALSE,3.31446562773389,FALSE,"2026-10-07 18:45:00",72.184516875185,52.893483124815,69.79,73.28,"","","","","",22,"D","NONE",80,"A","TREND_CONFIRMED",78,"PASS"
"HTZ","Industrials","Rental & Leasing Services","United States","ETF",NA,"No",2.1001,2.1,2.11,2.1,2.05,2.24,1.95,2.11,2.105,2.103,2.06,1.95,"-1.13","-","Mixed trend","Uptrend","Hold","-","Neutral",2.09,2.12,0.386363636363637,"","Low reward High risk zone"," + ","Very Strong",2.08,"1.7-2.08"," + ",NA,"2.08-2.13","Higher","Neutral","1.49-2.47","0.96-4.44","True",7.01,NA,"medium","quiet",FALSE,0.00476190476189366,0.00476190476189366,0.468832225039459,0.966346153846144,1.20963855421685,2.08243920480233,2.0421219945894,FALSE,"",7,1.52,5,6,1.40094911068446,1.926,1.886,NA,NA,32.4582740828338,49.0889462012739,44.4444444444436,0.999999999997691,-3.2803389634258e-13,-64.6666666666693,0.999999999997691,0.0053965729866353,2.095044,2.08567583333333,2.11780472820572,2.08854527179428,FALSE,FALSE,2.11323343485604,1.58026656514396,0,9.05143628648808,0.0075973330117878,0.14770020929763,FALSE,FALSE,96.4732783084141,58.8158732934821,0.458695273449614,12.5,-7.17488789237669,0,18.9655172413793,23.9520958083832,17.6136363636364,0.485436893203873,17.6136363636364,23.9520958083832,18.9655172413793,0,33.7263903108348,FALSE,2.10596,2.103175,"medium",FALSE,-8.60938047649634,TRUE,"2026-10-07 18:48:00",2.11323343485604,1.58026656514396,1.95,2.24,"","","","","",62,"B","TREND_CONFIRMED",53,"C","NONE",70,"PASS"
"HUN","Basic Materials","Chemicals","United States","Small",NA,"No",8.8,8.57,8.8,8.69,8.71,8.8,8.57,8.65,8.687,8.66,8.77,0.34,"-0.3","Very Weak","Uptrend","Mixed trend","Hold","-","Neutral",8.61,8.8,1.93962264150943,"","Good reward to risk ratio zone"," + Breakout Signal + Positive News + ","Very Strong",8.6,"7.42-8.62"," + Breakout Signal + Positive News + ",NA,"8.53-9.07","Neutral","Neutral","4.33-12.93","6.31-10.25","False",5.22,-0.97,"high","expanding",TRUE,2.02898550724638,1.61662817551964,1.32412204951065,1.26582278481014,2.26612434631029,8.5861981856761,8.46958901823704,FALSE,"",9,7.83,0,8,1.79122494988525,8.68,8.919,NA,NA,98.4498349677318,79.0272814229721,54.7008547008558,100,16.2134162134163,66.6666666666647,100,0.0771848430716831,8.67366,8.65988833333333,8.73081830922111,8.57718169077889,TRUE,FALSE,9.5481066759714,8.2791933240286,10,0,0.024327057613279,0.336926452327788,TRUE,FALSE,42.1133351806445,39.8848599090061,-2.49177737073028,-26.864406779661,-8.58050847457626,-9.06217070600632,-5.16483516483515,2.73809523809524,1.1723329425557,-1.59635119726338,1.1723329425557,2.73809523809525,-5.16483516483516,-9.06217070600631,15.3265336643372,FALSE,8.662,8.654,"low",FALSE,-2.8694256998935,FALSE,"2026-10-07 17:20:00",9.5481066759714,8.2791933240286,8.57,8.8,"","News Alert","","","",59,"B","TREND_CONFIRMED",7,"D","EARLY_REVERSAL",20,"AVOID"
"HYG","NA","NA","NA","ETF",NA,"No",77.1,76.96,77.18,77.07,77,77.21,75.1535,77.1,77.119,77.141,77.27,-0.22,"-0.34","-","Mixed trend","Mixed trend","Hold","-","Neutral",77.08,77.19,0.656303972366144,"","Low reward High risk zone"," + Breakdown Signal: below lower bollinger band limit + ","Very Strong",77.1,"76.32-77.12"," + Breakdown Signal: below lower bollinger band limit + ",NA,"77.07-77.22","Higher","Neutral","75.41-78.95","73.63-77.53","False",0.4,NA,"high","quiet",FALSE,-0.110125024292295,-0.103653796320306,-0.0518537723619474,-0.0712850754973843,-0.110125024292295,77.0648887411982,77.0194500295756,FALSE,"",6,76.27,6,0,0.152219732222088,77.131,77.587,NA,NA,7.0089969224954,31.5059730794429,6.0606060606049,18.1818181818147,-18.1861471861481,18.1818181818147,39.9999999999943,0.0280278076202602,77.142144,77.1637316666667,77.2040355799126,77.0866944200874,FALSE,FALSE,78.8022431336787,76.5127568663213,8.62203026047752,10,0.0151151797303757,0.438020949953186,FALSE,FALSE,59.2309370324932,34.4005668340988,-1.62846303190567,-1.69405171315756,-2.46429925439149,-1.84407986773495,-0.733118971061084,0.403278262000783,0.351059680145638,-0.116474699107013,0.351059680145638,0.403278262000772,-0.733118971061086,-1.84407986773495,2.99229352218668,FALSE,77.12046,77.145365,"high",TRUE,-0.332787338690968,FALSE,"2026-10-07 18:38:00",78.8022431336787,76.5127568663213,75.15,77.21,"","","","","",9,"D","NONE",16,"D","EARLY_REVERSAL",73,"PASS"
"IBIT","NA","NA","NA","ETF",NA,"No",47.1,47.08,47.11,47.09,47.12,47.3485,46.8,47.22,47.094,47.098,48.49,-2.87,"-2.82","-","Mixed trend","Mixed trend","Hold","-","Neutral",47.0506,47.14,0.450413223140495,"","Low reward High risk zone"," + Breakout Signal + ","Very Strong",47.03,"46.17-47.19"," + Breakout Signal + ",NA,"46.89-47.31","Neutral","Neutral","32.77-60.79","36.03-41.17","False",4.04,NA,"medium","normal",FALSE,0.00424646481804417,-0.0848536274925735,0.0935056103366288,-0.169563374311145,-0.116636623899904,47.0338059028572,46.9607362671908,FALSE,"",7,41.69,1,7,0.196926326084067,47.814,46.618,NA,NA,66.3208154276038,50.6216797325833,16.6666666666706,33.3333333333373,-1.89743589743477,16.6666666666627,50.0000000000089,0.00836660026888966,47.09398,47.154975,47.1493334822755,47.0566665177245,FALSE,FALSE,50.7138038784687,42.3451961215313,10,0,0.0168117298275669,1.33853543014008,FALSE,FALSE,27.239327712659,57.5054307623415,-8.75650641184865,29.0595954073264,5.56797853309482,6.59291036351321,-1.39933166248956,-0.274609209970432,-1.08946155457783,-2.63971952979996,-1.08946155457783,-0.274609209970433,-1.39933166248956,6.59291036351322,19.762826774776,FALSE,47.088,47.103,"medium",FALSE,0.0736350456103203,FALSE,"2026-10-07 18:50:00",50.7138038784687,42.3451961215313,46.8,47.35,"","","","","",36,"D","NONE",49,"C","NONE",95,"PASS"
"IBM","Technology","Information Technology Services","United States","Large","Good","Yes",220.63,220.51,220.88,220.7,221.9,222.41,218.79,220.68,220.586,220.638,221.29,-0.3,"0.07","Weak","Mixed trend","Mixed trend","Hold","-","Neutral",220.4,220.9513,16.390052356021,"","Excellent reward to risk ratio zone"," + Breakout Signal + ","Very Strong",220.17,"211.83-220.49"," + Breakout Signal + ",NA,"219.79-221.38","Neutral","Neutral","171.57-269.45","182.84-255.2","False",3.52,11.25,"medium","expanding",FALSE,0.0735708343803423,-0.0815180471898948,-0.0113299041490135,-0.320773470678598,-0.561261212942592,220.228529270847,219.369715523771,TRUE,"MomentumPullback",9,210.57,4,6,0.350749048227672,221.699,227.083,NA,NA,58.5551034551994,49.2105527888598,21.5457188212412,34.5621181262731,-3.25403302125255,24.4399185336051,100,0.103440804332633,220.740742,221.227239166667,221.040644054889,220.268055945111,FALSE,FALSE,248.670075252482,211.372924747518,10,0,0.171649668661548,6.13022452750166,FALSE,FALSE,28.5042221410819,39.6353343653969,-0.743424199788393,2.31533036377133,-5.84141082027414,-8.09785779778278,-5.26293177521911,0.26372027463283,-0.956701401365431,-0.352478647928059,-0.956701401365434,0.263720274632839,-5.26293177521912,-8.09785779778278,17.6451882612281,FALSE,220.58,220.65435,"medium",FALSE,1.1889558569857,FALSE,"2026-10-07 18:50:00",248.670075252482,211.372924747518,218.79,222.41,"","","","Strong fundamentals, below 50/200-day averages","",24,"D","EARLY_REVERSAL",12,"D","NONE",65,"AVOID"
"IDCC","Technology","Software - Application","United States","Mid","Good","No",330.5,329,335,332,333.57,337.51,329.28,331.98,331.432,331.266,339.29,-2.59,"-0.29","Very Weak","Mixed trend","Mixed trend","Hold","-","Neutral",329.94,338,2.65581643543223,"","Good reward to risk ratio zone"," + ","Strong",328.76,"278.8-330.98"," + ",NA,"329.06-333.31","Higher","Neutral","236.99-424.61","258.43-310.85","False",4.17,8.56,"high","expanding",FALSE,-0.0725645522162451,0.12117540139351,-0.355734550088798,-0.0786068448421789,-0.523717794365522,328.928467570655,323.543103077279,FALSE,"",4,303.2,7,-1,1.05994264148726,334.322,332.526,NA,NA,34.4858623228701,45.7316003705798,27.6261373035567,6.94789081885859,-6.22338633091306,-18.6104218362283,0,1.42066181760308,331.122398,331.354416666667,332.994516016394,329.501983983606,FALSE,FALSE,348.219147562984,316.464852437016,0,0,1.01324928138047,10.885927026509,FALSE,FALSE,33.7228371856181,49.5135600919176,-6.18377580466129,24.6021432472644,-4.26578688429704,-2.51664996758412,1.30148522431481,1.45060876498912,-1.29203592635693,-2.5022841816735,-1.29203592635693,1.45060876498913,1.30148522431481,-2.51664996758413,10.0340669371136,FALSE,331.666,331.24825,"low",FALSE,-0.239099568859356,FALSE,"2026-10-07 17:08:00",348.219147562984,316.464852437016,329.28,337.51,"","","","","",21,"D","NONE",30,"D","NONE",80,"PASS"
"IEX","Industrials","Specialty Industrial Machinery","United States","Large","Good","Yes",232.91,232.2,233.67,232.94,234.01,236.51,232.82,233.9,232.956,233.218,236.28,-1.43,"-","-","Downtrend","Mixed trend","Hold","-","Neutral",232.82,233.73,0.479181369089626,"","Low reward High risk zone"," + Breakdown Signal: below lower bollinger band limit + ","Strong",232.58,"222.8-233.86"," + Breakdown Signal: below lower bollinger band limit + ",NA,"231.43-234.39","Neutral","Neutral","217.39-240.57","186.28-214.34","False",1.82,6.95,"medium","expanding",FALSE,-0.16716673810545,-0.316713032313293,-0.463685121476958,-0.372144751475748,-0.648381179883125,232.619557123666,231.655403438226,FALSE,"",4,215.4,9,-1,0.386663355660948,233.151,229.328,NA,NA,37.7952677497103,38.0287282216405,6.95970695970691,9.8901098901103,-4.75686131915343,-1.0989010989001,27.2727272727273,0.0979413089590845,233.68985,233.967113333333,233.659247368418,232.759252631582,FALSE,FALSE,237.077027645229,216.886972354771,2.97277234068976,0,0.200520360479631,4.68192279796059,FALSE,FALSE,47.5038132296863,57.6055346359441,-7.53937362519866,4.9002387064811,1.46815369870175,3.79696064887028,1.73407879793832,2.48613922379654,-0.0343362376067696,-1.42627391230743,-0.0343362376067691,2.48613922379655,1.73407879793832,3.79696064887027,9.30902168592793,FALSE,232.946,233.20925,"medium",FALSE,2.22467863615825,FALSE,"2026-10-07 16:03:00",237.077027645229,216.886972354771,232.82,236.51,"","","","","",9,"D","NONE",77,"A","TREND_CONFIRMED",93,"PASS"
"INSW","Energy","Oil & Gas Midstream","United States","Mid","Good","No",116.9,116.6,120,118.3,117.04,119.105,116.5,117.79,116.884,116.91,116.46,0.38,"0.2","-","Mixed trend","Uptrend","Hold","-","Neutral",116.5,117.05,0.174957118353345,"","Low reward High risk zone"," + Breakout Signal + ","Very Strong",116.32,"110.2-117.46"," + Breakout Signal + ",NA,"115.72-118.08","Neutral","Higher","110.36-154.38","69.11-95.82","False",3.18,15.64,"low","normal",FALSE,0.098471550284719,-0.118763830859795,-0.489465843796543,-0.768218666440305,-0.814525708467668,116.37404501316,115.823537993528,FALSE,"",8,97.84,4,3,0.464047137630897,115.404,109.103,NA,NA,56.6522166645194,47.1511042604769,73.4567901234558,74.0740740740743,0.41152263374506,9.25925925926127,55.5555555555661,0.0406201920264689,117.23599,117.434511666667,117.114929087621,116.573970912379,FALSE,FALSE,119.029981800146,99.473018199854,3.04799821531081,8.34977228421067,0.126387450314638,4.27081019047886,FALSE,FALSE,92.0907985221277,74.1471937826498,0.561943532648726,39.4300703469655,24.0479473851703,17.4450135583007,14.6920360925853,6.17396041401852,0.975736119506084,0.412158681092224,0.975736119506077,6.17396041401852,14.6920360925853,17.4450135583007,19.660571232492,FALSE,116.915,116.84445,"medium",FALSE,-0.390906749520166,FALSE,"2026-10-07 18:14:00",119.029981800146,99.473018199854,116.5,119.11,"","","","","",24,"D","EARLY_REVERSAL",77,"A","TREND_CONFIRMED",68,"PASS"
"INTC","Technology","Semiconductors","United States","Large",NA,"Yes",113.15,113.14,113.2,113.17,111.67,115.3,111.14,113.3,113.189,113.186,112.5,0.58,"-0.65","Good","Mixed trend","Mixed trend","Hold","-","Neutral",113.12,113.28,0.770029091182844,"","Moderate reward to risk ratio zone"," + ","Very Strong",112.97,"111.14-113.09"," + ",NA,"112.69-113.61","Neutral","Neutral","66.06-160.18","41.19-89.61","False",6.16,-2.12,"low","normal",FALSE,-0.0883002207505469,-0.0618265324147617,0.0353638051454392,0.0176787766286663,0.0530550888672759,113.085537999156,112.897257954063,FALSE,"",4,93.23,6,1,0.153434656330697,115.281,112.988,NA,NA,11.2488309932547,46.2789801476302,30.9333333333358,0,-11.3092592592579,-46.6666666666698,0,0.0269912578527041,113.110196,113.130756666667,113.274578097475,113.101041902525,FALSE,FALSE,132.339751568427,94.4602484315734,0,1.03033865244318,0.0344711403419078,5.87491914151952,FALSE,FALSE,23.8354810952521,52.6709064174107,0.682330808733006,4.97401633259094,29.3095564700503,6.47590361445784,-7.73246329526916,-5.91366547450719,-5.20405597921729,0.551111111111115,-5.20405597921729,-5.91366547450719,-7.73246329526916,6.47590361445785,40.1009988495773,FALSE,113.19584,113.18781,"medium",FALSE,-4.02952939837271,FALSE,"2026-10-07 18:38:00",132.339751568427,94.4602484315734,111.14,115.3,"","","","","",26,"D","NONE",45,"C","NONE",70,"PASS"
"IONQ","Technology","Computer Hardware","United States","Large",NA,"No",41.8506,41.76,41.88,41.82,42.19,42.38,40.76,41.74,41.836,41.759,43.29,-3.33,"-2.37","Moderate","Uptrend","Mixed trend","Hold","-","Neutral",41.6077,41.9276,1.03627760252366,"","Moderate reward to risk ratio zone"," + Breakout Signal: above upper bollinger band limit + ","Very Strong",41.57,"38.9-42.26"," + Breakout Signal: above upper bollinger band limit + ",NA,"41.14-42.56","Neutral","Neutral","26.81-56.71","23.61-38.52","False",8.49,-3.43,"medium","expanding",FALSE,0.145010768126348,0.409309021113244,0.626592930993019,1.01325583865144,1.23512336719883,41.5566202581529,41.3077776266733,TRUE,"Breakout",9,33.21,3,8,0.702389947732577,42.752,42.135,NA,NA,59.8792030730976,62.0448859472475,87.0967741935488,74.1263440860217,-2.3402909550919,-13.037634408603,39.655172413795,0.0431066120234674,41.662064,41.5112808333333,41.8841891919657,41.5920508080343,FALSE,FALSE,47.4129819071935,35.2280180928065,0,0,0.0513779383177819,2.62273636769255,FALSE,FALSE,13.1952169194317,48.0827077890914,-7.22421881734808,5.21761262407738,-1.68846611177169,8.39014158363923,-2.82087447108603,-5.74555403556771,-5.55174777244688,-4.50450450450449,-5.55174777244688,-5.7455540355677,-2.82087447108602,8.39014158363922,34.5888428417585,FALSE,41.832,41.73812,"low",FALSE,-0.594263812812663,FALSE,"2026-10-07 18:42:00",47.4129819071935,35.2280180928065,40.76,42.38,"","","","","",79,"A","TREND_CONFIRMED",27,"D","NONE",75,"PASS"
"IQV","Healthcare","Diagnostics & Research","United States","Large","Good","Yes",258.11,252,273.39,262.7,261.41,261.41,255.05,258.73,258.213,258.362,259.98,-0.72,"-0.11","-","Mixed trend","Mixed trend","Hold","-","Neutral",257.79,259.085,3.45698924731181,"","Excellent reward to risk ratio zone"," + ","Very Strong",257.44,"246.71-258.49"," + ",NA,"256.06-260.16","Neutral","Neutral","194.87-321.35","158.05-245.13","False",3.24,8.05,"medium","normal",FALSE,-0.262761312260909,-0.247342995169077,0.042635658914734,-0.15087040618955,-0.0812945184267496,257.573628616218,256.636663733039,FALSE,"",5,244.31,5,0,0.592097299846252,261.414,263.767,NA,NA,20.6865319222973,44.1599778711552,2.65333401012197,2.02020202020591,-12.735879146342,0,0,0.20152592887229,258.18043,258.386428333333,259.278397064961,257.752252935039,FALSE,FALSE,276.375983625268,256.047016374732,2.2697152416955,2.03551273336818,0.216639970006258,7.56422789728092,FALSE,FALSE,30.1650237574071,45.8831552900552,-1.75632615877765,24.1928499254198,-0.504972631254337,0.439722935637013,-3.63996117374748,-3.9947926352985,-0.0387281669958429,-0.719286098930689,-0.0387281669958384,-3.99479263529849,-3.63996117374747,0.43972293563701,7.93954467361739,FALSE,258.2048,258.515325,"low",FALSE,-0.246775627599408,FALSE,"2026-10-07 16:27:00",276.375983625268,256.047016374732,255.05,261.41,"","","","","",14,"D","NONE",29,"D","NONE",80,"PASS"
"IREN","Financial Services","Capital Markets","Australia","Large",NA,"No",39.07,39.06,39.07,39.06,40.26,40.5,38.34,39.45,39.067,39.04,41.28,-5.35,"-2.66","Moderate","Mixed trend","Downtrend","Hold","-","Neutral",38.9523,39.0829,30.5142857142862,"","Excellent reward to risk ratio zone"," + Breakout Signal: above upper bollinger band limit + ","Very Strong",38.9,"37.59-40.06"," + Breakout Signal: above upper bollinger band limit + ",NA,"38.88-39.26","Neutral","Neutral","12.19-65.19","25.25-36.02","False",9.75,-2.22,"medium","normal",FALSE,0.0176637286851317,0.153806716226614,-0.0498855191291798,0.380247674836862,0.566280566280563,38.925717972325,38.809775086702,TRUE,"RSER",6,34.57,1,7,0.363242801641017,40.469,42.247,NA,NA,55.5609205467686,60.6622757806068,86.8909256356597,86.1141011840669,-0.173989780044915,-10.7642626480065,61.6858237547963,0.0101266973965797,39.017246,38.9474883333333,39.0970616308076,38.9555583691924,FALSE,FALSE,48.5946856618754,37.8998143381246,3.75663544511458,0,0.0266623491106265,2.64809097464992,FALSE,FALSE,20.2048325981051,40.2788131181275,-5.90452449353623,0.259134490800711,-8.33925610045014,-14.7233854970245,-17.7683315621679,-5.35714285714287,-7.35153256704981,-6.27422480620156,-7.35153256704981,-5.35714285714287,-17.7683315621679,-14.7233854970245,28.2187960825775,FALSE,39.0699,39.02631,"low",FALSE,2.89328702872498,FALSE,"2026-10-07 18:39:00",48.5946856618754,37.8998143381246,38.34,40.5,"","","","","",49,"C","NONE",6,"D","NONE",95,"PASS"
"ITUB","Financial Services","Banks - Regional","Brazil","Large","Good","No",9.74,9.7,9.9,9.8,10.11,10.16,9.7,9.93,9.737,9.735,10.15,-4.04,"-0.47","Very Weak","Mixed trend","Mixed trend","Hold","-","Neutral",9.7,9.7584,0.252469813391877,"","Low reward High risk zone"," + Breakout Signal + ","Very Strong",9.68,"8.8-9.91"," + Breakout Signal + ",NA,"9.64-9.83","Neutral","Neutral","7.15-12.33","6.27-7.88","False",3.44,0.78,"medium","expanding",TRUE,0.308959835221415,0.257334019557389,-0.307062436028653,-0.814663951120164,-1.71643071210179,9.68203630680555,9.59106996088689,FALSE,"",10,7.68,3,4,0.601073927080278,9.462,8.661,NA,NA,53.447159387421,50.43085138758,66.8378995433796,68.4931506849323,-2.72070015220716,34.2465753424646,53.9083557951488,0.0156757774926833,9.75121,9.81227333333333,9.75491696648456,9.69663303351544,FALSE,FALSE,9.78794057470945,7.26825942529056,5.13953586688024,0,0.0180377702797867,0.353605111687333,TRUE,FALSE,66.0415671612579,70.1897432845713,-10.1077871497674,14.0381688326894,27.2370999346832,20.5893277206884,19.114589702825,14.2254016652985,13.3876600698487,-4.03940886699507,13.3876600698487,14.2254016652985,19.114589702825,20.5893277206884,34.6669126951005,FALSE,9.7431,9.725775,"high",FALSE,21.6408681331583,FALSE,"2026-10-07 16:52:00",9.78794057470945,7.26825942529056,9.7,10.16,"","","","","Undervalued",41,"C","EARLY_REVERSAL",68,"B","TREND_CONFIRMED",83,"PASS"
"ITW","Industrials","Specialty Industrial Machinery","United States","Large","Good","Yes",260.3515,260.78,261.62,261.2,265.32,266.73,260.82,262.19,260.878,261.205,267.14,-2.54,"-","-","Mixed trend","Mixed trend","Hold","Oversold","Neutral",260.3515,261.73,2.46520146520148,"","Good reward to risk ratio zone"," + Breakdown Signal: below lower bollinger band limit + ","Very Strong",260.4,"250.13-261.73"," + Breakdown Signal: below lower bollinger band limit + ",NA,"257.88-260.98","Lower","Neutral","219.6-302.7","224.43-260.67","False",2.23,11.03,"medium","expanding",FALSE,-0.30576297147233,-0.311488905481222,-0.482961603883578,-0.720141854789514,-0.708783036497461,260.147105733931,259.41370787795,FALSE,"",4,251.2,8,-1,0.462585810263367,263.609,266.704,NA,NA,6.10399096170451,20.9819132974846,16.8682795698907,0,-0.0207323785068354,-31.2499999999941,0,0.354959786462423,261.50493,261.806191666667,261.869221017509,260.663428982491,FALSE,TRUE,273.962413198198,258.348586801802,0,0,0.204394266068521,5.36305139668305,FALSE,FALSE,34.3255580912396,40.9656085539355,-7.01105113171776,-3.46726795549477,-6.67881646655231,-0.434633421022549,-3.86880659648091,1.50419776119403,-0.673208580556838,-2.24226997080183,-0.673208580556839,1.50419776119404,-3.86880659648091,-0.434633421022546,6.04370497616633,FALSE,260.9823,261.266325,"low",FALSE,0.114747738252402,FALSE,"2026-10-07 17:20:00",273.962413198198,258.348586801802,260.82,266.73,"","","","Strong fundamentals, below 50/200-day averages","",9,"D","NONE",11,"D","EARLY_REVERSAL",78,"PASS"
"IVV","NA","NA","NA","ETF",NA,"No",780.7,780.81,780.9,780.86,779.11,781.37,777,779.73,780.521,780.56,782.54,-0.24,"-0.44","-","Mixed trend","Mixed trend","Hold","-","Neutral",780,781.03,0.150541271989172,"","Low reward High risk zone"," + Breakout Signal: above upper bollinger band limit + ","Very Strong",779.98,"769.47-779.79"," + Breakout Signal: above upper bollinger band limit + ",NA,"780.22-780.96","Lower","Neutral","723.92-837.24","634.87-744.58","False",1.39,NA,"medium","expanding",FALSE,0.0410056639073336,-0.020490228722174,0.0474158368895217,-0.00384255760633929,-0.0339323785316866,779.789429467008,778.948396029389,FALSE,"",5,744.62,1,-1,0.124116295368585,777.475,771.535,NA,NA,66.3112526754908,52.8241807684799,47.186666666668,70.0000000000045,12.5738820301783,-1.55999999999494,97.8200111794369,0.307667794869349,780.565518,780.731449166667,781.123429822852,780.155130177148,FALSE,FALSE,784.265809683015,754.266190316985,9.38355843942313,2.43408812492938,0.210759506547477,6.69544437027467,FALSE,FALSE,72.7805703742257,60.4340646053705,-2.29222992851437,3.6709432358488,1.71748762053689,2.18486954928066,1.21497387222676,1.92335313703728,0.967533307463461,-0.250466429831053,0.967533307463464,1.92335313703729,1.21497387222675,2.18486954928065,3.97732521371824,FALSE,780.41712,780.63928,"medium",FALSE,0.854279106751171,FALSE,"2026-10-07 18:35:00",784.265809683015,754.266190316985,777,781.37,"","","","","",36,"D","NONE",77,"A","TREND_CONFIRMED",70,"AVOID"
"IWB","NA","NA","NA","ETF",NA,"No",424.19,423.62,425.15,424.38,423.59,424.6,422.3029,423.71,424.212,424.207,425.66,-0.35,"-0.4","-","Mixed trend","Mixed trend","Hold","-","Neutral",423.99,424.37,0.185497360730536,"","Low reward High risk zone"," + Breakdown Signal: below lower bollinger band limit + ","Very Strong",423.94,"419.77-423.91"," + Breakdown Signal: below lower bollinger band limit + ",NA,"423.24-425.14","Neutral","Neutral","392.71-455.67","347.09-405.28","False",1.34,NA,"medium","expanding",FALSE,-0.0353490125842431,-0.0117857816330406,-0.0153209744139722,-0.0523783123156464,-0.034100440053571,423.905646968335,423.559208596037,TRUE,"Thrust",8,405.36,8,3,0.1001899271617,422.668,419.647,NA,NA,43.1154163617788,49.0683303729832,44.0972222222186,45.4545454545408,-15.9315565565551,24.2424242424206,30.7692307692257,0.0921954445463981,424.202966,424.290998333333,424.39415230535,423.96937769465,FALSE,FALSE,426.234751949438,410.540248050562,3.15390417420329,1.40088328837737,0.0843928217689431,3.6761661849182,FALSE,FALSE,68.5413257357888,59.1958984012494,-3.02771890444281,3.33999220424868,1.33298296743986,1.93934441987888,1.15416716346726,1.93689472039988,0.947145474881611,-0.345346050838704,0.947145474881617,1.93689472039988,1.15416716346726,1.93934441987889,3.8228904409253,FALSE,424.24,424.181765,"medium",FALSE,0.851812104520913,FALSE,"2026-10-07 16:00:00",426.234751949438,410.540248050562,422.3,424.6,"","","","","",17,"D","NONE",77,"A","TREND_CONFIRMED",95,"PASS"
"IWM","NA","NA","NA","ETF",NA,"No",277.7,277.7,277.73,277.72,278.25,279.04,276.945,278.5,277.686,277.711,281.34,-1.29,"-1.04","-","Mixed trend","Mixed trend","Hold","-","Neutral",277.61,277.87,5.7688888888889,"","Excellent reward to risk ratio zone"," + Breakdown Signal: below lower bollinger band limit + ","Very Strong",277.56,"275.88-278.19"," + Breakdown Signal: below lower bollinger band limit + ",NA,"277.62-277.81","Neutral","Neutral","251.3-304.1","245.58-271.76","False",1.84,NA,"low","quiet",FALSE,-0.00360087861437863,-0.00720149791157952,0.00720253529241638,0,0.0540443163393901,277.57638103298,277.472113371138,TRUE,"MomentumPullback",10,271.46,5,5,0.0781812570321632,280.117,283.487,NA,NA,62.6405480006484,48.0674419512533,40.3508771929761,47.368421052619,10.4575163398699,15.7894736841964,100,0.0254950975128638,277.714912,277.703346666667,277.845501705378,277.628448294622,FALSE,FALSE,289.444471652137,276.461528347863,10,0,0.0336298661480385,3.71816506692619,FALSE,FALSE,25.1800443626005,35.4043793679462,-5.49844484342989,-5.4606114250698,-6.95258837326185,-4.20173865047606,-1.49687854710557,-0.0683723775594652,-1.35691957942597,-1.29380820359707,-1.35691957942597,-0.0683723775594669,-1.49687854710557,-4.20173865047606,4.69611210712009,FALSE,277.67,277.736975,"low",TRUE,-2.02795575822248,FALSE,"2026-10-07 18:42:00",289.444471652137,276.461528347863,276.94,279.04,"","","","","",22,"D","NONE",0,"D","NONE",45,"AVOID"
"IWR","NA","NA","NA","ETF",NA,"No",108.47,108.14,108.86,108.5,108.83,109.09,108.1145,108.49,108.464,108.487,109.68,-1.1,"-0.23","-","Mixed trend","Mixed trend","Hold","-","Neutral",108.43,108.555,0.752358490566036,"","Moderate reward to risk ratio zone"," + Breakdown Signal: below lower bollinger band limit + ","Very Strong",108.4,"107.16-108.5"," + Breakdown Signal: below lower bollinger band limit + ",NA,"108.23-108.5","Lower","Neutral","100.38-116.56","96.35-105.28","False",1.39,NA,"medium","expanding",FALSE,-0.0184348787906683,-0.0506795669200708,-0.133499056299771,-0.202410525347317,-0.12890157444066,108.404539793785,108.296020671159,FALSE,"",7,105.09,4,3,0.138688637901278,108.631,108.787,NA,NA,60.4810266837038,43.9003652571032,29.9999999999934,39.9999999999943,-1.00966183574782,0,74.9999999999911,0.0122474487147613,108.553866,108.601023333333,108.560326158035,108.409973841965,FALSE,FALSE,109.953674427738,106.851325572262,6.59868359898642,0,0.0254695985255416,1.09473244259831,FALSE,FALSE,45.1854892797569,46.5796416341977,-6.895424094162,-0.913492280990226,-3.66785079928952,-1.04005109022899,0.138478581979326,1.64932995970388,0.175471001108236,-1.10320933625092,0.175471001108241,1.64932995970388,0.138478581979329,-1.040051090229,2.90342570750513,FALSE,108.46,108.48515,"low",FALSE,-1.29414634535707,FALSE,"2026-10-07 16:00:00",109.953674427738,106.851325572262,108.11,109.09,"","","","","",9,"D","NONE",25,"D","EARLY_REVERSAL",60,"WATCH"
"JFLI","NA","NA","NA","ETF",NA,"No",53.0499,26.48,79.42,52.95,53.1,53.1,52.9,52.96,52.985,53.054,53.255,-0.39,"-0.25","-","Mixed trend","Mixed trend","Hold","-","Neutral",52.9,53.27,0.587091654543046,"","Low reward High risk zone"," + Breakout Signal + Positive News + ","None",52.87,"52.85-52.98"," + Breakout Signal + Positive News + ",NA,"52.83-53.09","Lower","Neutral","50-56.02","47.78-51.97","False",0.98,NA,"medium","normal",TRUE,0.283364839319475,0.0752688172043066,-0.394479909876074,-0.394479909876074,NA,52.8665204749279,52.9816349049133,TRUE,"MomentumPullback",9,51.82,2,7,1.20425614314795,52.984,52.98,NA,NA,89.9904513511463,45.477061213513,26.7207207207209,40.5135135135137,8.75675675675673,15.7297297297294,100,0.062722380375833,NA,NA,53.4005938772378,52.7651661227622,FALSE,FALSE,53.4040071505191,52.3871028494809,10,2.56782089195755,0.0335743942745349,0.323910216591932,FALSE,FALSE,52.4277259037428,50.0090944101583,-4.47987070151822,0.390340909090921,-1.29217877094972,-0.68184373243394,0.124858330185126,0.561752988047814,0.390340909090921,-0.467373955497135,0.390340909090914,0.561752988047814,0.124858330185118,-0.68184373243394,1.94113483228876,FALSE,52.96032,53.08288,"low",FALSE,-0.651922354263451,FALSE,"2026-10-07 15:10:00",53.4040071505191,52.3871028494809,52.9,53.1,"","News Alert","","","",31,"D","EARLY_REVERSAL",36,"D","NONE",60,"AVOID"
"JFLX","NA","NA","NA","ETF",NA,"No",48.87,46.82,50.92,48.87,48.81,49.04,48.75,48.84,48.867,48.866,48.87,0,"-0.05","-","Mixed trend","Mixed trend","Hold","-","Neutral",48.86,48.875,1.05660377358492,"","Moderate reward to risk ratio zone"," + Breakout Signal: above upper bollinger band limit + Positive News + ","Strong",48.86,"48.57-48.85"," + Breakout Signal: above upper bollinger band limit + Positive News + ",NA,"48.81-48.92","Neutral","Neutral","48.02-49.72","47.66-49.15","True",0.24,NA,"low","quiet",FALSE,0.0102322725877324,0.0204666393778101,0.0102322725877324,0.0921658986175004,0.246153846153841,48.8549957345275,48.8305996462509,TRUE,"MomentumPullback",8,48.5,0,7,0.0290621510687568,48.825,48.991,NA,NA,70.5449550230709,54.0627858399983,44.4444444444497,66.6666666666509,3.77777777777672,33.3333333333018,100,0.00415956728518283,48.864236,48.8405608333333,48.8734197701971,48.8592202298029,FALSE,FALSE,49.4319273554614,48.5618726445386,10,10,0.00500528967748496,0.153570885343996,FALSE,FALSE,74.9715577261979,38.2145723221203,0,-1.33252574197457,-1.6304347826087,-1.19288313788921,-0.468431771894102,0.349075975359332,0.246153846153841,0,0.246153846153851,0.349075975359336,-0.468431771894107,-1.19288313788921,1.79164159770252,FALSE,48.86598,48.86632,"high",TRUE,-0.424136879943057,TRUE,"2026-10-07 16:00:00",49.4319273554614,48.5618726445386,48.75,49.04,"","News Alert","","","",72,"A","TREND_CONFIRMED",16,"D","EARLY_REVERSAL",55,"AVOID"
"JNJ","Healthcare","Drug Manufacturers - General","United States","Large","Good","Yes",258.2542,257.5,260.19,258.85,256.21,260.68,255.73,259.34,258.307,258.448,254.78,1.36,"0.52","Very Weak","Mixed trend","Mixed trend","Hold","-","Neutral",258,258.976,2.30494505494506,"","Good reward to risk ratio zone"," + Breakdown Signal: below lower bollinger band limit + ","Very Strong",257.88,"248.06-259.48"," + Breakdown Signal: below lower bollinger band limit + ",NA,"256.88-259.58","Neutral","Neutral","216.03-302.52","223.73-246.26","False",1.78,8.63,"medium","expanding",FALSE,0.0985271317829557,-0.0138603894846857,-0.145304102385636,-0.414838236995318,-0.637066676926628,257.801176590552,256.899147189794,FALSE,"",8,249.13,3,3,0.36270020436306,257.855,263.67,NA,NA,41.7372081467445,44.2682346346447,31.0484939759046,31.7750000000028,-1.23303573074085,0.52500000000321,42.0000000002956,0.182897042063669,258.536056,259.073973333333,258.97616626382,258.04025373618,FALSE,FALSE,277.155194036535,253.622805963465,10,10,0.199019304450357,5.05249054197982,FALSE,FALSE,54.8776728810123,40.7938695027735,7.20910500717866,2.31591448931116,-5.3781943325767,-3.23124157555788,-3.98261321841217,-2.37591599304979,0.945201734171783,1.440458434728,0.945201734171786,-2.37591599304979,-3.98261321841217,-3.23124157555789,9.2784984314304,FALSE,258.33284,258.50821,"medium",TRUE,2.42695468909092,FALSE,"2026-10-07 18:13:00",277.155194036535,253.622805963465,255.73,260.68,"","","","","",16,"D","EARLY_REVERSAL",22,"D","NONE",95,"PASS"
"JOYY","Communication Services","Internet Content & Information","Singapore","Mid","Good","No",81.33,81.11,82,81.56,80.77,81.7,80.19,81.13,81.334,81.375,80.65,0.84,"-","-","Mixed trend","Uptrend","Hold","-","Neutral",81.23,81.57,0.0417607223476303,"","Low reward High risk zone"," + ","Strong",81.1,"77.06-81.18"," + ",NA,"80.82-81.85","Neutral","Higher","77.93-96.33","52.46-70.89","False",2.72,4.18,"medium","expanding",FALSE,-0.104403365473203,0.110782865583461,-0.257542310522453,0.0492065444704048,0.283600493218254,81.1465697521362,80.7309828056771,TRUE,"MomentumPullback",7,71.94,7,-1,0.46973264573327,80.496,78.35,NA,NA,48.1913960086411,45.8800127457931,43.0238095238068,39.9999999999977,1.08664021163903,-7.99999999999841,82.6086956521766,0.06240753159713,81.47556,81.3307541666667,81.5677795603537,81.1864204396464,FALSE,FALSE,82.3221279940288,74.2388720059712,0,10,0.0835329565278764,1.76881742067032,FALSE,FALSE,81.7653838202599,72.5429107173718,2.20567581893776,18.9556823168056,10.5628058727569,12.4896265560166,3.15829528158295,1.34579439252336,2.70236140926885,0.843149411035329,2.70236140926885,1.34579439252336,3.15829528158296,12.4896265560166,10.8881718830635,FALSE,81.3362,81.3771,"medium",FALSE,-2.51399321350019,FALSE,"2026-10-07 16:00:00",82.3221279940288,74.2388720059712,80.19,81.7,"","","","","",25,"D","NONE",80,"A","TREND_CONFIRMED",33,"AVOID"
"JPM","Financial Services","Banks - Diversified","United States","Large","Good","Yes",329.919,329.58,330,329.79,327.2,329.8699,325.07,328.29,329.784,329.713,331.28,-0.41,"-1.35","Very Weak","Mixed trend","Mixed trend","Hold","-","Neutral",329.4173,329.99,5.38086303939964,"","Excellent reward to risk ratio zone"," + Breakout Signal: above upper bollinger band limit + ","Very Strong",329.13,"319.84-329.23"," + Breakout Signal: above upper bollinger band limit + ",NA,"328.9-330.73","Lower","Neutral","288.66-370.5","288.58-336.36","False",2.39,23.34,"medium","normal",FALSE,0.02698359761089,0.0360824742267954,0.152998497336175,0.197102681689799,0.261046617638115,329.230944371317,328.274450225237,TRUE,"MomentumPullback",8,319.03,1,7,0.198516412532353,331.005,338.375,NA,NA,66.532667032658,55.6418525223256,52.344691922072,86.4839139539265,-3.91257490031291,51.2088330477817,100,0.166166849872645,329.628662,329.262915,330.01374674206,329.35991325794,FALSE,FALSE,357.628618061023,322.577381938977,10,0,0.186639446863724,5.98637567307088,FALSE,FALSE,24.8754446775635,33.8143526028595,-1.65048907984355,-3.40279609601689,-7.13963710131862,-6.62133446663834,-1.86690486824476,0.118472614599467,-0.347715659299136,-0.513161072204778,-0.347715659299141,0.118472614599474,-1.86690486824477,-6.62133446663834,10.8659931181031,FALSE,329.74838,329.68683,"medium",FALSE,-0.104193878052845,FALSE,"2026-10-07 18:41:00",357.628618061023,322.577381938977,325.07,329.87,"","","","","",79,"A","TREND_CONFIRMED",11,"D","EARLY_REVERSAL",55,"AVOID"
"KEX","Industrials","Marine Shipping","United States","Mid","Good","No",137.36,136.83,137.92,137.38,137.36,138.67,135.47,136.8,137.354,137.251,138.5,-0.82,"-0.29","-","Mixed trend","Mixed trend","Hold","-","Neutral",136.63,137.495,0.390661095083109,"","Low reward High risk zone"," + ","Very Strong",136.69,"130.27-136.68"," + ",NA,"136.32-138.4","Neutral","Neutral","109.96-164.76","108.05-131.72","False",2.17,6.51,"low","expanding",FALSE,0.0509869619054713,0.0436999271667897,0.37267080745343,0.61160959531222,0.870203781898294,136.504720320893,136.129351966879,TRUE,"Breakout",6,125.98,5,6,0.340261789517772,137.004,135.847,NA,NA,51.8787343149844,57.5685221684691,61.1872146118721,63.0136986301404,-2.2132852973613,-13.6986301369813,56.8627450980442,0.0519133894087134,137.050202,136.691689166667,137.525179397836,137.058820602164,FALSE,FALSE,142.829745958939,127.999254041061,2.05272426253318,0,0.12594903551319,3.6154436437972,FALSE,FALSE,55.2084315387268,52.829370782906,-2.75414187874721,-5.29509100937671,-0.20342923568728,-0.873204878400794,5.62903721931715,4.65523809523811,-0.369913686806405,-0.823104693140784,-0.3699136868064,4.65523809523811,5.62903721931716,-0.873204878400791,11.5863893340501,FALSE,137.367,137.292,"medium",FALSE,-0.246363720135584,FALSE,"2026-10-07 16:00:00",142.829745958939,127.999254041061,135.47,138.67,"","","","","",79,"A","TREND_CONFIRMED",33,"D","EARLY_REVERSAL",85,"PASS"
"KLAC","Technology","Semiconductor Equipment & Materials","United States","Large","Good","Yes",196.9,196.83,197.21,197.02,192.04,197.18,191.2,194.84,196.994,196.905,197.46,-0.28,"-2.88","Moderate","Mixed trend","Mixed trend","Hold","-","Neutral",196.57,197.28,0.383024112741612,"","Low reward High risk zone"," + ","Very Strong",196.26,"190.1-196.45"," + ",NA,"195.29-198.51","Neutral","Neutral","127.9-265.76","130.61-159.38","False",5.97,3.66,"medium","quiet",FALSE,-0.101471334348041,0.0365801613591576,0.162783599552342,-0.00253929559939842,0.285219517164104,196.448504106012,195.863710762543,TRUE,"RSER",6,160.02,6,3,0.385922617571942,198.996,191.492,NA,NA,26.7505250629441,52.0663585235916,57.9092511131749,45.5587392550156,-11.2133482204909,-0.9201339844223,0,0.16516658257998,196.682846,196.253768333333,197.259581361857,196.501238638143,FALSE,FALSE,211.626659278162,161.616340721838,0.521625332436794,0,0.121699860233798,7.72934640425539,FALSE,TRUE,35.3433845131652,56.060658901726,-0.632871302340661,-14.4626482986398,7.35791425766336,7.61030014761359,4.77483232194187,0.974708869850719,-4.8624873120982,-0.319051959890608,-4.86248731209821,0.974708869850716,4.77483232194187,7.61030014761359,30.943850314244,FALSE,197.066,196.88041,"medium",FALSE,3.12278248445788,FALSE,"2026-10-07 18:37:00",211.626659278162,161.616340721838,191.2,197.18,"","","","","",36,"D","NONE",48,"C","NONE",95,"PASS"
"KO","Consumer Defensive","Beverages - Non-Alcoholic","United States","Large","Good","Yes",85.9,85.85,85.9,85.88,86.73,86.9561,85.67,86.29,85.903,85.899,86.17,-0.31,"0.71","Weak","Mixed trend","Mixed trend","Hold","-","Neutral",85.82,85.96,5.79710144927538,"","Excellent reward to risk ratio zone"," + Breakout Signal: above upper bollinger band limit + ","Very Strong",85.76,"83.99-86.23"," + Breakout Signal: above upper bollinger band limit + ",NA,"85.53-86.27","Neutral","Neutral","74.43-97.21","66.46-83.91","False",1.56,3.33,"low","quiet",FALSE,-0.0465441005352479,-0.0185064696988425,0.14573010784028,-0.168516473938051,-0.139502441292711,85.7863220778991,85.6214925941895,TRUE,"MomentumPullback",7,83.83,6,5,0.148035921577294,86.154,87.018,NA,NA,43.4373365657231,50.674645053071,61.0094287298965,66.5557404326165,-7.67503895623652,8.31946755408001,100,0.0151657508726132,85.877668,85.9660391666667,85.9690985138038,85.8420214861962,FALSE,FALSE,89.3710811360222,85.3159188639778,10,0,0.0337093161089423,1.22839977824904,FALSE,FALSE,30.9386185389347,40.9858108674205,-1.94938712065341,3.91088509504781,-5.79582875960483,-1.39032517522694,-2.57690997843116,-0.302044609665433,0.198482194979553,-0.406173842404559,0.198482194979555,-0.302044609665431,-2.57690997843116,-1.39032517522695,4.75311328300849,FALSE,85.904,85.90556,"low",TRUE,0.616230879414816,FALSE,"2026-10-07 18:42:00",89.3710811360222,85.3159188639778,85.67,86.96,"","","","","",32,"D","NONE",10,"D","NONE",65,"AVOID"
"LEA","Consumer Cyclical","Auto Parts","United States","Mid","Good","No",119.63,118.92,120.37,119.65,120.5,120.83,118.32,119.18,119.64,119.569,122,-1.94,"-0.07","Very Weak","Mixed trend","Mixed trend","Hold","-","Neutral",119.25,119.94,3.68075117370893,"","Excellent reward to risk ratio zone"," + Breakout Signal + Positive News + ","Strong",119.2,"114.29-119.16"," + Breakout Signal + Positive News + ",NA,"119.34-120.72","Higher","Neutral","85.15-154.11","96.34-122.47","False",2.89,10.74,"high","expanding",FALSE,-0.208541875208542,0.0334476126766385,0.343902029860759,0.681703416933178,1.03885135135134,119.159417132413,118.736525805155,TRUE,"Breakout",8,113.34,6,5,0.623661811873293,120.649,122.111,NA,NA,45.742190672476,57.7325457511473,38.8852672750975,40.3846153846145,-11.5622567451864,1.40156453715642,83.9999999999975,0.0661815684310201,119.323402,118.977125,119.927152072722,119.183847927278,FALSE,FALSE,129.354196070529,115.475803929471,10,0,0.0908715173951624,3.41511506063852,FALSE,FALSE,33.2858290954564,43.3616434872031,-4.22340091769579,-11.4311097949212,-2.65277890796648,-5.75120144961791,-1.69282603336347,1.35558756248411,-1.0095159288374,-1.94262295081968,-1.0095159288374,1.35558756248411,-1.69282603336347,-5.7512014496179,12.0184416724525,FALSE,119.636,119.5555,"low",FALSE,-3.38895336518242,FALSE,"2026-10-07 16:00:00",129.354196070529,115.475803929471,118.32,120.83,"","News Alert","","Strong fundamentals, below 50/200-day averages","Undervalued",47,"C","NONE",10,"D","EARLY_REVERSAL",45,"WATCH"
"LEVI","Consumer Cyclical","Apparel Manufacturing","United States","Mid","Good","No",19.19,19.15,19.18,19.16,20.265,20.39,19.35,19.65,19.204,19.214,20.53,-6.53,"-0.27","Very Weak","Downtrend","Mixed trend","Hold","-","Neutral",19.19,19.24,3.37142857142856,"","Excellent reward to risk ratio zone"," + Breakdown Signal: below lower bollinger band limit + Positive News + ","Very Strong",19.12,"18.19-19.6"," + Breakdown Signal: below lower bollinger band limit + Positive News + ",NA,"18.96-19.42","Neutral","Neutral","14.89-24.13","15.67-19.43","True",3.39,1.4,"low","quiet",FALSE,-0.052083333333323,-0.208008320332809,-0.156087408948999,0.261233019853713,-0.311170447638684,19.1717392001326,19.0675462352167,FALSE,"",4,18.46,9,2,0.275691859496735,19.943,20.117,NA,NA,19.1128309560301,43.699485246202,15.7500000000021,0,-5.38888888888828,0,0,0.0136558778553631,19.201088,19.1911441666667,19.2421866460513,19.1892833539487,FALSE,FALSE,20.4066763059162,19.3903236940838,0,0,0.0182607998673778,0.572397831156136,FALSE,FALSE,27.7586562590178,38.0922507609037,-14.293503292377,-17.4703891708968,-7.53554502369668,-4.12776412776413,-0.611309220580731,-0.964467005076131,-1.81177654755913,-4.96833901607404,-1.81177654755913,-0.964467005076131,-0.611309220580736,-4.12776412776412,5.24154535977379,FALSE,19.20944,19.215735,"low",FALSE,-2.5812728947346,TRUE,"2026-10-07 18:43:00",20.4066763059162,19.3903236940838,19.35,20.39,"","News Alert","Earnings Alert","Strong fundamentals, below 50/200-day averages","",13,"D","NONE",0,"D","NONE",65,"PASS"
"LGCL","NA","NA","NA","Nano","Moderate","No",2.94,2.9,2.97,2.94,2.49,4.53,2.41,2.89,2.925,2.93,2.26,30.09,"11.75","Very Weak","Mixed trend","Mixed trend","Hold","-","Neutral",2.78,2.99,2.80327868852459,"","Good reward to risk ratio zone"," + Breakout Signal + ","Very Strong",2.72,"1.08-2.75"," + Breakout Signal + ","Upwards Momentum Signal","2.48-3.4","Neutral","Neutral","-266.28-271.92","3.16-6.89","True",14.41,67.01,"medium","quiet",TRUE,0.684931506849316,1.37931034482759,0.341296928327638,-7.25552050473186,2.4390243902439,2.74592371340432,2.6113091348524,FALSE,"",10,0.57,2,6,6.21188916759136,2.602,7.687,NA,NA,62.5933719520368,49.7249401044613,81.7671957671957,92.8571428571427,3.30511463844797,26.190476190476,100,0.0210112350899002,3.00906,3.02314666666667,3.00453123269408,2.82880876730592,FALSE,FALSE,3.46138914706312,2.32961085293688,10,10,0.0360375117234835,3.74908317289657,TRUE,TRUE,70.2726956984505,27.10771906068,1.44296211768317,-98.3164179104478,-48.6151603498542,-18.0232558139535,-10.7594936708861,1.80505415162454,11.9047619047619,24.7787610619469,11.9047619047619,1.80505415162455,-10.7594936708861,-18.0232558139535,48.5822897287516,FALSE,2.92288,2.91667,"medium",TRUE,-2.52234318457033,TRUE,"2026-10-07 18:41:00",3.46138914706312,2.32961085293688,2.41,4.53,"","","","","",31,"D","NONE",19,"D","EARLY_REVERSAL",45,"AVOID"
"LGND","Healthcare","Biotechnology","United States","Mid","Good","No",293.26,262.58,351.89,307.24,293.63,301.265,292.47,297.78,293.341,294.134,296.94,-1.24,"-0.33","Very Weak","Mixed trend","Mixed trend","Hold","-","Neutral",292.47,296.99,1.0658070253446,"","Moderate reward to risk ratio zone"," + ","Weak",291.78,"270.23-295.54"," + ",NA,"285.85-295.49","Neutral","Neutral","236.41-350.11","188.24-261.71","False",3.09,9.49,"high","normal",TRUE,0.27011317400074,-0.197386332698062,-1.41526876659832,-1.80478821362799,-1.49143432986228,292.025176360734,290.267975507244,FALSE,"",6,267,4,3,1.64101820848811,299.55,297.445,NA,NA,43.2679010140933,35.6551113823514,39.8507832487848,37.2641509433954,7.58775271540447,1.19109158266646,49.3150684931513,0.409597363266145,295.80715,297.893438333333,296.606516074656,291.817733925344,FALSE,FALSE,318.408757965706,271.769242034294,0,0,0.446025166516458,9.81491495396479,TRUE,FALSE,19.6540313282068,47.6904285088436,-2.98154333678595,-2.5617171146626,4.09626579582563,1.80871376497135,-1.72581347810061,-6.11774498191248,-3.2017428043306,-1.23930760422981,-3.2017428043306,-6.11774498191248,-1.72581347810061,1.80871376497136,17.1614401917958,FALSE,293.352,294.212125,"medium",FALSE,-0.0190921899809293,FALSE,"2026-10-07 16:02:00",318.408757965706,271.769242034294,292.47,301.26,"","","","","",16,"D","EARLY_REVERSAL",24,"D","NONE",78,"PASS"
"LIN","Basic Materials","Specialty Chemicals","United Kingdom","Large","Good","Yes",483,483.5,488.62,486.06,490.535,490.545,483.69,487.07,483.657,484.241,489.95,-1.42,"0.17","-","Mixed trend","Mixed trend","Hold","Oversold","Neutral",483,485.43,0.272574689493118,"","Low reward High risk zone"," + Breakdown Signal: below lower bollinger band limit + ","Very Strong",482.91,"466.23-486.32"," + Breakdown Signal: below lower bollinger band limit + ",NA,"478.9-484.16","Lower","Neutral","419.77-548.19","407.95-468.38","False",1.87,15.49,"high","expanding",FALSE,-0.200425646217746,-0.278724063177459,-0.468806346916692,-0.625462924862155,-0.818870616471294,482.664635027669,481.382569956589,FALSE,"",2,446.96,8,-1,0.459184086518651,482.057,475.171,NA,NA,5.30693472356677,24.724897983663,12.1593291404622,0,-1.18798043326358,-18.2389937106934,0,0.426989461242406,484.91695,485.3922525,485.440563543408,483.221686456592,FALSE,TRUE,487.40567390801,451.758326091989,0,0,0.335364972331308,8.33081222071299,FALSE,FALSE,58.4564511581373,57.7953453360463,-6.70388234591612,-7.07346108060367,-0.333607907742999,3.71370406085933,3.03585114536319,1.96565890656274,0.938516726453658,-1.21849168282477,0.938516726453664,1.96565890656273,3.0358511453632,3.71370406085934,7.89080040303724,FALSE,483.762,484.331125,"medium",FALSE,2.39167439257668,FALSE,"2026-10-07 16:56:00",487.40567390801,451.758326091989,483.69,490.54,"","","","","",9,"D","NONE",44,"C","EARLY_REVERSAL",88,"PASS"
"LLY","Healthcare","Drug Manufacturers - General","United States","Large","Good","Yes",1184.1601,1185.44,1192,1188.72,1173.62,1206.63,1166,1189.97,1187.61,1188.361,1157.49,2.3,"1.05","Very Weak","Mixed trend","Uptrend","Hold","-","Neutral",1183.83,1190.99,0.348411268479518,"","Low reward High risk zone"," + Breakdown Signal: below lower bollinger band limit + ","Very Strong",1183.49,"1116.62-1194.77"," + Breakdown Signal: below lower bollinger band limit + ",NA,"1173.66-1194.66","Neutral","Neutral","954.28-1423.16","862.14-1082.26","False",2.61,29.79,"medium","expanding",FALSE,-0.533376452108755,-0.226641951383903,-0.136610501104751,-0.649374947562718,-1.09043906065325,1182.48570604095,1177.05205418787,FALSE,"",5,1081.2,8,1,0.525982757359874,1165.645,1162.669,NA,NA,3.28635789581783,32.8445274947141,52.4450512383064,4.94161676646896,-11.2582293513528,-68.2619760479031,0,2.40084760076598,1187.45135,1191.50586166667,1191.96804109044,1185.73129890956,FALSE,TRUE,1198.36269592151,1113.25430407849,0,10,1.34466880293685,33.1361257474188,FALSE,TRUE,84.8943383028979,57.7046265753337,9.24457961682882,3.28702134869535,-3.64281892904042,5.73825175011786,3.27804759381055,2.73446952673973,4.01365008531304,2.69807946504938,4.01365008531305,2.73446952673972,3.27804759381054,5.73825175011786,7.64500900928134,FALSE,1188.37602,1188.84967,"low",FALSE,-0.194590594301316,FALSE,"2026-10-07 17:59:00",1198.36269592151,1113.25430407849,1166,1206.63,"","","","","",9,"D","NONE",66,"B","NONE",73,"PASS"
"LNG","Energy","Oil & Gas Midstream","United States","Large","Good","No",272.35,271.18,273.25,272.22,275.63,277.09,270.95,272.7,272.233,272.309,275.26,-1.06,"0.1","-","Mixed trend","Mixed trend","Hold","-","Neutral",271.83,272.89,0.893692913385827,"","Moderate reward to risk ratio zone"," + Breakout Signal + ","Very Strong",271.62,"263.3-272.27"," + Breakout Signal + ",NA,"270.76-273.94","Neutral","Neutral","218.01-326.39","218.83-252.58","False",2.81,13.21,"medium","normal",FALSE,0.139721292789644,0.0514308805701639,-0.161296235199237,-0.300179375480468,-0.0110140245245513,271.659447492836,270.922901751464,TRUE,"MomentumPullback",7,253.18,2,6,0.341866439115015,272.742,273.083,NA,NA,86.9098394898687,49.0637214884807,61.3148208544964,81.8897637795348,11.9358581592277,23.6220472441002,100,0.0736206492614795,272.64603,272.611299166667,272.747377468184,271.818122531816,FALSE,FALSE,279.004594595897,265.441405404103,10,0,0.170878767339933,7.2585188063739,FALSE,FALSE,44.845700169792,48.8840310224383,-3.64061181453648,2.92671859638509,-2.36728837876615,-1.35179212119016,-0.51533204195754,1.17830725197934,0.833487682904242,-1.11167623337935,0.833487682904233,1.17830725197934,-0.515332041957539,-1.35179212119017,5.10967351575995,FALSE,272.222,272.28275,"low",FALSE,-3.22819507907781,FALSE,"2026-10-07 17:02:00",279.004594595897,265.441405404103,270.95,277.09,"","","","","",31,"D","EARLY_REVERSAL",23,"D","NONE",50,"AVOID"
"LPCN","Healthcare","Biotechnology","United States","Nano",NA,"No",2.0599,2.06,2.07,2.06,2.95,3.15,2.07,2.45,2.071,2.08,2.1,-1.91,"38.7","-","Downtrend","Mixed trend","Hold","-","Neutral",2.05,2.1,6.33333333333332,"","Excellent reward to risk ratio zone"," + Positive News + ","Very Strong",2.01,"1.47-2.19"," + Positive News + ",NA,"1.94-2.18","Neutral","Neutral","1.99-2.38","0.96-2.26","True",5.21,-1.85,"low","quiet",FALSE,-0.966346153846165,-0.00485436893204908,-2.83490566037737,-4.63425925925927,-5.07373271889401,2.03844948734661,1.98118732673819,FALSE,"",4,1.8,9,-1,2.58817795328307,2.129,2.15,NA,NA,17.1509171671365,35.7152695848182,39.9333333333333,19.7999999999999,-11.1333333333333,-0.200000000000422,0,0.0164591008260927,2.10718,2.13489916666667,2.10255245126363,2.04950754873637,FALSE,FALSE,2.29355764166954,2.02294235833046,0,10,0.0116062931779141,0.17512624574532,FALSE,FALSE,80.1983010593784,53.2757147734942,8.46437227801997,-4.76190476190476,2.32558139534885,-2.22222222222221,3.77358490566038,0,7.31707317073172,4.76190476190477,7.31707317073174,0,3.77358490566038,-2.22222222222221,13.3773106398557,FALSE,2.07798,2.07603,"low",FALSE,-5.43604397605935,TRUE,"2026-10-07 18:30:00",2.29355764166954,2.02294235833046,2.07,3.15,"","News Alert","","","",9,"D","NONE",49,"C","NONE",63,"WATCH"
"LPG","Energy","Oil & Gas Midstream","United States","Mid","Good","No",56.21,55.86,56.57,56.22,56.8,57.72,56.105,56.93,56.212,56.263,56.45,-0.43,"-0.21","-","Mixed trend","Mixed trend","Hold","-","Neutral",56.105,56.32,0.912621359223301,"","Moderate reward to risk ratio zone"," + ","Strong",55.97,"53.04-56.69"," + ",NA,"55.57-56.85","Neutral","Neutral","40.27-72.23","25.09-50.08","False",4.02,7.55,"low","normal",FALSE,0.0533997864008564,-0.133250421959662,-0.881678716275789,-0.627596570317329,-1.67920237887004,56.0436186662563,55.7434291539233,FALSE,"",5,49.88,4,-1,0.342297677392279,56.378,55.094,NA,NA,47.6076453657551,41.1941676818262,53.7596899224814,45.0000000000011,6.03359173126605,-3.83720930232559,45.0000000000011,0.0277488738517132,56.464268,56.6976991666667,56.307791383623,56.115708616377,FALSE,FALSE,59.063266712373,52.4047332876269,4.75417118701971,0.459945851071833,0.0614962083546205,2.16439827894593,FALSE,FALSE,43.6729031760445,58.2739595656976,-1.15287055106452,38.0741832473594,10.6713920063005,4.81074025731866,5.73739653875095,2.08863058481656,-1.74794616325817,-0.425155004428701,-1.74794616325817,2.08863058481656,5.73739653875094,4.81074025731867,12.7059771265322,FALSE,56.207,56.21175,"low",FALSE,-0.334020571103812,FALSE,"2026-10-07 16:02:00",59.063266712373,52.4047332876269,56.1,57.72,"","","","","",16,"D","EARLY_REVERSAL",83,"A","TREND_CONFIRMED",85,"PASS"
"LRCX","Technology","Semiconductor Equipment & Materials","United States","Large","Good","Yes",329.84,329.11,329.99,329.55,322.06,329.75,321.11,326.5,329.665,329.332,333.89,-1.21,"-3.31","Weak","Mixed trend","Mixed trend","Hold","-","Neutral",328.39,329.99,0.357808134119839,"","Low reward High risk zone"," + ","Very Strong",327.95,"306.35-327.99"," + ",NA,"326.83-333.07","Neutral","Lower","271.69-355.91","212.1-268.94","False",6.26,5.56,"medium","expanding",FALSE,0.100148705653845,0.270557835537312,0.462962962962957,1.00595611765245,0.939498729993571,327.990236879599,325.918073701311,FALSE,"",5,258.99,3,7,0.493022177089321,333.962,318.815,NA,NA,61.2844349174171,57.1939275872295,75.452083333333,90.624999999998,-2.76597222222223,-0.106250000001751,99.7676643433063,0.343445305706013,328.658582,327.357455,330.26372752747,328.64344247253,FALSE,FALSE,359.289927182904,257.810072817096,7.02717116466686,0,0.401528267100182,13.6342393159176,FALSE,FALSE,33.1031455881752,56.8958870855689,-2.46783228528465,-4.69152228617708,4.82931950497885,4.4405705229794,7.23444415516793,0.304404736537701,-5.17424961869407,-1.3118092785049,-5.17424961869407,0.3044047365377,7.23444415516794,4.44057052297939,39.3622534825485,FALSE,329.69434,329.453585,"high",FALSE,3.24438309519836,FALSE,"2026-10-07 18:02:00",359.289927182904,257.810072817096,321.11,329.75,"","","","","",79,"A","TREND_CONFIRMED",48,"C","NONE",75,"AVOID"
"LRMR","Healthcare","Biotechnology","United States","Micro",NA,"No",2.75,2.75,3,2.88,2.77,2.835,2.72,2.77,2.75,2.748,2.78,-1.08,"3.16","-","Mixed trend","Mixed trend","Hold","-","Oversold",2.735,2.755,45.666666666667,"","Excellent reward to risk ratio zone"," + ","Very Strong",2.73,"2.52-2.74"," + ","Upwards Momentum Signal","2.73-2.76","Lower","Neutral","1.25-4.25","1.65-3.33","False",7.3,-1.99,"low","normal",FALSE,0,0.182149362477227,0.54844606946984,0.364963503649627,0.54844606946984,2.73076922125423,2.7112041806049,TRUE,"RSER",4,2.66,1,2,0.686970928709252,2.881,3.321,NA,NA,45.1413571084932,55.1602673505045,66.6666666666667,66.6666666666667,-3.70370370370371,0,66.6666666666667,0.00223606797750004,2.744798,2.73778833333333,2.75640324691948,2.73759675308052,FALSE,FALSE,4.3225643907987,2.5579356092013,10,0,0.00425398228550595,0.203665867975998,FALSE,FALSE,6.31307292701682,24.840637353361,-0.519036358430824,-26.0752688172043,-33.8942307692308,-28.9405684754522,-28.8486416558862,-13.9280125195618,-7.09459459459459,-1.07913669064748,-7.09459459459459,-13.9280125195618,-28.8486416558862,-28.9405684754522,68.9864426316973,FALSE,2.751,2.747,"high",FALSE,10.1789810861402,FALSE,"2026-10-07 17:56:00",4.3225643907987,2.5579356092013,2.72,2.84,"","","","","",47,"C","NONE",2,"D","NONE",95,"PASS"
"LUCY","Healthcare","Medical Instruments & Supplies","United States","Nano",NA,"No",0.9101,0.91,0.92,0.92,0.92,0.9295,0.91,0.92,0.917,0.919,0.925,-1.61,"-0.49","-","Mixed trend","Mixed trend","Hold","-","Neutral",0.9101,0.93,0.517857142857142,"","Low reward High risk zone"," + Breakdown Signal: below lower bollinger band limit + Positive News + ","Strong",0.9,"0.68-0.91"," + Breakdown Signal: below lower bollinger band limit + Positive News + ",NA,"0.91-0.94","Higher","Neutral","0.15-1.68","0.53-1","False",8.43,-1.32,"low","normal",FALSE,-0.644104803493452,-1.07608695652174,-2.08714362560516,0.0109890109890098,-0.882160749292093,0.905624770306868,0.880174604799139,FALSE,"",3,0.72,7,-1,1.88076500799724,0.912,0.907,NA,NA,30.1820324196162,41.8278847405909,52.7777777777777,0,17.5925925925926,-58.333333333333,0,0.00846327359831947,0.92145,0.922470833333333,0.927561603391393,0.910438396608607,FALSE,TRUE,0.988411199901172,0.818268800098828,0,4.11603707356671,0.00447522969313218,0.0564735443349131,FALSE,FALSE,49.7804976710739,51.8874517126802,-1.9449936538949,-4.7718492220946,-14.7663551401869,4.83963673985516,-1.08459869848156,0.197758734344103,2.24215246636772,-1.38408304498269,2.24215246636772,0.197758734344111,-1.08459869848156,4.83963673985517,20.7929716716309,FALSE,0.91752,0.919,"medium",FALSE,-0.661051620362084,FALSE,"2026-10-07 18:09:00",0.988411199901172,0.818268800098828,0.91,0.93,"","News Alert","","","",13,"D","NONE",35,"D","EARLY_REVERSAL",75,"PASS"
"LW","Consumer Defensive","Packaged Foods","United States","Mid","Moderate","Yes",48.09,48,48.95,48.48,48.94,49.42,47.93,48.5,48.056,48.072,47.91,0.38,"1.33","-","Uptrend","Uptrend","Hold","-","Neutral",47.945,48.24,0.282434431741762,"","Low reward High risk zone"," + Breakout Signal + ","Very Strong",47.78,"43.99-48.39"," + Breakout Signal + ",NA,"47.98-48.25","Neutral","Neutral","36.43-59.75","31.88-42.25","False",3.04,1.83,"low","expanding",FALSE,0.187500000000007,-0.0207900207900167,-0.0207900207900167,-0.166078472078053,-0.186799501867987,47.8658319436352,47.4689547630969,TRUE,"MomentumPullback",8,40.47,4,8,0.57085546158603,45.99,46.07,NA,NA,73.4998145310765,50.6595775711142,55.6915544675655,76.3157894736868,9.18232109925471,15.7894736842113,80.1526717557281,0.0313448560389275,48.110502,48.1844791666667,48.2155945214491,47.9419154785509,FALSE,FALSE,50.0364517413731,41.0945482586269,10,10,0.0794074842128101,1.8956096149206,FALSE,FALSE,89.4576093981219,55.4034308133401,0.58968974728878,4.18110918544196,-13.132225433526,-0.0831082484936612,6.77175843694495,15.3514032142001,10.2981651376147,0.375704445835957,10.2981651376147,15.3514032142001,6.77175843694495,-0.0831082484936574,21.7593424472526,FALSE,48.048,48.078755,"medium",FALSE,-2.233528499439,FALSE,"2026-10-07 16:00:00",50.0364517413731,41.0945482586269,47.93,49.42,"","","Earnings Alert","","",34,"D","EARLY_REVERSAL",49,"C","NONE",50,"WATCH"
"MA","Financial Services","Credit Services","United States","Large","Good","Yes",570.35,570,570.97,570.48,567.49,573.71,567,571.49,570.325,570.545,566.58,0.67,"0.07","Very Weak","Mixed trend","Mixed trend","Hold","-","Neutral",569.19,571.39,0.358547961873861,"","Low reward High risk zone"," + ","Very Strong",569.18,"548.66-571.83"," + ",NA,"565.99-571.49","Neutral","Neutral","494.94-645.18","478.87-536.51","False",2.07,18.24,"high","expanding",FALSE,0.10003861139388,0.0315519877313761,-0.232647635040569,-0.537292193829775,-0.344213027676829,568.779324719848,567.116715372942,FALSE,"",4,536.46,3,-1,0.384660521009303,564.16,565.018,NA,NA,51.3040384507952,43.8550209914252,60.7936507936505,55.2380952380961,10.1635401635409,-30.4761904761911,31.1827956989309,0.468049142739555,571.47937,572.461311666667,571.593890464775,569.403619535225,FALSE,FALSE,578.066033373666,550.429966626334,4.49580154059942,10,0.411512229720367,9.29870566850124,FALSE,FALSE,82.1294865678882,53.5095731407642,2.56073160856894,5.95516895282703,-4.89013464137345,0.451101321585893,1.8109729961423,3.3709902623896,3.22311954514177,0.614211585301265,3.22311954514178,3.37099026238961,1.8109729961423,0.451101321585901,5.02081434931996,FALSE,570.238,570.498755,"low",TRUE,-0.567964597280468,FALSE,"2026-10-07 18:17:00",578.066033373666,550.429966626334,567,573.71,"","","","","",23,"D","EARLY_REVERSAL",56,"B","NONE",85,"PASS"
"MAT","Consumer Cyclical","Leisure","United States","Mid","Good","No",16.4868,16.25,16.5,16.38,16.42,16.68,16.095,16.33,16.458,16.436,15.93,3.5,"2.89","Very Weak","Uptrend","Uptrend","Hold","-","Neutral",16.1772,16.54,0.216624685138539,"","Low reward High risk zone"," + Breakout Signal + ","Very Strong",16.26,"13.14-16.26"," + Breakout Signal + ",NA,"16.4-16.65","Higher","Neutral","11.75-20.99","9.1-14.14","False",3.23,1.35,"medium","expanding",FALSE,0.0412621359223202,0.713500305436761,0.621299969484267,0.991117917304744,1.23917715689284,16.1165148611436,15.9057226122367,TRUE,"MomentumPullback",9,12.18,2,8,1.27142480621909,15.592,14.423,NA,NA,60.1606813112076,55.6926096664188,74.8989342153621,85.3362734288863,-3.16060271958842,32.1940463065044,97.3333333333336,0.0523492884383454,16.404126,16.352225,16.5355689372222,16.3279710627778,FALSE,FALSE,16.2121513309807,11.6563486690193,7.34518592990259,10,0.0618465338438181,0.762289239929361,TRUE,TRUE,88.7267863883074,71.0698912761866,2.68201497368352,19.7512801755669,7.27391874180866,18.968023255814,25.1529051987768,29.304897314376,7.20366732154552,2.76208411801633,7.20366732154551,29.304897314376,25.1529051987768,18.968023255814,39.084303252442,FALSE,16.46336,16.43177,"high",FALSE,12.5878994422701,FALSE,"2026-10-07 17:58:00",16.2121513309807,11.6563486690193,16.09,16.68,"","","","","",79,"A","TREND_CONFIRMED",80,"A","TREND_CONFIRMED",58,"AVOID"
"MATX","Industrials","Marine Shipping","United States","Mid","Good","No",222.92,222.03,223.86,222.94,223.22,225.21,222.15,223.57,222.876,223.062,224.78,-0.83,"-0.02","-","Mixed trend","Mixed trend","Hold","-","Neutral",222.395,223.95,3.7240663900415,"","Excellent reward to risk ratio zone"," + ","Strong",221.89,"210.31-223.18"," + ",NA,"221.48-224.33","Neutral","Neutral","178.53-267.31","148.67-211.22","False",2.97,14.87,"low","normal",FALSE,-0.00672841859735563,-0.024666442426284,-0.362043534617621,-0.606384876047803,-0.379854314698138,222.153243682915,221.068037863886,FALSE,"",7,210.39,7,-1,0.329228608912562,225.562,226.164,NA,NA,55.5439124017131,43.8186284874555,49.6942697414381,66.0377358490548,5.51880751756291,-10.0628930817627,85.3658536585356,0.17515707236349,223.586602,223.640959166667,223.365284637429,222.632315362571,FALSE,FALSE,239.624715886011,217.781284113989,7.93144971397348,0,0.242327022660554,7.03395514490699,FALSE,TRUE,30.8215719449507,47.1313221530648,-1.99620415827186,5.87006079027355,0.0448792747509175,-1.73675394516443,0.45513947095669,1.49335275906028,-3.54376703734154,-0.827475754070653,-3.54376703734154,1.49335275906028,0.4551394709567,-1.73675394516443,10.0299857542342,FALSE,222.836,222.9988,"low",FALSE,0.0844941693454295,FALSE,"2026-10-07 16:00:00",239.624715886011,217.781284113989,222.15,225.21,"","","","","",9,"D","NONE",37,"D","NONE",70,"AVOID"
"MCD","Consumer Cyclical","Restaurants","United States","ETF",NA,"Yes",230.9,230.9,231.06,230.98,231.85,233.98,230.601,231.95,230.979,231.001,232.45,-0.67,"-0.13","-","Downtrend","Mixed trend","Hold","-","Oversold",230.9,231.0863,16.4107142857142,"","Excellent reward to risk ratio zone"," + Breakdown Signal: below lower bollinger band limit + ","Very Strong",230.75,"228.78-231.68"," + Breakdown Signal: below lower bollinger band limit + ",NA,"230.88-231.12","Higher","Neutral","194.11-267.65","206.12-288.37","False",1.97,NA,"low","quiet",FALSE,-0.0436362125152781,-0.0140300797982421,-0.0778951012636346,-0.00866100814133978,-0.306549803549073,230.858018264113,230.68852981997,FALSE,"",5,227.1,9,-1,0.0924150771006159,232.245,240.473,NA,NA,12.5404877246066,39.8776798847312,45.2380952380967,0,-13.5555555555552,-50.0000000000102,0,0.0678232998424541,231.02693,231.0706175,231.107480480046,230.894099519954,FALSE,FALSE,260.064816704869,222.916183295131,0,0,0.0419817358873937,4.24558931238201,FALSE,FALSE,21.4913935939483,24.8923520096935,-1.48366643843623,-13.5410425404434,-13.2714774050562,-8.91589080006312,-3.12185297079557,-0.0259807742270729,-0.435551338996934,-0.675414067541404,-0.435551338996931,-0.0259807742270746,-3.12185297079557,-8.91589080006312,16.6648436468851,FALSE,231.01,231.00079,"high",FALSE,-0.0111343012032101,FALSE,"2026-10-07 18:48:00",260.064816704869,222.916183295131,230.6,233.98,"","","","","",9,"D","NONE",2,"D","NONE",68,"PASS"
"MDT","Healthcare","Medical Devices","Ireland","Large","Good","Yes",85.605,85.55,85.7,85.62,87.4,88.19,85.425,86.48,85.573,85.63,87.09,-1.71,"0.22","-","Mixed trend","Downtrend","Hold","-","Neutral",85.425,85.96,29.6896551724132,"","Excellent reward to risk ratio zone"," + Breakout Signal + ","Very Strong",85.35,"79.93-86.5"," + Breakout Signal + ",NA,"84.87-86.34","Neutral","Neutral","52.62-106","72.54-87.11","True",2.2,4.07,"high","expanding",FALSE,0.122807017543864,-0.285381479324392,-0.0991947718520175,-0.250524353297587,-0.93160513829417,85.3151583631399,84.7903194049037,FALSE,"",7,83.39,1,5,0.634106235040557,86.678,88.519,NA,NA,58.687442586505,47.6665393639957,30.529595015578,33.6448598130856,5.08826583592951,17.7570093457943,67.8571428571418,0.0662947961756776,85.6689,85.8194175,85.9264659124703,85.3850340875297,FALSE,FALSE,94.2465828957798,84.4274171042202,10,0,0.110073085436435,2.13985473860491,FALSE,FALSE,24.1218030502485,37.1478977958381,-4.84365661888219,8.4876934788125,-5.59726208876131,-6.37249534654549,-3.66155926092835,-0.903928612817245,-1.00717758740448,-1.81421517969916,-1.00717758740448,-0.903928612817251,-3.66155926092835,-6.37249534654549,11.6303046194562,FALSE,85.557,85.65575,"medium",FALSE,0.403064057802753,TRUE,"2026-10-07 18:10:00",94.2465828957798,84.4274171042202,85.42,88.19,"","","","Strong fundamentals, below 50/200-day averages","",24,"D","EARLY_REVERSAL",10,"D","NONE",90,"PASS"
"MET","Financial Services","Insurance - Life","United States","Large","Good","Yes",95.78,95.22,97,96.11,96.34,96.82,95.42,95.97,95.771,95.872,97.16,-1.42,"-0.03","-","Mixed trend","Mixed trend","Hold","-","Neutral",95.68,96.16,0.9187675070028,"","Moderate reward to risk ratio zone"," + ","Very Strong",95.64,"92.09-95.84"," + ",NA,"95.23-96.33","Neutral","Neutral","82.76-108.8","71.96-90.37","False",2.18,5.24,"high","expanding",FALSE,-0.0626043405676151,-0.140749622061205,-0.234362793604494,0.114978572175185,0.0731376031762693,95.610211009627,95.3073653256163,TRUE,"MomentumPullback",8,90.73,3,2,0.526592979281507,95.991,96.148,NA,NA,53.1706892785692,42.5482866397143,13.6904761904763,28.5714285714274,2.55319299436896,28.5714285714274,100,0.0433589667711929,95.8931,95.7523258333333,96.1698855211984,95.6661144788016,FALSE,FALSE,98.8858442177894,94.1141557822106,10,0,0.069861930371291,1.91241017416967,TRUE,FALSE,44.8569851304932,48.5582144721299,-6.14337386141813,4.14265521365663,-0.0938771252738118,0.0940537151217509,-1.46090534979424,1.72047578589635,1.42963041406332,-1.42033758748456,1.42963041406332,1.72047578589636,-1.46090534979424,0.0940537151217447,5.07010703747996,FALSE,95.754,95.918,"low",TRUE,-0.161166702810172,FALSE,"2026-10-07 16:42:00",98.8858442177894,94.1141557822106,95.42,96.82,"","","","","Undervalued",13,"D","NONE",27,"D","NONE",60,"AVOID"
"META","Communication Services","Internet Content & Information","United States","Large","Good","Yes",722.5556,722.52,722.71,722.62,738.29,738.29,720.1503,728.06,722.629,722.587,738.88,-2.21,"-0.24","Moderate","Mixed trend","Mixed trend","Hold","-","Neutral",722.3175,723,0.734302208835343,"","Low reward High risk zone"," + Breakout Signal: above upper bollinger band limit + ","Very Strong",721.81,"713.15-724.72"," + Breakout Signal: above upper bollinger band limit + ",NA,"721.7-723.55","Neutral","Neutral","521.16-921.46","537.13-620.61","False",3.69,26.54,"low","quiet",FALSE,-0.0268972673815252,-0.00614447827290285,0.0353869583275747,0.0908159024795747,0.200468721831623,722.142820058656,721.304136541365,TRUE,"RSER",4,632.08,5,2,0.0877169126082988,730.651,706.335,NA,NA,38.4632050743294,50.0350889468853,73.74784110536,49.347150259078,8.1414315870283,-32.9119170984335,0,0.185966206607209,722.440452,721.992725,722.96411300978,722.33050699022,FALSE,FALSE,789.578734356184,633.705265643816,0,0,0.174737521693124,23.6255323917636,FALSE,FALSE,30.1379041783517,57.6797432835111,-5.37403603610811,9.20335493247744,26.6344803370786,10.4321998867064,-3.06276038166914,-0.533660608400674,-0.929842874409419,-2.37792334343873,-0.929842874409414,-0.533660608400677,-3.06276038166914,10.4321998867064,24.5971553595988,FALSE,722.6175,722.64731,"medium",FALSE,-5.84092080411996,FALSE,"2026-10-07 18:38:00",789.578734356184,633.705265643816,720.15,738.29,"","","","","",36,"D","NONE",49,"C","NONE",65,"PASS"
"MI","Consumer Cyclical","Internet Retail","Hong Kong","Nano",NA,"No",1.47,1.47,1.51,1.49,1.62,1.84,1.41,1.62,1.483,1.503,1.23,19.51,"36.78","Moderate","Mixed trend","Mixed trend","Hold","-","Neutral",1.46,1.54,10.962962962963,"","Excellent reward to risk ratio zone"," + Breakdown Signal: below lower bollinger band limit + ","Very Strong",1.43,"0.71-1.53"," + Breakdown Signal: below lower bollinger band limit + ","Breakdown Signal: below lower bollinger band limit","1.38-1.56","Neutral","Neutral","-7.86-4.94","0.09-22.81","True",11.41,-0.39,"medium","normal",FALSE,-2,-2.64900662251656,-4.54545454545455,-5.76923076923077,-2.00653289780681,1.44490131330652,1.37495969826006,FALSE,"",5,0.34,8,-1,5.18794332691882,2.267,2.524,NA,NA,13.4158448263747,34.8010405695804,23.7281546765047,14.3472022955524,-0.146170663387269,-14.3472022955524,20,0.0148016215333619,1.523392,1.5442525,1.54614344082987,1.46988655917013,FALSE,FALSE,4.68641799256299,-0.172517992562994,0,1.82747079389256,0.0152021023557602,1.35146854662511,FALSE,TRUE,42.3890202347946,44.8032639135102,1.28012125521742,-83.4230355220667,-45,-28.3720930232558,-36.0995850622407,-28.7037037037037,72.2595078299776,25.2032520325203,72.2595078299776,-28.7037037037037,-36.0995850622407,-28.3720930232558,-2816.48071191865,FALSE,1.48574,1.508015,"high",TRUE,133.16140867029,TRUE,"2026-10-07 18:40:00",4.68641799256299,-0.172517992562994,1.41,1.84,"","","","","",7,"D","NONE",12,"D","NONE",88,"PASS"
"MIMI","Industrials","Engineering & Construction","Hong Kong","Nano",NA,"No",0.8405,0.84,0.85,0.85,0.8788,0.9249,0.8402,0.87,0.845,0.858,0.849,-1,"2.32","Very Weak","Mixed trend","Mixed trend","Hold","-","Neutral",0.84,0.8873,1.71883530482257,"","Good reward to risk ratio zone"," + ","Very Strong",0.82,"0.46-0.86"," + ",NA,"0.8-0.89","Neutral","Neutral","-1.89-1.69","0.17-2.29","False",14.48,-4.07,"high","expanding",FALSE,-0.0594530321046308,-2.94457274826789,-3.46847364189732,-5.26375112714156,-4.03060059374286,0.832482317743167,0.795134225406002,FALSE,"",5,0.58,8,2,7.13573636103634,0.871,0.928,NA,NA,33.6475372299022,38.0382806269441,1.38888888888904,1.38888888888904,-10.4695822172962,0,NA,0.0155587595906621,0.866464,0.873165,0.892078272815567,0.832661727184434,FALSE,FALSE,1.01590723935829,0.734672760641709,10,10,0.00752215706770051,0.12238837781949,FALSE,TRUE,60.8582849825016,40.9321960872983,2.73219825102196,-63.8893442622951,-53.1329787234043,-6.28589661774091,12.5431089538894,-2.12175072206176,-0.40691759918617,3.74425997880607,-0.406917599186174,-2.12175072206177,12.5431089538894,-6.28589661774092,38.2802376490636,FALSE,0.8483,0.86237,"low",FALSE,-0.974823907739776,FALSE,"2026-10-07 18:17:00",1.01590723935829,0.734672760641709,0.84,0.92,"","","","","",7,"D","NONE",10,"D","NONE",60,"WATCH"
"MNDR","Healthcare","Health Information Services","Singapore","Nano",NA,"No",1.4938,1.49,1.55,1.52,1.25,1.7601,1.2,1.45,1.503,1.509,1.21,23.45,"4.48","-","Mixed trend","Uptrend","Hold","-","Neutral",1.49,1.5469,0.615641025641025,"","Low reward High risk zone"," + ","Strong",1.44,"0.71-1.47"," + ","Upwards Momentum Signal","1.2-1.78","Neutral","Higher","-1.68-5.75","0.42-2.18","True",13.17,-14.88,"low","quiet",FALSE,-1.72368421052632,-1.0728476821192,-2.86123032904149,3.02068965517242,-9.46666666666666,1.47492143347224,1.38587590799878,FALSE,"",5,0.98,8,1,3.53850108087853,1.353,1.381,NA,NA,13.7072417663162,45.260707055281,13.94258933802,6.67838312829531,-10.9744190587776,6.67838312829531,19.0000000000001,0.0101236357106106,1.50687,1.49513333333333,1.53321433908367,1.48081566091633,FALSE,FALSE,1.51976486078077,1.19252513921923,0,10,0.0151170219323258,0.151650278263251,FALSE,TRUE,79.5756553953175,54.1810129402811,18.8387476522044,-52.7950310559006,-5.59006211180125,2.01342281879195,9.35251798561152,14.2857142857143,15.1515151515151,25.6198347107438,15.1515151515151,14.2857142857143,9.35251798561152,2.01342281879195,27.4409076001353,TRUE,1.50676,1.507015,"low",FALSE,3.05696191291932,TRUE,"2026-10-07 18:39:00",1.51976486078077,1.19252513921923,1.2,1.76,"","","","","",21,"D","NONE",53,"C","EARLY_REVERSAL",95,"PASS"
"MPWR","Technology","Semiconductors","United States","Large","Good","Yes",1425.92,1424.01,1437.91,1430.96,1447.64,1450.705,1412.68,1427.61,1427.587,1428.085,1473.69,-3.24,"-2.26","Very Weak","Mixed trend","Mixed trend","Hold","-","Neutral",1419.01,1445,0.223470151793615,"","Low reward High risk zone"," + Breakout Signal + ","Very Strong",1417.5,"1228.8-1422.95"," + Breakout Signal + ",NA,"1407.07-1446.13","Neutral","Neutral","979.94-1872.02","921.67-1089.76","False",5.29,16.44,"high","expanding",FALSE,-0.00420763264561533,-0.00280512777356753,-0.648676518746121,0.373783093178295,-0.130621907360002,1415.20580029917,1397.03466695529,TRUE,"MomentumPullback",7,1115.24,5,1,1.30791467222132,1430.757,1349.754,NA,NA,42.7244256695187,47.3054279893485,24.1631396691037,26.5871489034247,-20.4252654058008,7.50288572527913,97.014925373137,8.58989115181006,1428.95742,1426.47809833333,1436.27624724775,1417.73350275225,FALSE,FALSE,1532.86763565331,1083.79036434669,8.16467606702618,0,3.82272460194559,53.4054562341037,FALSE,FALSE,46.4985912736564,61.1090726251293,-7.47537598661755,3.75442017491523,9.50292959001098,18.6369044152516,5.35734076115466,5.84611273585606,-0.955040181145076,-3.23745156715456,-0.955040181145073,5.84611273585607,5.35734076115466,18.6369044152516,41.4358058606042,FALSE,1429.976,1427.004875,"high",FALSE,4.67674171535701,FALSE,"2026-10-07 18:18:00",1532.86763565331,1083.79036434669,1412.68,1450.7,"","","","","",21,"D","NONE",77,"A","TREND_CONFIRMED",75,"AVOID"
"MRK","Healthcare","Drug Manufacturers - General","United States","Large","Moderate","Yes",142.75,142,143.6,142.8,142.025,144.145,141.49,143.02,142.964,142.757,141.94,0.57,"-0.07","Very Weak","Mixed trend","Mixed trend","Hold","-","Neutral",142.277,143.6433,2.70175438596493,"","Good reward to risk ratio zone"," + ","Very Strong",142.16,"130.44-142.91"," + ",NA,"141.85-144.33","Higher","Neutral","110.39-175.19","109.49-135.5","False",2.4,1.26,"high","expanding",FALSE,0.249306506548678,0.056073456227667,0.242266774340788,-0.28639284716401,0.0840636022831094,142.040340426051,140.866433290873,FALSE,"",7,136.07,3,6,0.778341545976328,142.97,145.114,NA,NA,40.1666566414308,50.4476941397607,76.1462255333918,28.4386766001754,3.8832305361161,-71.5613233998246,0,0.391575124336419,142.644244,142.8052075,143.254433611999,142.148036388001,FALSE,FALSE,151.724432998717,139.733567001283,0,10,0.237446348891745,3.39131355773487,FALSE,FALSE,47.6413402622362,45.7637100884691,1.92323652137901,18.9222953277255,-8.19134572108275,-2.63875630710487,-3.57239330091844,-1.73422338448834,-1.04643104643106,0.598844582217835,-1.04643104643106,-1.73422338448834,-3.57239330091843,-2.63875630710487,8.58123517116254,FALSE,142.97466,142.701235,"low",TRUE,1.70516674100764,FALSE,"2026-10-07 18:02:00",151.724432998717,139.733567001283,141.49,144.15,"","","","","",43,"C","NONE",30,"D","NONE",85,"PASS"
"MRNO","Real Estate","Real Estate - Development","United Kingdom","Nano",NA,"No",0.3692,0.37,0.37,0.37,0.2349,0.252,0.232,0.34,0.37,0.371,0.244,51.31,"-3.07","Very Weak","Mixed trend","Mixed trend","Hold","-","Neutral",0.3648,0.3818,5.17107942973523,"","Excellent reward to risk ratio zone"," + ","Strong",0.35,"0.08-0.36"," + ",NA,"0.36-0.39","Neutral","Neutral","-0.02-0.49","0.16-0.2","True",14.99,-0.18,"low","quiet",FALSE,-0.511991376987338,-0.243177519589303,-2.25046333068573,-2.17276099629042,-5.67194685743486,0.359162583383837,0.321160053017469,FALSE,"",5,0.15,7,-1,3.69205232528837,0.256,0.263,NA,NA,40.041086839426,47.2891062434639,25.3560320838108,15.4362416107381,-0.306159240036886,-20.8053691275171,34.6153846153841,0.00171084774307376,0.370426,0.370673333333333,0.377576990619979,0.364133009380021,FALSE,FALSE,0.364464801581576,0.163275198418424,1.41748039087588,0,0.00570541177271809,0.037256230835921,FALSE,FALSE,13.0472628579558,45.5958497027593,-1.37508032572871,-4.79838709677419,3.10043668122271,9.8139534883721,-5.40865384615384,-25.5909234163252,-11.9358448340172,-3.23770491803278,-11.9358448340172,-25.5909234163252,-5.40865384615384,9.81395348837211,123.221165928438,FALSE,0.36952,0.370855,"medium",FALSE,-5.67496273328985,TRUE,"2026-10-07 18:51:00",0.364464801581576,0.163275198418424,0.23,0.25,"","","","","",17,"D","NONE",26,"D","NONE",75,"PASS"
"MRVL","Technology","Semiconductors","United States","Large","Moderate","No",286.2,286,286.24,286.12,281.3,287.03,276.5,282.89,286.119,285.964,287.01,-0.28,"-1.98","Good","Mixed trend","Uptrend","Hold","-","Neutral",285.45,286.43,0.233485706565184,"","Low reward High risk zone"," + Breakout Signal: above upper bollinger band limit + ","Very Strong",284.84,"279.05-285.33"," + Breakout Signal: above upper bollinger band limit + ",NA,"285.01-287.3","Neutral","Neutral","172.9-396.46","73.78-203.02","False",7.38,2.87,"low","quiet",FALSE,-0.0275605362463083,0.104931794333687,0.159793717020229,0.375654660050244,0.477461030754112,285.329156849884,284.844425956123,TRUE,"MomentumPullback",9,206.62,2,5,0.336190064939752,277.661,258.194,NA,NA,65.3973192314585,61.7538248902004,55.2328488826366,57.4074074074056,-4.36253698228841,9.87576183778813,100,0.0886239245813416,285.657354,285.14421,286.395383361421,285.435776638579,FALSE,FALSE,293.768298018779,214.483201981221,10,0,0.121160657079357,14.1380832628633,FALSE,FALSE,80.1087408885921,68.1718508846511,-1.71049567345662,27.9805790325481,18.4291538397537,21.1352708395388,9.11460329628211,7.74762499526893,4.55029564067721,-0.811818403539941,4.55029564067722,7.74762499526893,9.11460329628211,21.1352708395387,36.9656436052734,FALSE,286.1133,285.91558,"medium",FALSE,2.28183644005023,FALSE,"2026-10-07 18:40:00",293.768298018779,214.483201981221,276.5,287.03,"","","","","",47,"C","NONE",83,"A","TREND_CONFIRMED",65,"AVOID"
"MSFT","Technology","Software - Infrastructure","United States","Large","Good","Yes",530.06,529.7,530.15,529.92,530.725,531.73,524.69,528.53,529.964,529.864,529.3,0.14,"0.01","Moderate","Uptrend","Uptrend","Hold","-","Neutral",529.62,530.06,0.135511882998173,"","Low reward High risk zone"," + Breakout Signal: above upper bollinger band limit + ","Very Strong",529.28,"523.88-529.52"," + Breakout Signal: above upper bollinger band limit + ",NA,"529.22-530.73","Neutral","Higher","482.06-712.72","366-475.55","False",2.8,18.09,"low","quiet",FALSE,0.0575737841077385,0.0245315419017598,0.0747832729396761,0.132235151881504,-0.0895322646008318,529.515354584286,529.023403477345,TRUE,"MomentumPullback",8,474.11,2,10,0.0933212660965414,523.913,509.782,NA,NA,79.6129574238732,58.9407846230271,85.0340136054406,100,12.421205041158,0,100,0.100399203211609,529.691166,529.762716666667,530.107866069636,529.613623930364,FALSE,FALSE,531.024114131864,482.213885868136,10,7.71147690694389,0.104732353486279,11.3858337783394,FALSE,FALSE,93.8698728323344,68.2123833594184,0.199814438552451,37.8829286067515,7.73830103109557,7.75144920166786,5.82712399368745,3.28719048547475,2.36314803006589,0.0869072359720454,2.3631480300659,3.28719048547474,5.82712399368746,7.75144920166786,10.1221117214106,FALSE,529.934,529.860745,"medium",FALSE,2.84497871279096,FALSE,"2026-10-07 18:32:00",531.024114131864,482.213885868136,524.69,531.73,"","","","","",79,"A","TREND_CONFIRMED",90,"A","TREND_CONFIRMED",65,"AVOID"
"MSTR","Technology","Software - Application","United States","-",NA,"No",154.15,154.15,154.45,154.3,157.7,158.66,152.53,156.24,154.203,154.158,164.55,-6.32,"-4.35","-","Mixed trend","Mixed trend","Hold","-","Neutral",153.99,154.4153,0.593179435114758,"","Low reward High risk zone"," + ","Very Strong",153.7,"147.35-155.11"," + ",NA,"153.54-154.83","Neutral","Neutral","82.03-224.71","93.95-131.18","False",7,NA,"low","normal",FALSE,-0.0713081809931189,0,0.188483036526707,0.0330306925867918,0.423452768729645,153.861030868363,153.171492314907,FALSE,"",6,121.44,8,4,0.331726204546651,158.925,151.473,NA,NA,42.2281275757083,50.4649594630997,41.2336389999212,37.6205031742298,-9.24576116205447,-35.2692217258425,36.4697301239975,0.13304375971475,154.069332,154.18923,154.402765484085,153.892264515915,FALSE,FALSE,180.243931451699,122.199068548301,3.52849370869732,0,0.129103134241856,9.07889471563252,FALSE,FALSE,23.7274817339947,54.890827863398,-10.1533339582009,57.1736011477762,20.925648505874,15.5764883195177,-5.44389642416768,0.182898948331048,-4.14974064120992,-6.79428745062291,-4.14974064120992,0.182898948331056,-5.44389642416768,15.5764883195177,47.5002498733898,FALSE,154.21722,154.147515,"medium",FALSE,-1.04159023851346,FALSE,"2026-10-07 18:40:00",180.243931451699,122.199068548301,152.53,158.66,"","","","","",36,"D","NONE",66,"B","PULLBACK_ENTRY",75,"PASS"
"MSTZ","NA","NA","NA","ETF",NA,"No",2.638,2.63,2.64,2.63,2.54,2.69,2.52,2.59,2.636,2.64,2.345,12.49,"8.89","-","Mixed trend","Mixed trend","Hold","-","Neutral",2.63,2.65,4.47916666666667,"","Excellent reward to risk ratio zone"," + ","Very Strong",2.62,"2.38-2.63"," + ",NA,"2.6-2.67","Neutral","Neutral","-10.39-6.57","1.75-6.45","False",15.85,NA,"medium","quiet",FALSE,-0.0757575757575842,-0.0757575757575842,-0.0757575757575842,-0.0757575757575842,-0.44907354994529,2.62522478943507,2.60157127836911,TRUE,"MomentumPullback",8,1.88,4,2,0.956015775451116,2.517,3.241,NA,NA,58.9258297789675,47.8742154897957,13.9999999999999,40,4.66666666666664,38.0000000000002,79.9999999999982,0.00507070014892836,2.638366,2.64453,2.6557846444966,2.6306353555034,FALSE,FALSE,4.81923590861886,1.30576409138114,10,10,0.00478973592026341,0.519405174125294,TRUE,TRUE,72.4663166696282,36.3750087591976,4.79637993786471,-77.2260273972603,-53.2513181019332,-37.4117647058823,9.46502057613169,-2.91970802919708,6.82730923694779,13.4328358208955,6.82730923694779,-2.91970802919709,9.46502057613168,-37.4117647058823,269.074011180796,FALSE,2.63568,2.64321,"high",FALSE,6.22213969859881,FALSE,"2026-10-07 18:46:00",4.81923590861886,1.30576409138114,2.52,2.69,"","","","","",17,"D","NONE",16,"D","NONE",80,"PASS"
"MTEN","Industrials","Metal Fabrication","China","Nano",NA,"No",1.2,1.19,1.2,1.19,1.25,1.41,1.01,1.23,1.198,1.187,0.959,25.13,"33.3","Weak","Mixed trend","Uptrend","Squeeze","-","Neutral",1.15,1.21,1.9570707070707,"","Good reward to risk ratio zone"," + ","Very Strong",1.12,"0.77-1.14"," + ",NA,"1.14-1.26","Neutral","Neutral","0.3-1.9","0.42-2","True",13.84,-39.34,"medium","quiet",FALSE,-0.826446280991736,0,4.34782608695653,2.56410256410257,9.09090909090908,1.14255876707183,1.10930379282442,TRUE,"RSER",6,0.75,2,4,7.49188126076722,1.021,1.024,NA,NA,62.6497283963521,66.2886723329824,74.0921409214092,75.6097560975609,-3.09891598915989,-4.3902439024391,100,0.00544995412824721,1.164702,1.1510875,1.22675570821208,1.14125429178792,FALSE,FALSE,1.10325290040188,0.942837099598121,9.39203702032226,10,0.00776476479461399,0.0955776120329658,FALSE,TRUE,81.9354492148813,56.4408356098749,15.1610282838354,2.80373831775701,7.84313725490197,7.84313725490197,8.91089108910892,7.84313725490197,8.91089108910892,14.7387086679879,8.91089108910892,7.84313725490198,8.91089108910892,7.84313725490198,17.0141587419644,FALSE,1.19602,1.184005,"low",FALSE,3.93052298561454,TRUE,"2026-10-07 18:30:00",1.10325290040188,0.942837099598121,1.01,1.41,"","","","","",43,"C","NONE",96,"A","TREND_CONFIRMED",58,"AVOID"
"MU","Technology","Semiconductors","United States","Large","Good","Yes",1088.5,1088,1088.5,1088.25,1017.37,1089.22,1011.42,1056.49,1088.605,1088.233,1045.56,4.11,"-2.6","Moderate","Mixed trend","Uptrend","Hold","-","Neutral",1086.5,1089,0.11175836030205,"","Low reward High risk zone"," + Breakout Signal: above upper bollinger band limit + ","Very Strong",1085.67,"1016.35-1086.09"," + Breakout Signal: above upper bollinger band limit + ",NA,"1084.04-1092.96","Neutral","Neutral","648.42-1527.58","331.42-864.53","False",7.01,74.33,"medium","normal",FALSE,-0.0321440051430325,0.0331391364010876,0.0579113313171711,-0.0275532696546615,0.225338972961445,1086.08635433313,1084.39340876766,TRUE,"RSER",5,866.86,5,2,0.278179526238053,1071.099,1041.069,NA,NA,33.5339859991883,55.7857048661128,80.4220314735329,75,-5.13825322481974,-4.99999999999545,55.6107954545495,0.185687910486514,1087.94407,1087.6098075,1089.49633910029,1086.47399089971,FALSE,FALSE,1151.38017726489,913.912822735106,0,10,0.414407094698432,45.8928214161895,FALSE,TRUE,66.4079951685486,59.7312717312867,5.78724490200184,10.6680771421597,16.6168258357718,5.860260564134,1.50389969026383,2.14907380458357,1.21965968610741,4.05906882436207,1.2196596861074,2.14907380458358,1.50389969026383,5.860260564134,25.9835893120647,FALSE,1088.706,1087.985165,"medium",FALSE,0.539953091350601,FALSE,"2026-10-07 18:36:00",1151.38017726489,913.912822735106,1011.42,1089.22,"","","","","",43,"C","NONE",97,"A","TREND_CONFIRMED",95,"PASS"
"MUU","NA","NA","NA","ETF",NA,"No",37.76,37.7,37.84,37.77,33.245,38.02,32.83,35.84,37.884,37.914,35.14,7.46,"-5.19","-","Downtrend","Uptrend","Hold","-","Neutral",37.72,37.99,0.163410301953818,"","Low reward High risk zone"," + Breakdown Signal: below lower bollinger band limit + ","Very Strong",37.7,"33.15-37.68"," + Breakdown Signal: below lower bollinger band limit + ",NA,"37.74-38","Higher","Neutral","10.24-65.52","5.86-24.48","False",14.12,NA,"medium","expanding",FALSE,-0.454230299770907,-0.553068211746118,-0.448194041655686,-0.548353622241784,-0.132240148108977,37.6792548908575,37.5465431151192,TRUE,"MeanReversion",5,24.3,9,2,0.511209161699417,36.866,35.261,NA,NA,6.10696819560343,31.1258596695044,51.6604938271602,14.8148148148143,-3.48923710034792,-51.8518518518543,16.6666666666662,0.0850143987782119,37.907486,37.8833808333333,38.0201369391706,37.8267630608294,FALSE,TRUE,42.0139271031636,27.3250728968364,0,10,0.040788317105484,3.04656506365744,FALSE,TRUE,64.8653578272941,58.0074060125602,5.91307839067375,2.60021668472373,30.2165692677896,8.69440459110474,1.85533745630547,2.87887017925041,2.10242587601078,7.79738190096756,2.10242587601079,2.87887017925041,1.85533745630546,8.69440459110473,53.7559561571304,FALSE,37.91164,37.92345,"low",FALSE,0.648350464812061,FALSE,"2026-10-07 18:44:00",42.0139271031636,27.3250728968364,32.83,38.02,"","","","","",9,"D","NONE",93,"A","TREND_CONFIRMED",83,"PASS"
"NBFC","NA","NA","NA","ETF",NA,"No",49.3,46.37,52.37,49.37,49.2,49.37,49.2,49.28,49.312,49.312,49.37,-0.14,"-","-","Neutral","Mixed trend","Hold","-","Neutral",NA,NA,2.79310344827588,"","Good reward to risk ratio zone"," + Positive News + ","None",49.16,"49.31-49.31"," + Positive News + ",NA,"49.17-49.38","Neutral","Neutral","48.12-50.48","48.21-49.44","False",0.35,NA,"medium","normal",FALSE,-0.303336703741164,-0.303336703741164,-0.303336703741164,-0.303336703741164,NA,NA,49.3124406035665,FALSE,"",3,48.99,3,NA,0.506780998759162,49.284,49.555,NA,NA,43.9288372865192,43.9288372865192,NA,22.3085460599328,0,-48.2796892341856,22.3085460599328,0.0622952807201287,NA,NA,49.4185705614403,49.1693894385597,FALSE,FALSE,50.2879631157605,48.9427768842395,NA,7.70234554367079,0,0.158987902393277,FALSE,FALSE,53.7243311239221,36.7656345688065,-1.96272222655469,-0.904522613065332,-2.00755317034388,-1.65569519249951,-0.944343982318678,0.0405844155844075,0.305188199389621,-0.141786510026332,0.305188199389628,0.0405844155844104,-0.944343982318674,-1.65569519249951,2.7484877588837,FALSE,49.29398,49.29398,"high",TRUE,-0.202182498463291,FALSE,"2026-10-07 16:00:00",50.2879631157605,48.9427768842395,49.2,49.37,"","News Alert","","","",9,"D","NONE",16,"D","EARLY_REVERSAL",80,"PASS"
"NBIS","Communication Services","Internet Content & Information","Netherlands","Large","Moderate","No",238.49,238.48,238.6,238.54,242.33,243.62,234.03,239.08,238.43,238.245,249.87,-4.55,"-3.14","Moderate","Mixed trend","Mixed trend","Hold","-","Neutral",237.7137,238.5,0.53936298076923,"","Low reward High risk zone"," + Breakout Signal: above upper bollinger band limit + ","Very Strong",237.44,"233.09-237.9"," + Breakout Signal: above upper bollinger band limit + ",NA,"237.74-238.71","Lower","Neutral","60.71-413.59","74.5-189.81","False",9.41,1.28,"medium","quiet",FALSE,0,0.220115293684575,0.175955838402901,0.256178940191013,0.509522464925554,237.621177706657,237.327598222057,FALSE,"",8,185.97,0,5,0.43927476184995,239.269,232.452,NA,NA,77.0226541760917,63.4108235054398,91.9753086419755,98.1481481481498,2.42749939481976,0,91.7218543046435,0.0775394609296829,238.171528,238.0355725,238.664729366609,237.620920633391,FALSE,FALSE,252.814205665946,207.111294334054,10,1.58751485655106,0.0928244427617545,16.3559749601391,FALSE,FALSE,45.4182256947473,52.9206270860456,-5.81484911608696,22.1855840074192,6.83876199486417,-1.33139172040773,4.65116279069767,0.538409360691882,-2.3310407314361,-5.09064713651099,-2.3310407314361,0.538409360691872,4.65116279069766,-1.33139172040774,22.0668368081251,FALSE,238.40856,238.142825,"low",FALSE,0.549593443721914,FALSE,"2026-10-07 18:42:00",252.814205665946,207.111294334054,234.03,243.62,"","","","","",47,"C","NONE",45,"C","NONE",60,"AVOID"
"NCPL","Financial Services","Capital Markets","United States","Nano",NA,"No",1.65,1.65,1.66,1.65,1.36,1.73,1.3,1.45,1.643,1.647,1.09,51.38,"25.37","Moderate","Mixed trend","Uptrend","Hold","-","Neutral",1.63,1.69,0.22360248447205,"","Low reward High risk zone"," + Breakout Signal + ","Very Strong",1.6,"0.87-1.62"," + Breakout Signal + ","Upwards Momentum Signal","1.45-1.85","Neutral","Neutral","0.12-3.06","0.23-0.33","False",13.26,-12.61,"medium","quiet",FALSE,-0.602409638554217,0,-1.78571428571429,-0.602409638554217,1.85185185185184,1.6151974490982,1.53094776921123,FALSE,"",11,0.42,6,4,4.12190857038352,1.363,1.078,NA,NA,64.0548383252592,49.9248477788825,11.1111111111111,33.3333333333333,-11.1111111111111,33.3333333333333,100,0.0134164078650479,1.665544,1.68801,1.68153881778448,1.61497118221552,FALSE,FALSE,1.78566077105627,0.177809228943729,10,10,0.0149841772932315,0.295805710815659,TRUE,TRUE,70.2246585900631,65.29925553404,10.6262257724619,248.302300109529,174.137931034483,228.376703841388,52.8846153846154,28.2258064516129,13.5714285714286,45.8715596330275,13.5714285714286,28.2258064516129,52.8846153846154,228.376703841388,904.256517878143,FALSE,1.644,1.648255,"high",FALSE,-18.5377582892898,FALSE,"2026-10-07 18:40:00",1.78566077105627,0.177809228943729,1.3,1.73,"","","","","",17,"D","NONE",100,"A","TREND_CONFIRMED",40,"AVOID"
"NEE","Utilities","Utilities - Regulated Electric","United States","Large","Good","Yes",76.9149,76.9,77.31,77.11,78.155,78.155,76.505,77.04,77.068,77.035,77.88,-1.24,"0.33","Very Weak","Mixed trend","Mixed trend","Hold","-","Neutral",76.7817,77.3851,2.37358490566037,"","Good reward to risk ratio zone"," + Positive News + ","Very Strong",76.74,"70.35-76.86"," + Positive News + ",NA,"76.9-77.38","Higher","Neutral","63.22-79.87","67.31-81.84","False",2.15,4.45,"high","expanding",FALSE,-0.175340687865015,-0.175340687865015,0.0193758127438196,0.0649190138554713,0.0584103031091432,76.653092082755,76.0257073213021,FALSE,"",3,73.73,6,0,0.626552787162168,76.945,78.333,NA,NA,31.3249175682724,46.5529802014991,53.5741906971615,22.0749088498515,-6.21708895008359,-47.248922770965,0,0.185434638080334,76.95376,76.9344983333333,77.2834382617793,76.8022317382207,FALSE,FALSE,83.418055498914,73.451944501086,0,5.31844347957792,0.128831024763867,1.36963599451217,FALSE,FALSE,53.3304202294006,38.7722301511352,-3.43201565696289,-13.2890739282097,-7.81193922718028,-6.76346037507562,0.0519345624513195,1.74280433060471,0.299362228296244,-1.05290190035952,0.299362228296252,1.74280433060472,0.0519345624513168,-6.76346037507563,13.5682058051991,FALSE,77.14,77.042835,"high",FALSE,-2.16603813835061,FALSE,"2026-10-07 18:15:00",83.418055498914,73.451944501086,76.5,78.16,"","News Alert","","Strong fundamentals, below 50/200-day averages","",26,"D","NONE",10,"D","EARLY_REVERSAL",65,"PASS"
"NEOG","Healthcare","Diagnostics & Research","United States","Mid",NA,"No",11.58,11.49,11.85,11.67,12.61,12.925,11.37,12.07,11.641,11.653,11.96,-3.18,"7.54","Weak","Mixed trend","Downtrend","Hold","-","Neutral",11.49,11.899,8.32258064516128,"","Excellent reward to risk ratio zone"," + ","Very Strong",11.43,"7.04-11.61"," + ",NA,"11.44-11.88","Higher","Neutral","7.1-16.26","7.91-10.69","True",4.4,-0.26,"high","expanding",FALSE,-0.600858369098715,-0.856164383561641,0.259740259740254,-0.600858369098715,0.0864304235090734,11.4010876439768,10.9608766031788,FALSE,"",5,10.93,6,0,2.87036305798984,12.216,12.543,NA,NA,33.4278813756355,46.0142950264069,30.154849225754,22.0048899755501,-11.9996656426974,-12.2249388753058,0,0.126329727301147,11.625568,11.6170966666667,11.8361047655594,11.5058452344406,FALSE,FALSE,14.2768681396208,11.2231318603792,0,0.31892165837282,0.0896087974542272,0.694235021687318,FALSE,FALSE,25.2447946508976,41.6946806126132,-2.52592642342476,20.7859358841779,0.343642611683841,-2.01342281879195,-13.927781871776,-8.75000000000001,-3.86831275720165,-2.34113712374583,-3.86831275720165,-8.75,-13.927781871776,-2.01342281879194,27.2093058981349,FALSE,11.6778,11.670975,"medium",FALSE,-0.521266817069623,TRUE,"2026-10-07 18:33:00",14.2768681396208,11.2231318603792,11.37,12.93,"","","Earnings Alert","","",22,"D","NONE",20,"D","NONE",75,"PASS"
"NFLX","Communication Services","Entertainment","United States","Large","Good","Yes",69.82,69.78,69.89,69.84,68.8,69.795,68.405,69.23,69.796,69.773,68.69,1.65,"0.29","Weak","Uptrend","Mixed trend","Hold","-","Neutral",69.72,69.82,3.58227848101266,"","Excellent reward to risk ratio zone"," + Breakout Signal: above upper bollinger band limit + ","Very Strong",69.67,"68.41-69.7"," + Breakout Signal: above upper bollinger band limit + ",NA,"69.75-70.05","Higher","Neutral","51.47-87.93","57.13-80.73","False",3.51,3.18,"low","normal",FALSE,0.121172143312934,0.0573230151905876,0.157796585855687,0.238608661695398,0.0143245953301689,69.6957270219727,69.5729588611268,TRUE,"MomentumPullback",11,65.33,0,8,0.171710548010329,68.863,71.621,NA,NA,70.3441498968261,60.0549673569742,74.4259259259288,100,9.75308641975234,22.2222222222205,100,0.0254764597422842,69.732632,69.7068625,69.8288840126362,69.7091859873638,FALSE,FALSE,79.8652877549801,64.6142122450199,10,10,0.0243077929699552,1.83931804655211,FALSE,TRUE,71.0534626179711,41.0313770465954,3.66941637018088,-5.20875832993336,-15.2377477806153,-8.32566092331974,-2.3262331838565,0.172463351537805,3.93677303906949,1.47037414470812,3.9367730390695,0.172463351537799,-2.3262331838565,-8.32566092331975,23.6032832097797,FALSE,69.7891,69.769035,"medium",FALSE,0.442470696865819,FALSE,"2026-10-07 18:42:00",79.8652877549801,64.6142122450199,68.4,69.8,"","","","","",79,"A","TREND_CONFIRMED",19,"D","EARLY_REVERSAL",65,"AVOID"
"NICE","Technology","Software - Application","Israel","Mid","Good","No",116.42,116,116.93,116.47,115.81,118.2,114.91,116.43,116.37,116.455,115.33,0.95,"-0.23","-","Mixed trend","Mixed trend","Hold","-","Neutral",116.05,116.77,0.636986301369862,"","Low reward High risk zone"," + ","Strong",115.77,"106.37-116.54"," + ",NA,"114.91-117.93","Neutral","Neutral","79.15-153.69","76.64-101.03","False",4.47,6.87,"medium","normal",FALSE,0.180707340160062,-0.128678047525085,-0.205726041488081,-0.969717591017353,-0.254888941247028,115.856410663434,114.916821113533,FALSE,"",6,95.73,5,-1,0.673064891963866,115.073,111.187,NA,NA,60.8977778281879,46.7993554462169,49.5791764475743,61.6666666666666,3.25478721091981,-0.0520833333327744,67.6470588235299,0.089888820217533,116.7823,117.0435925,116.836313358294,116.055186641706,FALSE,FALSE,122.73546323185,97.7385367681497,6.48595953793901,7.02299068900609,0.194206553753067,4.85905655727489,FALSE,FALSE,68.8237145073935,60.0562507936322,1.26154242437495,13.8247946812671,15.9215373892263,17.7505815717609,-1.16308684947789,4.62838141457716,2.21246707638279,0.945114020636438,2.21246707638278,4.62838141457715,-1.16308684947789,17.7505815717609,25.5753025267782,FALSE,116.379,116.44575,"medium",FALSE,-1.14244600848206,FALSE,"2026-10-07 16:00:00",122.73546323185,97.7385367681497,114.91,118.2,"","","","","",24,"D","EARLY_REVERSAL",85,"A","PULLBACK_ENTRY",75,"PASS"
"NIVF","Healthcare","Medical Care Facilities","Thailand","Nano","Moderate","No",0.1046,0.1,0.1,0.1,0.1082,0.1196,0.0969,0.11,0.104,0.104,0.099,5.66,"8.56","Moderate","Mixed trend","Mixed trend","Hold","-","Oversold",0.1034,0.1046,25.3301886792453,"","Excellent reward to risk ratio zone"," + Breakout Signal: above upper bollinger band limit + ","Very Strong",0.1,"0.08-0.1"," + Breakout Signal: above upper bollinger band limit + ","Breakdown Signal: below lower bollinger band limit","0.1-0.11","Neutral","Lower","-3.32-0.34","0.11-2.79","False",19.63,328.32,"low","quiet",TRUE,0.48030739673391,0.48030739673391,1.35658914728682,-1.04068117313151,1.06280193236715,0.103161849197666,0.0985325424961371,FALSE,"",8,0.13,0,7,1.42334980076994,0.134,0.507,NA,NA,81.0067211341915,61.9078656594042,95.8333333333333,100,2.77777777777783,0,100,0.000260768096209618,0.103984,0.104306666666667,0.104664417062075,0.103195582937925,FALSE,FALSE,1.23385784830554,-0.183337848305535,10,10,0.000240914641432419,0.152442839849131,FALSE,FALSE,29.5961611206855,21.4718752221754,0.509502512865836,-97.5291375291375,-93.5679611650485,-90.3636363636364,-82.0278060359444,-36.9047619047619,-17.8294573643411,7.39614994934144,-17.8294573643411,-36.9047619047619,-82.0278060359444,-90.3636363636364,-772.996797829378,FALSE,0.10434,0.10393,"high",TRUE,57.8940080029645,FALSE,"2026-10-07 18:30:00",1.23385784830554,-0.183337848305535,0.1,0.12,"","","","","",50,"C","NONE",7,"D","NONE",70,"AVOID"
"NMM","Industrials","Marine Shipping","Greece","Mid","Good","No",90.78,90.25,91.33,90.79,91.14,92.48,90.55,91.31,90.748,90.918,91.38,-0.66,"-","-","Mixed trend","Mixed trend","Hold","-","Neutral",90.55,91.3,1.19546742209632,"","Moderate reward to risk ratio zone"," + ","Weak",90.32,"83.35-90.9"," + ",NA,"90.56-91.44","Higher","Neutral","73.31-108.25","74.03-84.99","False",3.15,15.08,"medium","normal",FALSE,-0.284493458847308,-0.132013201320137,-0.547765118317266,-0.164962058726499,-0.732640787315475,90.4060977285118,89.7652078215984,TRUE,"MomentumPullback",9,84.47,5,5,0.848470676509065,91.365,90.707,NA,NA,54.8112079651816,44.126108509657,17.9776092452149,32.3943661971833,-1.21366016612499,32.3943661971833,88.4615384615383,0.120809767816214,91.042348,91.336515,91.3600206446377,90.5913793553623,FALSE,FALSE,94.3952250609165,88.3147749390835,10,0,0.144267788025349,2.35600203082923,TRUE,TRUE,32.6280589082479,52.6652222000342,-2.10183026420492,21.9178082191781,-0.0880475456746624,-0.0550478916657461,3.22947464180123,0.967634300967639,-1.89127850426889,-0.656598818122121,-1.89127850426889,0.967634300967646,3.22947464180123,-0.0550478916657493,6.88497493882212,FALSE,90.733,90.9757,"low",FALSE,-0.0222874648051512,FALSE,"2026-10-07 16:00:00",94.3952250609165,88.3147749390835,90.55,92.48,"","","","","",9,"D","NONE",40,"C","NONE",60,"AVOID"
"NOK","Technology","Communication Equipment","Finland","-",NA,"No",10.6491,10.62,10.65,10.63,10.565,10.76,10.45,10.62,10.653,10.65,10.97,-2.93,"-3.82","-","Mixed trend","Mixed trend","Hold","-","Neutral",10.61,10.68,0.567010309278352,"","Low reward High risk zone"," + ","Very Strong",10.6,"10-10.62"," + ",NA,"10.57-10.73","Neutral","Neutral","6.28-14.96","7.16-10.35","False",5.51,NA,"medium","normal",FALSE,-0.180908102433349,-0.195876288659787,0.368520263901991,0.179680150517403,0.0855263157894747,10.5979927215731,10.5476035238548,FALSE,"",4,9.15,5,2,0.68804447966209,10.575,10.447,NA,NA,25.3791973471364,50.8335999491234,51.5536828963807,54.4943820224729,-6.37099459009548,4.49438202247146,0,0.00850676201621592,10.631498,10.6316791666667,10.6896936246554,10.6166463753446,FALSE,FALSE,11.2148961722391,9.71010382776091,0,5.13979428742925,0.0120515276810888,0.480902101601544,FALSE,FALSE,52.7398837229317,52.3327852164165,-4.55247984371017,-8.91938250428817,2.60869565217391,-1.30111524163569,-0.0940733772342574,4.73372781065087,0.188679245283015,-3.19051959890612,0.188679245283008,4.73372781065087,-0.0940733772342606,-1.3011152416357,15.4971807837526,FALSE,10.6536,10.65317,"low",FALSE,0.101486103346321,FALSE,"2026-10-07 18:41:00",11.2148961722391,9.71010382776091,10.45,10.76,"","","","","",36,"D","NONE",32,"D","NONE",90,"PASS"
"NOMD","Consumer Defensive","Packaged Foods","United Kingdom","Small","Moderate","No",11.1,10.9,11.2,11.05,11.11,11.2309,10.85,11,11.035,11.016,10.97,1.19,"1.02","-","Uptrend","Uptrend","Hold","-","Neutral",10.96,11.1,0.373333333333332,"","Low reward High risk zone"," + Breakout Signal + Positive News + ","Very Strong",10.95,"9.74-10.95"," + Breakout Signal + Positive News + ",NA,"10.96-11.14","Lower","Neutral","8.5-13.5","8.25-10.62","False",2.74,1.03,"high","expanding",TRUE,0.954979536152801,0.909090909090906,0.77167498865183,0.954979536152801,2.20994475138122,10.935687547585,10.8159104210417,TRUE,"MomentumPullback",9,9.97,0,8,1.18703672445901,10.837,10.859,NA,NA,89.6689288265788,68.5665959977519,62.5,100,3.03195352214986,50,100,0.0443846820423494,11.0197,10.9725841666667,11.0709372166423,10.9410627833577,TRUE,FALSE,11.1554378579945,10.3485621420055,10,9.91536208558912,0.0246230129385412,0.347047223841475,TRUE,FALSE,78.7983157682069,51.5989672998001,0.702984893491056,-2.9126213592233,-7.48528174936922,-1.61001788908765,2.70774976657329,6.48596321393998,3.28638497652582,0.273473108477661,3.28638497652582,6.48596321393997,2.70774976657329,-1.61001788908766,7.79698382168327,FALSE,11.022,11.006,"low",FALSE,-4.48142045972531,FALSE,"2026-10-07 17:23:00",11.1554378579945,10.3485621420055,10.85,11.23,"","News Alert","","","",79,"A","TREND_CONFIRMED",41,"C","EARLY_REVERSAL",33,"AVOID"
"NOW","Technology","Software - Application","United States","Large","Moderate","Yes",138.02,138.02,138.3,138.16,139.5,140.8,137.49,138.64,138.034,138.015,137.97,0.04,"1.16","Moderate","Mixed trend","Mixed trend","Hold","-","Neutral",137.9,138.2038,0.87230215827338,"","Moderate reward to risk ratio zone"," + ","Very Strong",137.64,"133.6-138.55"," + ",NA,"137.38-138.68","Neutral","Neutral","91.21-184.53","89.13-121.6","False",5.77,1.6,"low","normal",FALSE,-0.0217312567910186,-0.0493887240184102,0.108798143178361,-0.252945002529446,-0.705035971223014,137.816975119455,137.382327443261,FALSE,"",4,119.71,5,2,0.237524695249325,136.73,135.731,NA,NA,40.1486168850675,50.0545687916283,50.0000000000059,50.0000000000059,-13.15789473684,0,NA,0.0527257053004645,138.015834,138.478336666667,138.185042918673,137.857597081327,FALSE,FALSE,143.473963960769,129.529036039231,0,6.80795685561517,0.0830971284465947,5.60254300150435,FALSE,FALSE,66.8796619909225,54.1744633525555,-0.134169150168759,31.4926084883167,8.55905511811024,5.15597589810082,-2.06705497940048,2.88038206104023,2.59711266557524,-0.0724795245343149,2.59711266557525,2.88038206104022,-2.06705497940048,5.15597589810082,10.7658702233482,FALSE,138.054,138.02132,"low",FALSE,-1.10061825511806,FALSE,"2026-10-07 18:48:00",143.473963960769,129.529036039231,137.49,140.8,"","","","","",32,"D","NONE",68,"B","PULLBACK_ENTRY",62,"WATCH"
"NU","Financial Services","Banks - Regional","Brazil","Large","Moderate","No",15.58,15.58,15.6,15.59,15.55,15.72,15.425,15.55,15.59,15.594,15.66,-0.51,"-0.82","Moderate","Mixed trend","Mixed trend","Hold","-","Neutral",15.58,15.6164,0.0405855921147994,"","Low reward High risk zone"," + Breakdown Signal: below lower bollinger band limit + ","Very Strong",15.54,"14.71-15.57"," + Breakdown Signal: below lower bollinger band limit + ",NA,"15.53-15.65","Neutral","Lower","12.84-16.18","9.59-13.5","False",3.49,0.73,"low","normal",FALSE,0,-0.204970535485524,0,-0.256720507551172,-0.764331210191078,15.5629720931134,15.4677885907742,FALSE,"",4,12.13,6,-1,0.348885148858084,14.815,14.14,NA,NA,37.8396438102458,46.0602265037797,27.4725274725266,0,3.29670329670316,-82.4175824175797,0,0.0122526731779513,15.595296,15.6158391666667,15.6204539858465,15.5661460141535,FALSE,FALSE,15.8601798550589,12.0308201449411,1.76888347179334,1.97184616785134,0.0170279068865701,0.624623227025731,FALSE,FALSE,88.3975588931909,63.5375348181,-0.905341890727577,11.3652609006433,2.90620871862615,3.86666666666667,14.3906020558003,23.0647709320695,16.0089352196575,-0.510855683269477,16.0089352196575,23.0647709320695,14.3906020558003,3.86666666666666,31.8295815578964,FALSE,15.58984,15.5933,"high",FALSE,1.64481234896417,FALSE,"2026-10-07 18:44:00",15.8601798550589,12.0308201449411,15.43,15.72,"","","","","",17,"D","NONE",83,"A","TREND_CONFIRMED",85,"PASS"
"NVD","NA","NA","NA","ETF",NA,"No",3.3413,3.34,3.36,3.35,3.35,3.39,3.31,3.35,3.347,3.351,3.3,1.25,"1.56","-","Mixed trend","Mixed trend","Hold","-","Neutral",3.3413,3.3585,6.18749999999999,"","Excellent reward to risk ratio zone"," + Breakdown Signal: below lower bollinger band limit + ","Very Strong",3.33,"3.13-3.36"," + Breakdown Signal: below lower bollinger band limit + ","Upwards Momentum Signal","3.31-3.38","Neutral","Neutral","1.18-5.52","2.16-5.77","False",7.76,NA,"low","quiet",FALSE,-0.488429579771867,-0.259701492537318,-0.553587904401922,-0.825146181472798,-0.85163204747775,3.3373270220038,3.31726408228865,FALSE,"",5,3.02,8,1,0.519450679078011,3.398,3.656,NA,NA,12.8403611952578,36.8106500840772,0,0,-20.1307189542485,0,0,0.00615004065027391,3.356038,3.36483583333333,3.35997661396635,3.34261338603365,FALSE,TRUE,4.30683177751643,3.16416822248357,0,10,0.00397297799620253,0.192772492933068,FALSE,FALSE,30.7947500533138,35.3329186969152,2.31637325331522,-26.6958424507659,-23.1651376146789,-12.0734908136483,-9.94623655913979,-7.96703296703297,-2.89855072463768,1.51515151515152,-2.89855072463768,-7.96703296703297,-9.94623655913979,-12.0734908136483,36.1126044725897,FALSE,3.34884,3.351295,"medium",FALSE,6.59903582688139,FALSE,"2026-10-07 18:43:00",4.30683177751643,3.16416822248357,3.31,3.39,"","","","","",9,"D","NONE",10,"D","NONE",83,"PASS"
"NVDA","Technology","Semiconductors","United States","Large","Good","Yes",237.8,237.76,237.8,237.78,237.685,239.08,236.38,237.73,237.781,237.724,239.24,-0.6,"-0.75","Good","Uptrend","Mixed trend","Hold","-","Neutral",237.59,237.8154,0.206727400140154,"","Low reward High risk zone"," + Breakout Signal: above upper bollinger band limit + ","Very Strong",237.5,"234.7-237.54"," + Breakout Signal: above upper bollinger band limit + ",NA,"237.6-238.37","Higher","Neutral","184.59-290.35","166.67-204","False",3.89,7.91,"low","normal",FALSE,0.0126172351432061,0.0462787664605215,0.0883875583989259,0.168491996630162,0.109455249642174,237.537877181041,237.285469913233,FALSE,"",9,204.86,1,8,0.105594025661973,235.926,228.39,NA,NA,68.7647961000731,60.6098188369683,80.6126561870199,90.6892382103996,-1.54897723536745,0,83.3333333333491,0.0232836423274476,237.609468,237.549138333333,237.839054459525,237.588175540475,FALSE,FALSE,242.280664089217,208.876335910783,8.51490771007379,0,0.0521688890463686,5.60474040551904,FALSE,FALSE,68.2800060300123,64.4088324031659,-2.86531433161011,12.2471166572131,11.5878013251257,6.28860442216454,5.30353421134318,3.98020842455557,1.5045949989314,-0.739842835646217,1.50459499893141,3.98020842455558,5.30353421134317,6.28860442216455,15.9923947501173,FALSE,237.78016,237.713615,"medium",FALSE,3.37109848165476,FALSE,"2026-10-07 18:33:00",242.280664089217,208.876335910783,236.38,239.08,"Good Fundamentals & Health","","","","",79,"A","TREND_CONFIRMED",81,"A","TREND_CONFIRMED",75,"PASS"
"NVST","Healthcare","Medical Instruments & Supplies","United States","ETF",NA,"No",23.04,22.92,23.34,23.13,23,23.47,22.895,23.06,23.035,23.03,23.27,-0.99,"-","-","Mixed trend","Mixed trend","Hold","-","Neutral",22.995,23.06,15.3181818181819,"","Excellent reward to risk ratio zone"," + Positive News + ","Very Strong",22.97,"22.07-23.04"," + Positive News + ",NA,"22.89-23.19","Neutral","Neutral","17.81-28.27","18.58-24.45","False",3.22,NA,"medium","expanding",FALSE,0.0651465798045627,0,0.0868809730668965,-0.238146785018401,-0.25974025974027,22.9765230042182,22.88483009429,FALSE,"",6,22.19,1,5,0.289846154676951,23.263,24.139,NA,NA,67.3106982751266,52.9745485246485,63.8888888888894,66.6666666666667,9.33048433048463,0,77.7777777777751,0.0129421791070742,23.0406,23.051395,23.0585706116091,22.9919293883909,FALSE,FALSE,25.7977359984068,22.2222640015932,10,0,0.0185131542863008,0.706477839882467,FALSE,FALSE,21.2787483448296,32.3178423637369,-1.72510175903554,-11.7579471466871,-16.1266836548963,-12.7933383800151,-3.27455919395466,-1.83212611844908,-1.79028132992328,-0.988397077782554,-1.79028132992328,-1.83212611844908,-3.27455919395466,-12.7933383800152,16.089593736071,FALSE,23.029,23.02525,"medium",FALSE,-6.14732462509208,FALSE,"2026-10-07 16:02:00",25.7977359984068,22.2222640015932,22.9,23.47,"","News Alert","","","",32,"D","NONE",2,"D","NONE",55,"WATCH"
"NXRT","Real Estate","REIT - Residential","United States","Small",NA,"No",19.5,19.22,20.58,19.9,20.18,20.18,19.06,19.56,19.487,19.428,20.18,-3.37,"-","-","Mixed trend","Mixed trend","Hold","-","Neutral",19.3,19.53,2.2930402930403,"","Good reward to risk ratio zone"," + Positive News + ","Very Strong",19.27,"17.43-19.67"," + Positive News + ",NA,"19.13-19.87","Neutral","Neutral","10.84-21.49","13.94-24.19","False",3.1,-1.31,"medium","normal",FALSE,0.205549845837611,0.386100386100382,1.45681581685745,1.64190774042221,0.879461976202802,19.2669946341251,19.111120012217,FALSE,"",8,18.08,0,7,1.21411103133961,19.434,20.433,NA,NA,80.6962789569407,70.2459640458431,83.3445945945941,81.2499999999993,7.22597597597585,-2.53378378378406,88.2352941176453,0.0273861278754936,19.3067,19.2324825,19.544975603454,19.310524396546,FALSE,FALSE,23.0265241993676,18.0214758006324,10,7.68285536507505,0.0333473903917296,0.830501361478841,FALSE,FALSE,52.3604711437726,38.2241834070026,-4.44995024273429,-26.4150943396226,-18.3074989526602,-12.6735333631885,-5.97878495660559,-0.0512557662737138,4.44563470808783,-3.36967294350842,4.44563470808783,-0.0512557662737168,-5.97878495660559,-12.6735333631885,27.7726888413852,FALSE,19.48,19.42775,"high",FALSE,-1.5956073795643,FALSE,"2026-10-07 16:42:00",23.0265241993676,18.0214758006324,19.06,20.18,"","News Alert","","","",66,"B","TREND_CONFIRMED",0,"D","NONE",20,"AVOID"
"OBAI","NA","NA","NA","ETF",NA,"No",0.2068,0.2,0.21,0.2,0.22,0.22,0.1861,0.19,0.202,0.196,0.197,4.97,"6.32","-","Mixed trend","Mixed trend","Hold","-","Oversold",0.1866,0.21,39.175,"","Excellent reward to risk ratio zone"," + ","Strong",0.18,"0-0.19"," + ","Upwards Momentum Signal","0.18-0.22","Lower","Lower","-0.32-0.27","0.15-0.39","False",20.26,NA,"high","expanding",FALSE,-1.52380952380951,7.93319415448853,8.38574423480085,8.8421052631579,1.62162162162163,0.182834380129541,0.160851768351365,FALSE,"",7,0.14,4,7,16.880733695527,0.205,0.252,NA,NA,69.0462464082457,61.1455364208103,62.3931623931625,86.3247863247864,-2.18423551756883,0,100,0.00947459761678552,0.191728,0.192049166666667,0.209568688457074,0.179301311542926,FALSE,FALSE,0.334251213711474,0.170518786288526,10,0,0.00417325932052988,0.0342070407232742,FALSE,FALSE,16.8890438980639,29.6074484084863,-1.03051063893597,-70.7692307692308,-44.5740956826138,-43.3681073025335,-24,-28.1391830559758,-10.7981220657277,-3.74873353596757,-10.7981220657277,-28.1391830559758,-24,-43.3681073025335,96.0201693823373,FALSE,0.20036,0.194435,"medium",FALSE,0.822296889316277,FALSE,"2026-10-07 18:32:00",0.334251213711474,0.170518786288526,0.19,0.22,"","","","","",51,"C","NONE",2,"D","NONE",65,"AVOID"
"OGC","NA","NA","NA","Mid","Good","No",26.38,25.3,26.84,26.07,25.9,26.85,25.67,26.47,26.388,26.418,26.71,-1.24,"-1.69","-","Mixed trend","Mixed trend","Hold","-","Neutral",26.38,26.5,6.60563380281693,"","Excellent reward to risk ratio zone"," + Positive News + ","Very Strong",26.34,"25.48-26.52"," + Positive News + ",NA,"26.06-26.46","Neutral","Neutral","19.27-33.63","19.92-24.6","False",4.58,3.77,"medium","normal",FALSE,-0.151400454201373,-0.0757575757575741,-0.490380988306309,-0.827067669172941,-0.975975975975982,26.3620482851722,26.2776432445139,FALSE,"",4,24.72,6,0,0.531682776209405,26.777,27.796,NA,NA,24.4168723126005,32.9211930212121,4.16666666666722,0,-6.10269360269368,0,0,0.00836660026510524,26.4931,26.6029916666667,26.4885450982549,26.3484549017451,FALSE,FALSE,30.2684964830717,25.8575035169283,0,0,0.0179517148277829,1.1023871038595,FALSE,FALSE,17.9890926157585,38.7221852363221,-1.75645464082164,11.6850127011008,-15.7726692209451,-15.1495657767771,-5.61717352415027,-4.17726116963313,-2.69273330874216,-1.23549232497193,-2.69273330874217,-4.17726116963314,-5.61717352415027,-15.1495657767771,17.0588508796127,FALSE,26.388,26.4185,"low",FALSE,-1.63873172331598,FALSE,"2026-10-07 16:42:00",30.2684964830717,25.8575035169283,25.67,26.85,"","News Alert","","Strong fundamentals, below 50/200-day averages","",9,"D","NONE",12,"D","NONE",58,"WATCH"
"OLB","Technology","Software - Infrastructure","United States","Nano",NA,"No",0.3839,0.38,0.39,0.39,0.2684,0.41,0.2684,0.33,0.385,0.386,0.41,-6.37,"-33.5","Moderate","Mixed trend","Mixed trend","Hold","-","Neutral",0.3814,0.39,0.490205446727186,"","Low reward High risk zone"," + ","Very Strong",0.37,"0.28-0.38"," + ",NA,"0.36-0.4","Neutral","Neutral","0.03-0.74","0-0.44","False",9.52,-0.25,"low","quiet",FALSE,-1.26028806584361,-1.05670103092783,0.999736911339128,5.38018116936591,1.10613642349224,0.380023432354924,0.367449817561343,TRUE,"MomentumPullback",8,0.14,6,3,2.93409169493164,0.305,0.252,NA,NA,14.1561610670784,44.2270418211129,24.7652582159627,15.2777777777783,-17.7376140383595,5.55555555555568,18.3333333333341,0.00222441003418176,0.38345,0.374525,0.392098296040041,0.380921703959959,FALSE,FALSE,0.361859653637591,0.105420346362409,3.15967580577766,9.19697549952114,0.00138559076807769,0.0527177468987464,FALSE,FALSE,85.1098082611199,70.668426941866,-5.05786101223714,7.50000000000001,19.0769230769231,15.5223880597015,82.8058573453,99.1765311374164,104.761904761905,-5.60975609756097,104.761904761905,99.1765311374164,82.8058573453,15.5223880597015,243.254092899304,FALSE,0.38596,0.38651,"high",FALSE,36.2279173999169,FALSE,"2026-10-07 18:46:00",0.361859653637591,0.105420346362409,0.27,0.41,"","","","","",22,"D","NONE",68,"B","TREND_CONFIRMED",78,"PASS"
"ONDS","Technology","Communication Equipment","United States","Mid",NA,"No",7.18,7.18,7.19,7.19,7.27,7.3,7.01,7.18,7.182,7.185,7.41,-3.1,"-2.06","Moderate","Mixed trend","Mixed trend","Hold","-","Neutral",7.18,7.19,3.76190476190476,"","Excellent reward to risk ratio zone"," + Breakdown Signal: below lower bollinger band limit + ","Very Strong",7.16,"6.85-7.18"," + Breakdown Signal: below lower bollinger band limit + ",NA,"7.17-7.2","Higher","Neutral","3.2-11.18","4.6-8.32","False",9.9,-0.06,"low","quiet",FALSE,0,0,0,0,-0.127969732376341,7.17383359423744,7.13810110742377,FALSE,"",5,6.15,4,0,0.266831415220792,7.311,7.46,NA,NA,30.3909599679517,46.0428733906067,0,0,-20.1111111111112,0,0,0.00500219951691539,7.18228,7.17928916666667,7.19602007179899,7.17686992820101,FALSE,FALSE,7.7246901221673,7.0293098778327,6.9996139537867,0,0.00616640576256239,0.407575027855383,FALSE,FALSE,29.3423852166129,42.1601598883874,-4.23939155809134,-2.30978260869565,-12.7427184466019,-1.37174211248285,-2.83783783783784,-1.90995907230559,-0.690607734806627,-2.9689608636977,-0.690607734806625,-1.90995907230559,-2.83783783783784,-1.37174211248284,9.89258200904645,FALSE,7.18362,7.186445,"low",FALSE,-0.560296991786819,FALSE,"2026-10-07 18:47:00",7.7246901221673,7.0293098778327,7.01,7.3,"","","","","",17,"D","NONE",4,"D","NONE",75,"PASS"
"OPLN","NA","NA","NA","Mid",NA,"No",34.79,34.24,35.47,34.86,34.8,35.16,34.5,34.78,34.792,34.779,34.96,-0.49,"-","-","Mixed trend","Mixed trend","Hold","-","Neutral",34.72,34.86,1.18085106382979,"","Moderate reward to risk ratio zone"," + Positive News + ","Very Strong",34.67,"33.23-34.74"," + Positive News + ",NA,"34.45-35.13","Neutral","Neutral","27.63-41.95","26.39-35.3","False",2.73,-0.85,"medium","expanding",FALSE,0,0.129515038134988,0.0287521564117252,-0.8266818700114,-0.114843525696236,34.6901571960459,34.5411033000764,FALSE,"",7,32.7,4,4,0.387447099111388,34.941,34.905,NA,NA,47.0883883595529,51.8021851230214,45.6790123456785,48.1481481481472,-5.77777777777758,0,19.9999999999972,0.0194935886903214,34.7838,34.8667858333333,34.83397115895,34.69952884105,FALSE,FALSE,35.606871303551,33.974128696449,10,0.688993355209266,0.0299029708975526,0.832376673714371,FALSE,TRUE,38.2051446100797,47.6497785170926,-1.47794545525894,-13.6938724882163,1.39900903526668,-1.27695800227016,1.75489909330214,1.93378259595663,-2.08274697438785,-0.4862700228833,-2.08274697438785,1.93378259595662,1.75489909330213,-1.27695800227016,4.80584100239991,FALSE,34.799,34.76675,"low",FALSE,-0.25216616624378,FALSE,"2026-10-07 16:02:00",35.606871303551,33.974128696449,34.5,35.16,"","News Alert","","","",36,"D","NONE",27,"D","NONE",80,"PASS"
"ORCL","Technology","Software - Infrastructure","United States","Large","Good","Yes",143.95,143.9,143.98,143.94,142.54,144.7,141.37,143.4,143.95,143.908,144.77,-0.57,"-1.48","Moderate","Mixed trend","Mixed trend","Hold","-","Neutral",143.75,143.99,1.87312186978297,"","Good reward to risk ratio zone"," + Breakout Signal: above upper bollinger band limit + ","Very Strong",143.59,"138.61-143.68"," + Breakout Signal: above upper bollinger band limit + ",NA,"141.02-146.88","Neutral","Neutral","93.79-193.33","99.53-142.15","False",5.66,6.38,"low","quiet",FALSE,0,0.0347463516330667,0.0347463516330667,0.215817321080481,0.139130434782601,143.676343619789,143.151183205534,TRUE,"Breakout",5,125.16,5,4,0.200694712525395,142.468,143.21,NA,NA,50.1417151384136,53.2538927981547,80.3995543029333,75.0933997509238,-1.50230276070088,-14.6960739332767,19.5312499999844,0.0286204472389111,143.859536,143.74953,144.042403234928,143.753896765072,FALSE,FALSE,154.166763425421,132.588236574579,0,0.576526256415167,0.0737588586527355,6.30787350602302,FALSE,FALSE,65.1865455317033,49.6741249988135,-1.41291286876051,12.2088478974519,-0.828958275766779,-11.1798552248964,-0.691754288876591,4.55935906773488,0.885453267744196,-0.835808523865447,0.885453267744185,4.55935906773488,-0.691754288876589,-11.1798552248964,16.274842631839,FALSE,143.9539,143.89815,"low",FALSE,-8.05630012112967,FALSE,"2026-10-07 18:50:00",154.166763425421,132.588236574579,141.37,144.7,"","","","","",40,"C","NONE",27,"D","NONE",70,"PASS"
"OTLK","Healthcare","Biotechnology","United States","ETF",NA,"No",0.594,0.59,0.59,0.59,0.6023,0.6066,0.58,0.59,0.593,0.591,0.572,3.85,"5.59","-","Mixed trend","Mixed trend","Hold","-","Neutral",0.5798,0.6,2.49317406143345,"","Good reward to risk ratio zone"," + ","Very Strong",0.58,"0.39-0.59"," + ",NA,"0.58-0.6","Lower","Neutral","-0.61-0.86","0.24-0.52","False",11.12,NA,"high","expanding",TRUE,1.71232876712329,-0.151285930408474,0.405679513184577,0.50761421319797,1.85185185185184,0.575975779267891,0.557200527278168,TRUE,"RSER",6,0.46,1,-1,3.83713716871559,0.59,0.632,NA,NA,60.5852463025915,53.6829290187547,75.5775577557757,70.2970297029703,16.1716171617162,-7.92079207920816,0,0.0050631018160807,0.590764,0.589275833333333,0.60124910484811,0.57903089515189,FALSE,FALSE,0.717738209854783,0.555051790145217,0,10,0.00391788050167796,0.0511229627846887,FALSE,TRUE,50.4213594096995,38.2794280550155,3.76102097695316,-65.8959537572254,-7.81250000000001,-8.37086504115547,-10.8357261598912,2.8770706190061,-0.505902192242834,3.14685314685315,-0.505902192242835,2.87707061900611,-10.8357261598912,-8.37086504115547,29.310133324136,FALSE,0.5914,0.59014,"low",TRUE,4.22618146680389,FALSE,"2026-10-07 18:19:00",0.717738209854783,0.555051790145217,0.58,0.61,"","","","","",40,"C","NONE",17,"D","EARLY_REVERSAL",85,"PASS"
"PARR","Energy","Oil & Gas Refining & Marketing","United States","Mid","Good","No",85.9,80,88.47,84.24,87.21,89.45,85.01,86.64,86.011,85.966,86.91,-1.16,"0.83","Very Weak","Mixed trend","Mixed trend","Hold","-","Neutral",85.79,86.15,0.279949558638083,"","Low reward High risk zone"," + ","Very Strong",85.56,"80.21-86.38"," + ",NA,"84.85-86.95","Neutral","Neutral","54.33-117.91","38.65-70.38","False",4.73,17.13,"low","normal",FALSE,-0.0349121377865718,-0.122085925236893,0.579591358819747,0.303596450256895,0.503100503100511,85.6855529023321,85.1282052546248,FALSE,"",6,71.45,5,1,0.390795228002663,85.422,82.497,NA,NA,27.7861624599797,48.4041505716674,71.2962962962961,30.5555555555554,8.76906318082758,-61.1111111111109,0,0.154094127079039,85.801726,85.6501266666667,86.1694676512107,85.8340323487893,FALSE,FALSE,89.7101345204592,75.3168654795408,0,0,0.104581019812008,4.45923251417979,FALSE,FALSE,60.5427260707287,59.062234973165,-1.8544936295768,17.0904146838885,16.6621511785424,3.5967761337664,11.8877484734312,5.51335456995834,2.52380952380953,-0.908986307674597,2.52380952380953,5.51335456995834,11.8877484734312,3.59677613376641,19.1102868517917,FALSE,86.017,86.00175,"medium",FALSE,2.36251912765415,FALSE,"2026-10-07 16:19:00",89.7101345204592,75.3168654795408,85.01,89.45,"","","","","",26,"D","NONE",83,"A","TREND_CONFIRMED",90,"PASS"
"PENG","Technology","Information Technology Services","United States","Mid","Moderate","No",72.5961,72.56,72.88,72.72,67.33,76.0999,65.7,71.2,72.661,72.696,64.21,13.06,"4.83","Moderate","Mixed trend","Uptrend","Hold","-","Neutral",72.5,72.88,0.132093111279334,"","Low reward High risk zone"," + ","Very Strong",72.11,"66.39-72.42"," + ","Upwards Momentum Signal","71.86-73.37","Neutral","Lower","44.22-82.12","16.72-43.49","True",8.17,1.4,"low","quiet",FALSE,-0.389544456641038,-0.156512386896417,-0.101692582909034,0.257008700455752,-0.498766447368403,72.4233934194091,72.0494316649012,FALSE,"",7,43.44,5,1,0.555766210976894,64.376,57.312,NA,NA,25.993178569503,44.9556608926965,31.7978415372468,25.269807844171,-18.0556902478184,7.76520136878483,19.2307692307771,0.111929120429055,72.665926,72.687695,72.8888363025423,72.4859836974577,FALSE,FALSE,67.3623747668217,42.8336252331783,2.71326353324293,8.72405857153677,0.0767081239342802,4.25091707853106,FALSE,FALSE,95.7069924255436,74.6893685773121,7.89075903422976,-6.67095115681234,44.1246526399365,42.2052487269878,34.7624350408315,32.766502102761,18.3344198174707,13.0820744432332,18.3344198174707,32.766502102761,34.7624350408315,42.2052487269879,57.2651728638739,FALSE,72.69254,72.68741,"medium",FALSE,17.6064032284363,TRUE,"2026-10-07 18:35:00",67.3623747668217,42.8336252331783,65.7,76.1,"","","Earnings Alert","","",13,"D","NONE",49,"C","NONE",78,"PASS"
"PFAI","Consumer Defensive","Farm Products","Canada","Nano",NA,"No",4.86,4.88,4.94,4.91,2.34,7.02,2.22,4.24,4.956,5.07,2.34,107.69,"-","-","Mixed trend","Uptrend","Hold","-","Neutral",4.82,5.45,0.667808219178082,"","Low reward High risk zone"," + ","Very Strong",4.56,"3.24-4.69"," + ","Breakout Signal: above upper bollinger band limit","4.42-5.53","Higher","Lower","2.11-4.72","0.79-2.37","True",8.58,-0.17,"medium","normal",FALSE,-5.26315789473683,-7.24659808767677,-1.41987829614603,11.7241379310345,20.5955334987593,4.68602516588634,4.05481324659121,FALSE,"",5,1.93,7,0,14.4979281856801,3.388,2.966,NA,NA,34.3451626698405,41.7685950040085,18.5141320644833,8.16326530612247,0.926227443011217,-31.2793576446972,0,0.0868929226117516,5.089328,4.62624583333333,5.50032008062577,4.80385991937423,FALSE,FALSE,3.9994931580579,1.8268568419421,2.4418364804703,10,0.135086658463151,0.547052908236981,FALSE,TRUE,89.9229228771336,76.3698290951505,40.3006089623276,43.5691227275302,64.6103896103896,91.3207547169811,69,83.0324909747293,100.395256916996,116.666666666667,100.395256916996,83.0324909747292,69,91.3207547169812,118.927562698679,TRUE,4.9204,5.15209,"high",TRUE,50.8204611190778,TRUE,"2026-10-07 18:39:00",3.9994931580579,1.8268568419421,2.22,7.02,"","","","","",15,"D","NONE",80,"A","TREND_CONFIRMED",65,"AVOID"
"PG","Consumer Defensive","Household & Personal Products","United States","Large","Good","Yes",148.32,147.82,148.47,148.14,148.68,149.665,147.755,148.73,148.021,148.028,148.41,-0.06,"0.44","Very Weak","Uptrend","Mixed trend","Hold","-","Neutral",147.755,148.32,0.312080536912755,"","Low reward High risk zone"," + Breakout Signal: above upper bollinger band limit + ","Very Strong",147.72,"142.74-148.46"," + Breakout Signal: above upper bollinger band limit + ",NA,"147.37-149.72","Higher","Lower","142.37-149.59","128.21-139.57","False",1.94,6.62,"high","expanding",TRUE,0.351826792963452,0.199290660361417,-0.00674172453314861,-0.101030511214391,-0.138023901700059,147.654609923479,147.21201724436,FALSE,"",8,139.61,0,8,0.440499129253632,147.006,146.442,NA,NA,96.3031485535166,64.1287065114348,55.204819277109,100,16.1445278778378,50.0481927710825,100,0.225161071236154,148.272416,148.390215833333,148.337144062539,147.686585937461,FALSE,FALSE,149.578523779568,143.347476220432,10,9.34977340012589,0.100773957901002,2.38399466663171,TRUE,FALSE,65.3089922865831,54.4369300318446,-1.82110606897111,1.94482758620689,1.6643741403026,3.63151991026361,0.29174299477577,1.74834801762114,2.00814298530122,-0.397547335085239,2.00814298530121,1.74834801762114,0.291742994775768,3.6315199102636,4.34681357734788,FALSE,147.93746,148.011865,"low",FALSE,-0.309030591083993,FALSE,"2026-10-07 18:43:00",149.578523779568,143.347476220432,147.76,149.66,"","","","","",48,"C","EARLY_REVERSAL",72,"A","TREND_CONFIRMED",50,"AVOID"
"PII","Consumer Cyclical","Recreational Vehicles","United States","Mid",NA,"No",52.79,52.33,53.66,52.99,52.05,52.84,51.72,52.31,52.765,52.703,52.79,0,"-","-","Uptrend","Mixed trend","Hold","-","Neutral",52.58,52.84,4.82876712328767,"","Excellent reward to risk ratio zone"," + Breakout Signal: above upper bollinger band limit + Positive News + ","Very Strong",52.51,"49.81-52.53"," + Breakout Signal: above upper bollinger band limit + Positive News + ",NA,"52.37-53.21","Neutral","Neutral","28.37-59.2","40.17-57.05","False",4.39,-4.61,"medium","normal",FALSE,0.123281175912751,0.2659069325736,0.227833681412564,0.705837466615791,1.36328725038403,52.5275984808685,52.263333940688,TRUE,"Breakout",10,49.2,2,9,0.434122191187012,52.815,54.82,NA,NA,78.5844544882954,62.4074685369916,78.2051282051275,80.7692307692295,5.10878010877945,0,54.5454545454534,0.0476182738036827,52.6606,52.4674483333333,52.807128275017,52.578871724983,FALSE,FALSE,58.870952709643,49.764047290357,10,10,0.0526108062942802,1.88468764031274,FALSE,FALSE,48.4466788649403,33.3751785357299,-1.4210854715202e-14,-20.9612217397814,-16.0597869295596,-10.9179885251434,-0.283339629769548,1.22722914669224,-1.71290262520946,0,-1.71290262520946,1.22722914669224,-0.283339629769552,-10.9179885251434,18.3001703341174,FALSE,52.756,52.693,"medium",FALSE,-6.68431970803485,FALSE,"2026-10-07 16:02:00",58.870952709643,49.764047290357,51.72,52.84,"","News Alert","","Strong fundamentals, below 50/200-day averages","",79,"A","TREND_CONFIRMED",9,"D","EARLY_REVERSAL",60,"WATCH"
"PLTR","Technology","Software - Infrastructure","United States","Large","Moderate","Yes",193.95,193.95,194,193.98,192.705,194.7,190.112,192.56,193.965,193.949,192.07,0.98,"0.25","Moderate","Mixed trend","Uptrend","Hold","-","Neutral",193.85,194.01,0.0223199188366587,"","Low reward High risk zone"," + Breakout Signal: above upper bollinger band limit + ","Very Strong",193.66,"190.93-193.8"," + Breakout Signal: above upper bollinger band limit + ",NA,"193.52-194.43","Neutral","Neutral","120.78-267.46","130.01-159.46","False",5.97,1.16,"low","quiet",FALSE,0.0177912544381341,-0.0025779175582088,0,-0.0206196195680295,0.424584476777297,193.800114424399,193.558908011971,FALSE,"",3,159.12,4,4,0.0943690443278619,191.271,185.061,NA,NA,44.2953521261335,50.8892911164957,46.4150353178658,39.4550958627582,-8.48214551453607,-59.4349142280796,39.8979591836585,0.0439556935972595,193.89958,193.619644166667,194.043212041102,193.860267958898,FALSE,FALSE,200.987650050429,165.531349949571,1.40753857730268,10,0.0499113097128755,6.00430558610226,FALSE,FALSE,87.9984967323262,66.1637184353512,1.84505005759578,45.169009871373,12.3834886817577,14.5048074087182,1.2148704312008,3.77973803795776,2.84503311258278,1.06731920653929,2.84503311258277,3.77973803795777,1.21487043120081,14.5048074087182,21.4196888454418,FALSE,193.97596,193.95174,"medium",FALSE,-0.423298012091134,FALSE,"2026-10-07 18:41:00",200.987650050429,165.531349949571,190.11,194.7,"","","","","",31,"D","NONE",93,"A","TREND_CONFIRMED",75,"PASS"
"PLUG","Industrials","Electrical Equipment & Parts","United States","Mid",NA,"No",1.79,1.78,1.79,1.79,1.81,1.82,1.75,1.8,1.788,1.787,1.86,-3.76,"-2.45","Moderate","Mixed trend","Mixed trend","Hold","-","Neutral",1.78,1.79,13.5,"","Excellent reward to risk ratio zone"," + ","Very Strong",1.77,"1.52-1.8"," + ","Breakdown Signal: below lower bollinger band limit","1.78-1.79","Lower","Neutral","1.22-2.37","1.16-2.08","False",8.22,-1.31,"medium","quiet",FALSE,0.0503046224358685,0.0838691641040009,0.561797752808989,0.561797752808989,0.448933782267116,1.77481187182333,1.74637644394482,FALSE,"",7,1.64,1,7,1.0241149105607,1.855,1.971,NA,NA,60.5396782634361,52.845319825654,67,100,0.888888888889047,0,100,0.00539518303674629,1.78608,1.78544833333333,1.79535002891844,1.77714997108156,FALSE,FALSE,2.1960080970084,1.7799919029916,8.26521551024255,0,0.00521727496418188,0.102128597447996,FALSE,FALSE,9.21547113460332,32.1348539803856,-4.24257633585916,-21.5859030837004,-21.5859030837004,-17.9723502304147,-12.7450980392157,-8.24742268041237,-6.31578947368421,-4.30107526881721,-6.31578947368421,-8.24742268041236,-12.7450980392157,-17.9723502304147,23.3718026086305,FALSE,1.78606,1.78625,"low",TRUE,-0.12152181148609,FALSE,"2026-10-07 18:49:00",2.1960080970084,1.7799919029916,1.75,1.82,"","","","","",72,"A","TREND_CONFIRMED",0,"D","NONE",55,"AVOID"
"PLUS","Technology","Software - Application","United States","Mid","Good","No",92.79,92.3,110,101.15,93.01,93.76,91.6401,92.72,92.762,92.811,94.16,-1.45,"-","-","Mixed trend","Mixed trend","Hold","-","Neutral",92.52,93.06,0.311320754716979,"","Low reward High risk zone"," + ","Strong",92.27,"87.24-92.42"," + ",NA,"91.51-94.07","Neutral","Neutral","76.34-109.24","73.38-85.17","False",2.71,4.71,"medium","quiet",FALSE,0.205183585313188,-0.118406889128094,-0.493297587131361,0.628999023967045,-1.46543485186365,92.4212565745519,91.9551965676069,FALSE,"",3,85.28,2,5,0.645198321861651,92.86,91.504,NA,NA,68.0988726908814,48.4541965648296,50.0000000000013,50.0000000000013,7.92181069958878,0,48.387096774195,0.0557225268633047,92.870918,92.7479058333333,93.1310138628543,92.5339861371457,FALSE,FALSE,94.6917206644022,88.6567793355978,10,0,0.0990315871954788,2.46191736935267,FALSE,FALSE,48.3765670735905,56.5077348574147,-6.03918938097853,6.30083629281705,7.4455766558592,5.09683995922528,0.825817668151695,3.08854571714254,-0.653104925053533,-1.45497026338147,-0.653104925053527,3.08854571714254,0.825817668151685,5.09683995922527,6.80708387337191,FALSE,92.751,92.8325,"low",FALSE,-0.123335236241499,FALSE,"2026-10-07 16:02:00",94.6917206644022,88.6567793355978,91.64,93.76,"","","","","",25,"D","NONE",81,"A","TREND_CONFIRMED",85,"PASS"
"PM","Consumer Defensive","Tobacco","United States","ETF",NA,"Yes",192.74,192.22,192.89,192.56,191.51,192.87,190.385,192.09,192.699,192.59,190.4,1.23,"0.49","-","Mixed trend","Uptrend","Hold","-","Neutral",192.27,192.805,0.132867132867135,"","Low reward High risk zone"," + Breakout Signal: above upper bollinger band limit + ","Very Strong",192.12,"185.67-192.14"," + Breakout Signal: above upper bollinger band limit + ",NA,"192.22-192.88","Lower","Lower","181.14-196.76","152.7-180.05","False",2.93,NA,"medium","expanding",FALSE,0.103874519580356,0.128576438043042,0.161097541963312,0.243144495442667,0.479616306954445,192.138819523808,191.517855847615,TRUE,"MomentumPullback",10,177.66,1,7,0.306179889497884,190.469,189.248,NA,NA,64.9894259389091,59.185541402678,81.4626621903629,87.3786407766998,3.65226750854145,8.87396787950541,60.6060606060669,0.0637965516309118,192.521358,192.257428333333,192.839817229483,192.251182770517,FALSE,FALSE,193.788663739491,185.400336260509,10,10,0.131501144126475,4.2531324811157,FALSE,TRUE,81.3801648226179,57.7512766626363,4.04227165102108,10.4557179707653,0.218442814791693,4.6488893716396,1.83384420251559,1.84460887949261,2.78992851808385,1.20273109243697,2.78992851808386,1.8446088794926,1.8338442025156,4.64888937163961,4.52444027242558,FALSE,192.702,192.5455,"low",FALSE,-2.2753827921701,FALSE,"2026-10-07 16:01:00",193.788663739491,185.400336260509,190.38,192.87,"","","","","",79,"A","TREND_CONFIRMED",97,"A","TREND_CONFIRMED",75,"PASS"
"PR","Energy","Oil & Gas E&P","United States","Large","Good","No",22.5,22.17,22.54,22.36,22.8,22.8,21.94,22.15,22.329,22.248,22.35,0.67,"0.56","-","Uptrend","Mixed trend","Hold","-","Neutral",22.15,22.5,1.73684210526315,"","Good reward to risk ratio zone"," + Breakout Signal: above upper bollinger band limit + ","Very Strong",22.13,"19.99-22.11"," + Breakout Signal: above upper bollinger band limit + ",NA,"22.08-22.92","Neutral","Neutral","16.86-27.48","17.24-21.29","False",3.43,1.52,"high","expanding",TRUE,1.35135135135135,1.11405215687509,1.64897221594759,1.37418337463393,2.11027910142954,22.1074674675727,21.8981966300733,TRUE,"Breakout",11,20.28,2,10,1.34567565822541,22.092,22.167,NA,NA,92.2670147936153,79.928115572278,74.545454545453,100,1.77156177156143,40.0000000000021,100,0.11313708498985,22.183396,22.1464008333333,22.3841039247871,22.0868860752129,TRUE,FALSE,24.2173900132403,20.4406099867597,10,0.153923335802293,0.0432046040457544,0.676041278574856,TRUE,FALSE,59.7607274379425,49.7728838574546,-2.05318762665726,13.9260020554985,-4.23326133909286,-5.53898593949722,2.26014760147602,4.97159090909091,0.226039783001812,-0.805369127516777,0.226039783001819,4.97159090909092,2.26014760147601,-5.53898593949722,18.4768459890724,FALSE,22.3,22.235495,"medium",FALSE,-1.21708552060606,FALSE,"2026-10-07 18:26:00",24.2173900132403,20.4406099867597,21.94,22.8,"","","","","Undervalued",59,"B","TREND_CONFIRMED",28,"D","NONE",25,"AVOID"
"PRMB","Consumer Defensive","Beverages - Non-Alcoholic","United States","-",NA,"No",19,18,19.8,18.9,19.28,19.37,18.71,18.97,19.017,18.972,19.22,-1.14,"0.14","-","Mixed trend","Downtrend","Hold","-","Neutral",18.85,19.08,8.82827586206898,"","Excellent reward to risk ratio zone"," + Positive News + ","Very Strong",18.85,"17.29-18.94"," + Positive News + ",NA,"18.78-19.22","Neutral","Neutral","13.13-24.87","14.49-22.05","True",3.91,NA,"high","expanding",FALSE,-0.288638152715821,0.131752305665342,0.983258038798824,1.22535961640917,0.742311770943799,18.8208950937047,18.694596012464,TRUE,"Breakout",5,18.1,6,4,1.52186372897437,19.282,20.036,NA,NA,20.4072860964313,61.6724281955402,69.0476190476197,61.9047619047622,-8.65079365079335,0,0,0.0285919569122412,18.8764,18.8194375,19.1014199395091,18.8150800604909,FALSE,FALSE,21.4979959619415,18.4220040380585,0,0,0.0293365103241429,0.710522940383551,FALSE,FALSE,29.7527806935144,33.1838079849445,-1.6954983305849,-20.9650582362729,-18.6295503211991,-8.87290167865708,-3.79746835443038,-0.262467191601054,-2.614044079959,-1.14464099895941,-2.614044079959,-0.262467191601057,-3.79746835443038,-8.87290167865709,16.6973794899201,FALSE,19.031,18.95825,"medium",FALSE,-2.81035224531962,TRUE,"2026-10-07 16:00:00",21.4979959619415,18.4220040380585,18.71,19.37,"","News Alert","","","",47,"C","NONE",2,"D","NONE",65,"PASS"
"PURR","NA","NA","NA","Mid","Good","No",11.77,11.72,11.79,11.75,11.925,12.071,11.6,11.85,11.762,11.751,12.5,-5.84,"-4.52","Moderate","Uptrend","Mixed trend","Hold","-","Neutral",11.7,11.795,2.55696202531645,"","Good reward to risk ratio zone"," + ","Very Strong",11.67,"10.53-11.75"," + ",NA,"11.58-11.95","Neutral","Neutral","4.61-18.85","7.09-9.64","False",8.7,3.21,"medium","normal",TRUE,0.426621160409547,0.369242838991365,0,0.684345594525236,0.555318240068343,11.6780082124254,11.56276869141,TRUE,"Breakout",9,9.71,2,9,0.8666547214398,12.215,12.231,NA,NA,59.6428328896003,53.7658835628161,81.4814814814819,77.7777777777782,11.0368513877284,11.1111111111109,33.3333333333333,0.0167332005306618,11.74629,11.7164541666667,11.7959006819082,11.6945493180918,FALSE,FALSE,14.4737355295753,10.5012644704247,3.84861890218267,0,0.0221233623720387,1.00874237969404,TRUE,FALSE,29.5393884007205,48.4300260396101,-5.34410228468448,59.5918367346939,-1.17944397641111,-2.4937655860349,-15.8536585365854,-4.40097799511002,-1.34566862910009,-6.16,-1.34566862910008,-4.40097799511002,-15.8536585365854,-2.4937655860349,37.8285021802715,FALSE,11.764,11.745225,"medium",FALSE,0.039468470099596,FALSE,"2026-10-07 18:26:00",14.4737355295753,10.5012644704247,11.6,12.07,"","","","","",42,"C","NONE",23,"D","NONE",95,"PASS"
"QCOM","Technology","Semiconductors","United States","Large","Good","Yes",177.5,177.2,177.75,177.48,178.92,179.82,175.3505,177.57,177.619,177.485,181.03,-1.95,"-1.2","Moderate","Mixed trend","Mixed trend","Hold","-","Neutral",177.0845,177.81,4.3469288956127,"","Excellent reward to risk ratio zone"," + ","Very Strong",176.95,"171.15-177.1"," + ",NA,"177.35-178.54","Higher","Neutral","122.78-231.46","128.77-163.15","False",5.27,8.64,"medium","normal",FALSE,-0.112549240292622,0,0.197572678521024,0.330667269592747,0.543786110796425,176.972519165841,176.476830830855,FALSE,"",4,161.94,5,2,0.541476055897588,181.075,182.833,NA,NA,30.2540764663403,52.832299026782,70.4683018528198,39.2156862745083,-1.98647289978286,-49.3914434572056,0,0.111538334222365,177.210462,177.0072625,177.929042220879,176.970787779121,FALSE,FALSE,201.056209563228,171.499790436772,0,0,0.112243578987325,7.64855937895628,FALSE,FALSE,16.7122997791836,45.9307352910088,-3.36701511011285,-0.0112905046855492,10.9148976141274,0.408163265306122,-10.2007706347597,-3.76005216257335,-4.19213501379348,-2.15986300613158,-4.19213501379347,-3.76005216257335,-10.2007706347597,0.408163265306127,17.2340846896562,FALSE,177.6396,177.449915,"medium",FALSE,-2.86209905538972,FALSE,"2026-10-07 18:48:00",201.056209563228,171.499790436772,175.35,179.82,"","","","","",36,"D","NONE",24,"D","NONE",70,"PASS"
"QQQ","NA","NA","NA","ETF",NA,"No",758.5104,758.66,758.73,758.69,753.79,758.3,751.75,756.23,758.539,758.557,759.66,-0.15,"-0.76","-","Mixed trend","Mixed trend","Hold","-","Neutral",758.34,758.89,0.0877523092712965,"","Low reward High risk zone"," + Breakout Signal: above upper bollinger band limit + ","Very Strong",758.2,"753.39-758.25"," + Breakout Signal: above upper bollinger band limit + ",NA,"757.01-760.01","Neutral","Neutral","670.37-845.09","563.62-690.88","False",1.91,NA,"medium","normal",FALSE,-0.0328957773208902,-0.00694734558007882,0.0185133905613354,0.071295697718904,0.0950659153591418,758.251595520525,757.875299791076,FALSE,"",7,695.82,5,4,0.0826333986711554,753.593,738.286,NA,NA,37.4330954787784,49.5322377869836,14.7146464646434,13.7272727272652,-10.2727496767416,-6.27272727271965,75.5000000000171,0.0364805702191311,758.343046,757.993583333333,758.883971929351,758.257398070649,FALSE,FALSE,770.66655386984,696.37044613016,7.97766703568867,0,0.0884243440779193,9.08604327687441,FALSE,FALSE,77.5647871009976,68.1545815598389,-1.92218588201409,5.3954432915125,6.72554156455111,5.89328637710326,2.22878806276224,2.42778160779702,1.08727554096961,-0.254061027301681,1.08727554096961,2.42778160779702,2.22878806276223,5.89328637710327,10.6690495199151,FALSE,758.50608,758.570685,"high",FALSE,1.35750164280691,FALSE,"2026-10-07 18:39:00",770.66655386984,696.37044613016,751.75,758.3,"","","","","",26,"D","NONE",83,"A","TREND_CONFIRMED",70,"PASS"
"QXO","Industrials","Industrial Distribution","United States","Large",NA,"No",11.35,11.31,11.36,11.34,11.7,11.73,10.77,11.23,11.348,11.322,12.11,-6.28,"-2.69","Very Weak","Mixed trend","Mixed trend","Hold","-","Neutral",11.25,11.37,2.82407407407407,"","Good reward to risk ratio zone"," + ","Very Strong",11.23,"10.18-11.23"," + ",NA,"11.24-11.46","Neutral","Neutral","6.03-16.59","7.15-13.89","True",6.01,-0.91,"medium","normal",TRUE,0.285393675393404,0.353669319186553,0.709849157054127,-0.0871486544775924,0.978647686832735,11.2302030021497,11.1347011111027,TRUE,"Breakout",8,10.24,3,6,1.30746521101225,11.775,12.161,NA,NA,55.8435977242046,57.1626002278547,83.0894951891398,76.2752075919338,5.79683148809217,-7.82918149466273,0,0.0212582219391639,11.305616,11.2944041666667,11.3835928224849,11.2366771775151,FALSE,FALSE,12.7907107852136,11.1322892147864,0,0,0.0199729711645435,0.642802616937542,FALSE,FALSE,21.2514384301764,38.0863329949493,-7.59756464480832,-21.7842323651452,-18.3393501805054,-11.014948859166,-7.89902280130292,-3.25064157399486,-6.21890547263682,-6.60611065235342,-6.21890547263682,-3.25064157399486,-7.89902280130292,-11.014948859166,14.8973992539155,FALSE,11.34732,11.310135,"low",FALSE,-4.85827815917337,TRUE,"2026-10-07 18:42:00",12.7907107852136,11.1322892147864,10.77,11.73,"","","","","",50,"C","NONE",0,"D","NONE",60,"WATCH"
"RCT","Technology","Software - Application","United Kingdom","ETF",NA,"No",0.132,0.13,0.13,0.13,0.1367,0.1367,0.127,0.13,0.134,0.133,0.128,3.13,"5.03","-","Mixed trend","Mixed trend","Hold","-","Neutral",0.1291,0.1345,5.66176470588235,"","Excellent reward to risk ratio zone"," + ","Very Strong",0.12,"0.07-0.13"," + ","Breakdown Signal: below lower bollinger band limit","0.13-0.14","Higher","Neutral","0.01-0.25","0.01-0.56","False",10.51,NA,"medium","quiet",FALSE,-1.78571428571427,-1.78571428571427,1.14942528735632,2.6438569206843,-2.5830258302583,0.128212975385526,0.116652244086137,TRUE,"RSER",4,0.1,6,0,5.11082405290496,0.157,0.184,NA,NA,4.26296401332117,45.9158290039121,83.3333333333331,53.7037037037038,-4.93827160493824,-44.444444444444,0,0.00107331262920175,0.132002,0.1312925,0.136293513003,0.129666486997,FALSE,FALSE,0.230409909063754,0.146560090936246,0,1.08585333771979,0.000906950031840553,0.0188151530282221,FALSE,FALSE,11.2938056467682,25.4769579052086,2.21370180478279,-49.3461538461538,-34.9308300395257,-36.2227602905569,-32.1134020618557,-32.1134020618557,-31.619937694704,2.89062500000001,-31.619937694704,-32.1134020618557,-32.1134020618557,-36.2227602905569,57.2119037262216,FALSE,0.13392,0.13298,"medium",TRUE,31.1227849813745,FALSE,"2026-10-07 18:20:00",0.230409909063754,0.146560090936246,0.13,0.14,"","","","","",26,"D","NONE",10,"D","NONE",90,"PASS"
"RELY","Technology","Software - Infrastructure","United States","Mid","Good","No",23.38,22.88,23.6,23.24,22.95,23.36,22.87,23.1,23.083,23,23.2,0.78,"-1.1","-","Uptrend","Mixed trend","Hold","-","Neutral",22.9,23.38,0.302496328928047,"","Low reward High risk zone"," + Breakout Signal + ","Very Strong",22.85,"20.32-23.07"," + Breakout Signal + ",NA,"22.73-24.03","Neutral","Neutral","14.53-31.33","14.83-21.96","False",4.76,1.38,"high","expanding",TRUE,1.807097757457,2.029238490072,1.19021856740965,1.05900151285929,0.928124325491042,22.8483925123167,22.5843062951793,FALSE,"",9,19.01,0,8,1.74792397482271,22.579,22.456,NA,NA,97.3967904795275,82.9389936354443,55.5555555555564,100,6.15136876006418,66.6666666666653,100,0.201370305656041,23.0323,23.0838083333333,23.170270628394,22.772229371606,TRUE,FALSE,23.1804373209762,20.4575626790238,10,2.94513046894793,0.0526892166828085,0.994906148237383,TRUE,FALSE,71.3781987545304,51.7983279428371,-2.02137014264544,-2.50850340136054,-12.5476735316552,-4.73618612380557,13.5710747894997,7.45079662605436,5.32843362425356,-1.16379310344827,5.32843362425357,7.45079662605437,13.5710747894997,-4.73618612380557,13.3098682608186,FALSE,23.02,22.97125,"low",FALSE,-12.3140233639658,FALSE,"2026-10-07 17:19:00",23.1804373209762,20.4575626790238,22.87,23.36,"","","","","",59,"B","TREND_CONFIRMED",30,"D","EARLY_REVERSAL",25,"AVOID"
"RHP","Real Estate","REIT - Hotel & Motel","United States","Mid","Good","No",119.29,118.67,136.88,127.78,120.67,121.8,119.05,120.47,119.218,119.358,120.91,-1.34,"-0.01","-","Mixed trend","Mixed trend","Hold","-","Neutral",119.05,119.7,2.21038251366118,"","Good reward to risk ratio zone"," + Breakout Signal + ","Strong",118.96,"113.77-120.12"," + Breakout Signal + ",NA,"118.26-120.32","Neutral","Neutral","101.38-137.2","87.84-114.75","False",2.38,4.11,"medium","normal",FALSE,0.142713230355945,-0.0586461126005305,-0.728165439187783,-0.57095228172535,-1.36023483689585,118.944374084639,118.484594820658,TRUE,"MomentumPullback",9,113.83,3,7,0.714470850333589,120.317,120.946,NA,NA,77.6524388426498,40.9480260884036,33.5415582162081,47.0588235294131,7.5974014036803,5.88235294117663,88.8888888888936,0.0875831033915048,119.75209,120.396954166667,119.777753113936,118.928046886064,FALSE,FALSE,121.909312890794,118.842687109206,10,0,0.105838852947297,2.7517218289611,FALSE,FALSE,24.8914875093709,42.0177696458207,-5.49177020280808,-2.81873727087576,-9.38164691583104,-1.65704863973618,-0.217482225010448,-0.200786413452685,-1.94805194805194,-1.33983955007856,-1.94805194805194,-0.20078641345268,-0.217482225010446,-1.65704863973618,2.58040764323103,FALSE,119.1846,119.3529,"low",TRUE,-0.372036317796382,FALSE,"2026-10-07 16:00:00",121.909312890794,118.842687109206,119.05,121.8,"","","","","",16,"D","EARLY_REVERSAL",4,"D","NONE",55,"AVOID"
"RKDA","Consumer Defensive","Packaged Foods","United States","Nano",NA,"No",0.287,0.26,0.29,0.28,0.295,0.3,0.27,0.29,0.283,0.281,0.298,-3.69,"2.15","Very Weak","Uptrend","Mixed trend","Hold","-","Oversold",0.271,0.2892,6.05546995377504,"","Excellent reward to risk ratio zone"," + ","Strong",0.26,"0.23-0.27"," + ",NA,"0.27-0.3","Lower","Neutral","-0.1-0.68","0.18-0.85","False",11.2,-4.55,"low","normal",TRUE,2.79369627507162,2.94117647058823,2.46340592645482,4.13642960812771,-1.40845070422537,0.264992805181648,0.225301626626018,FALSE,"",8,0.19,1,9,6.27271561546128,0.292,0.358,NA,NA,73.7932658653646,53.7129148999923,76.5567765567764,87.9120879120877,11.8437118437118,21.978021978022,100,0.00459728180558924,0.283224,0.287881666666667,0.288684766490503,0.271645233509497,FALSE,FALSE,0.530025516039618,0.210534483960382,10,3.6350607412841,0.00636186314711056,0.0574392635629329,FALSE,FALSE,35.3093036490644,28.3142660971199,-1.3117408172461,-53.7096774193548,-41.4285714285714,-40.1709401709402,-32.6291079812207,2.49999999999998,-0.416377515614169,-3.69127516778524,-0.416377515614164,2.49999999999999,-32.6291079812207,-40.1709401709402,151.752352426673,FALSE,0.2822,0.280165,"high",FALSE,6.60507640183629,FALSE,"2026-10-07 16:00:00",0.530025516039618,0.210534483960382,0.27,0.3,"","","","","",72,"A","TREND_CONFIRMED",9,"D","EARLY_REVERSAL",70,"AVOID"
"RKLB","Industrials","Aerospace & Defense","United States","Large",NA,"No",72.11,72.08,72.18,72.13,73.115,73.16,70.63,72.27,72.093,72.061,75.06,-3.93,"-2.69","Moderate","Uptrend","Mixed trend","Hold","-","Neutral",72,72.11,0.557405784399649,"","Low reward High risk zone"," + Breakout Signal: above upper bollinger band limit + ","Very Strong",71.87,"70.46-72.09"," + Breakout Signal: above upper bollinger band limit + ",NA,"71.75-72.47","Neutral","Neutral","59.09-82.33","41.42-60.93","False",9.37,-0.27,"low","quiet",FALSE,0.0416204217536087,0.139843048050743,0.0693866222592245,0.333936273827737,-0.455412003605741,71.9716435482407,71.826250215645,TRUE,"Breakout",9,56.06,2,10,0.192850091291105,72.714,70.555,NA,NA,77.9416075740494,58.846838037721,96.2626262626267,100,1.27791109375061,9.09090909090909,100,0.0111180933017898,72.035864,71.9819133333333,72.1275951993187,71.9887648006813,FALSE,FALSE,77.8718632178488,60.4071367821512,10,0,0.0283997741161037,4.06757737426305,FALSE,FALSE,41.0204413998266,52.9844746623319,-6.79086477342421,-8.74254536226367,7.48767000448364,14.0320279055018,2.2898591949936,3.21469575200918,-2.70562770562771,-4.18332001065814,-2.7056277056277,3.21469575200917,2.2898591949936,14.0320279055018,28.9116938263129,FALSE,72.09518,72.05818,"low",FALSE,0.310564844724386,FALSE,"2026-10-07 18:42:00",77.8718632178488,60.4071367821512,70.63,73.16,"","","","","",79,"A","TREND_CONFIRMED",39,"D","NONE",70,"AVOID"
"RPM","Basic Materials","Specialty Chemicals","United States","Large","Good","No",98,97.82,99,98.41,98.1,98.78,96.5,97.52,98.344,98.319,98.31,-0.32,"0.51","-","Mixed trend","Mixed trend","Hold","-","Neutral",98,98.9855,1.15349544072949,"","Moderate reward to risk ratio zone"," + ","Very Strong",97.72,"87.5-97.79"," + ",NA,"97.89-99.07","Higher","Neutral","76.61-120.05","78.85-102.94","False",2.81,5.41,"medium","expanding",FALSE,-0.0866595299994839,-0.300116994760671,-0.284900284900286,-0.0917524722193938,0.404692382562365,97.7920175460662,96.6975103545423,FALSE,"",5,92.46,7,-1,0.794454881293848,98.178,99.9,NA,NA,32.7874389207971,42.7432577573071,57.2649572649573,0,1.56695156695176,-100,0,0.358854496976362,98.39891,98.0277041666667,98.6728914328934,97.8951585671066,FALSE,FALSE,101.880629898267,96.7893701017334,0,10,0.207982453933841,2.71974323767696,FALSE,FALSE,52.6824536474462,42.5929586870166,0.0641566586676134,-4.00273357414821,-7.92209008334114,-1.3840136395547,-1.72896262242655,-0.344582953278609,-0.867022885371509,0.0203438103956831,-0.867022885371505,-0.344582953278605,-1.72896262242654,-1.3840136395547,5.26014353764467,FALSE,98.3991,98.284025,"low",TRUE,-1.18159899471742,FALSE,"2026-10-07 17:04:00",101.880629898267,96.7893701017334,96.5,98.78,"","","Earnings Alert","","",9,"D","NONE",11,"D","NONE",60,"WATCH"
"RWM","NA","NA","NA","ETF",NA,"No",14.4205,14.39,14.43,14.41,14.4,14.47,14.355,14.41,14.421,14.424,14.25,1.2,"0.93","-","Mixed trend","Uptrend","Hold","-","Neutral",14.42,14.4399,0.158985507246377,"","Low reward High risk zone"," + Breakdown Signal: below lower bollinger band limit + ","Very Strong",14.41,"14.12-14.41"," + Breakdown Signal: below lower bollinger band limit + ",NA,"14.37-14.47","Neutral","Neutral","13.18-15.66","12.68-15.11","False",1.92,NA,"medium","quiet",FALSE,0.00346740638003198,-0.0311958405545939,0.0381546999653236,0.142361111111112,0.0763385266664423,14.4146415900817,14.3833993235435,TRUE,"MomentumPullback",8,13.52,2,5,0.160551116245837,14.297,14.11,NA,NA,36.2844814773967,44.4548719763234,0.837520938024473,2.51256281407345,0.279173646008158,2.51256281407345,100,0.000223606815359523,14.422508,14.4124425,14.4375812711399,14.4144387288601,FALSE,FALSE,14.4809522028908,13.7820477971092,10,10,0.00535859571616415,0.184289945097433,FALSE,TRUE,75.5563787076067,66.3026374458236,5.0676991320841,6.81481481481481,8.09595202398801,4.79651162790698,1.69252468265162,0.208478109798467,1.40646976090014,1.19298245614035,1.40646976090013,0.208478109798471,1.69252468265162,4.79651162790697,5.07112162191243,FALSE,14.4201,14.42601,"low",FALSE,-2.00621043115555,FALSE,"2026-10-07 16:58:00",14.4809522028908,13.7820477971092,14.36,14.47,"","","","","",22,"D","NONE",97,"A","TREND_CONFIRMED",40,"AVOID"
"RYDE","Technology","Software - Application","Singapore","Micro",NA,"No",0.7201,0.72,0.72,0.72,0.729,0.785,0.7195,0.74,0.728,0.736,0.681,5.74,"5.67","Very Weak","Mixed trend","Mixed trend","Hold","-","Neutral",0.7201,0.7488,0.538461538461539,"","Low reward High risk zone"," + Breakdown Signal: below lower bollinger band limit + ","Weak",0.7,"0.46-0.73"," + Breakdown Signal: below lower bollinger band limit + ",NA,"0.63-0.81","Neutral","Neutral","0.54-0.89","0.28-0.64","False",10.33,-0.67,"medium","normal",FALSE,-2.64972286061918,-2.02721088435375,-5.27492765061826,4.71135669623382,NA,0.71495449294777,0.688981977519926,FALSE,"",3,0.5,7,0,4.05418373039343,0.71,0.711,NA,NA,22.1852376858811,36.6983310112379,18.0633147113595,0,0.0575141944330409,0,0,0.00727481958539331,0.744162,NA,0.751800922730635,0.722509077269365,FALSE,TRUE,0.771659454048909,0.625560545951091,0.228819969214553,10,0.00514550705222992,0.0832084853754465,FALSE,TRUE,65.2892750466804,52.0900486797107,6.17738451793421,14.5098039215686,0,1.45934676858929,-5.1948051948052,3.7079130558318,1.95530726256983,7.21104420619768,1.95530726256983,3.7079130558318,-5.1948051948052,1.4593467685893,23.3548789231412,FALSE,0.72896,0.737155,"low",FALSE,0.246517460284835,FALSE,"2026-10-07 17:57:00",0.771659454048909,0.625560545951091,0.72,0.78,"","","","","",10,"D","NONE",57,"B","NONE",78,"PASS"
"SAP","Technology","Software - Application","Germany","Large","Good","No",210.13,209.1,215,212.05,210.58,211.54,208.2,210.16,210.107,210.237,210.46,-0.16,"0.01","Weak","Mixed trend","Mixed trend","Hold","-","Neutral",209.98,210.55,1.22988505747126,"","Moderate reward to risk ratio zone"," + Breakdown Signal: below lower bollinger band limit + ","Very Strong",209.79,"203.47-210.58"," + Breakdown Signal: below lower bollinger band limit + ",NA,"208.73-210.32","Lower","Higher","188.09-287","157.2-198.27","False",3.79,7.79,"medium","expanding",FALSE,-0.0333016175071328,-0.0832124771165742,-0.239751228428322,-0.579593574791225,-0.478355593445103,209.849805091184,209.226628131059,TRUE,"MomentumPullback",11,195.07,6,4,0.29632574022884,209.682,210.065,NA,NA,55.7801271343384,41.4088938723297,22.9598506069095,44.1176470588248,-2.85176696941343,44.1176470588248,62.5,0.0766159252407012,210.5402,210.963920833333,210.544527160774,209.922472839226,FALSE,FALSE,216.341425365792,204.579574634208,9.97018240236558,10,0.13028791403665,5.06628663712819,FALSE,FALSE,57.768061542969,51.3661032282097,-0.532216203709204,35.734125702474,-3.13465173097313,0.473367122501678,-0.232646472319822,0.79144282425173,0.747950328426908,-0.156799391808426,0.747950328426916,0.79144282425172,-0.23264647231982,0.473367122501678,5.74927910208769,FALSE,210.112,210.2335,"low",FALSE,-0.225733025093525,FALSE,"2026-10-07 16:00:00",216.341425365792,204.579574634208,208.2,211.54,"","","","","",9,"D","NONE",43,"C","NONE",85,"PASS"
"SBFM","Healthcare","Drug Manufacturers - Specialty & Generic","United States","Nano",NA,"No",0.8398,0.83,0.84,0.83,0.4095,1.56,0.4,0.78,0.841,0.841,0.398,111.01,"4.23","Weak","Mixed trend","Mixed trend","Hold","-","Neutral",0.7661,0.88,2.50291036088475,"","Good reward to risk ratio zone"," + Breakout Signal + ","Very Strong",0.75,"0.65-0.75"," + Breakout Signal + ","Upwards Momentum Signal","0.57-1.1","Neutral","Neutral","-0.76-1.02","0.27-2.43","True",10.7,-9.45,"high","normal",FALSE,-3.02540415704388,0.816326530612248,2.82845598138852,21.7277866357443,17.0616113744076,0.745741786684033,0.654988574617526,TRUE,"MomentumPullback",6,0.4,5,3,14.9186715828833,0.602,0.799,NA,NA,46.800404959238,50.6268947026918,44.0764025652679,50.0621118012422,-11.8418624948278,18.2608695652174,64.0845070422535,0.0125157900269947,0.827262,0.749641666666667,0.893870885531781,0.777829114468219,FALSE,FALSE,1.21327979940265,0.446810200597353,10,10,0.0223167047940862,0.172074939927945,TRUE,TRUE,65.9850676947873,40.6136038097751,25.4192261195068,-63.5416666666667,-38.5964912280702,-37.5,-20.5899035734543,-9.44372574385512,5.02625656414103,75.9235988941945,5.02625656414104,-9.44372574385511,-20.5899035734543,-37.5,171.542547099547,FALSE,0.8417,0.83585,"high",TRUE,27.3034801260119,TRUE,"2026-10-07 18:39:00",1.21327979940265,0.446810200597353,0.4,1.56,"","","","","",44,"C","NONE",19,"D","NONE",95,"PASS"
"SCHD","NA","NA","NA","ETF",NA,"No",32.685,32.68,32.69,32.69,32.84,32.8799,32.63,32.74,32.687,32.69,32.85,-0.5,"-0.12","-","Mixed trend","Mixed trend","Hold","-","Neutral",32.6804,32.7,5.48275862068968,"","Excellent reward to risk ratio zone"," + Breakdown Signal: below lower bollinger band limit + ","Very Strong",32.67,"32.4-32.7"," + Breakdown Signal: below lower bollinger band limit + ",NA,"32.66-32.72","Neutral","Lower","25.25-36.86","30.75-33.57","False",1,NA,"low","quiet",FALSE,-0.0458715596330293,-0.0152951973080314,-0.0152951973080314,0.0459136822773204,0,32.6749489876082,32.6513674089948,FALSE,"",6,32.23,5,0,0.0556674342902785,32.745,33.182,NA,NA,31.4753618729939,45.9753530779242,31.2925170068079,23.469387755115,-8.73015873015672,0,0,0.0026328691576194,32.687256,32.6792966666667,32.7006317374221,32.6824382625779,FALSE,FALSE,34.2080800314902,32.2719199685098,0,5.33172177201875,0.00545177966075174,0.295347212023946,FALSE,FALSE,32.7349058584791,33.7247657114532,-3.41356130146006,2.19092331768388,-6.25897215044502,-3.4594914251922,-1.89302884615385,0.368890255149085,-0.213936430317849,-0.608828006088289,-0.213936430317851,0.368890255149079,-1.89302884615385,-3.4594914251922,5.99951928757134,FALSE,32.68692,32.691535,"medium",FALSE,-0.654883346472787,FALSE,"2026-10-07 18:45:00",34.2080800314902,32.2719199685098,32.63,32.88,"","","","","",21,"D","NONE",10,"D","NONE",75,"PASS"
"SGML","Basic Materials","Other Industrial Metals & Mining","Brazil","Small",NA,"No",9.8,9.8,10,9.9,10.32,10.355,9.68,9.92,9.843,9.85,9.71,0.93,"7.28","Very Weak","Mixed trend","Mixed trend","Hold","-","Neutral",9.8,9.9,0.375903614457832,"","Low reward High risk zone"," + Breakdown Signal + ","Very Strong",9.75,"8.66-9.81"," + Breakdown Signal + ",NA,"9.64-9.96","Neutral","Neutral","4.22-15.5","4.76-10.29","False",9.83,-0.24,"medium","normal",FALSE,-0.859888720283248,-0.558092338914254,-0.254452926208637,0.204498977505126,0.667693888032884,9.77850401899597,9.66765205424099,FALSE,"",4,7.33,7,0,0.890836461057926,9.575,9.839,NA,NA,5.4310930616782,36.6989490463582,35.4166666666662,0,-10.2396514161221,-49.9999999999989,0,0.0285919569109862,9.827828,9.8046375,9.89443246667372,9.80706753332628,FALSE,TRUE,10.6612302302205,8.45226976977951,0,10,0.0214959810040287,0.707860085017949,FALSE,FALSE,71.3987010336446,48.312343697929,1.39449302229498,-17.7648040033361,-20.0324412003244,-6.71712393566699,-2.7613412228797,4.89361702127659,8.47084708470847,1.54479917610709,8.47084708470847,4.89361702127658,-2.7613412228797,-6.71712393566699,26.1345238688306,FALSE,9.851,9.85075,"low",FALSE,-12.7614848568941,FALSE,"2026-10-07 17:00:00",10.6612302302205,8.45226976977951,9.68,10.36,"","","","","",13,"D","NONE",27,"D","EARLY_REVERSAL",63,"WATCH"
"SIMO","Technology","Semiconductors","Hong Kong","Mid","Good","No",285.78,285.8,292,288.9,278.42,289.7209,275.59,282.68,286.298,285.953,284.96,0.29,"-2.22","Very Weak","Mixed trend","Uptrend","Hold","-","Neutral",283.24,289.7209,0.177200805108007,"","Low reward High risk zone"," + ","Very Strong",282.88,"235.81-282.32"," + ",NA,"280.75-291.06","Neutral","Lower","220.3-330.29","108.69-221.67","False",7.53,8.55,"high","expanding",FALSE,-0.412942344885266,-0.421617477960917,1.01981300482511,0.903890968151947,0.532953406152705,282.315109052106,278.008006280375,TRUE,"Breakout",5,222.99,8,4,2.32805422891448,282.735,273.141,NA,NA,20.0153697262486,51.2769477005131,37.3337695787627,30.0129641797936,-5.48462240659614,-7.55645757780199,6.51340996168422,0.526208133727675,284.212358,284.070965833333,289.194258270806,282.614831729194,FALSE,FALSE,302.031125843362,239.525874156638,0,0,0.933185055391945,14.8939375496886,FALSE,FALSE,81.5004185624097,58.1829777897147,0.342427950224248,-7.15097956398845,18.1739238307902,2.90961469211379,3.34502585614581,2.0642857142857,1.88235294117646,0.287759685569902,1.88235294117647,2.0642857142857,3.3450258561458,2.90961469211379,26.0954069813134,FALSE,286.397,285.904545,"medium",FALSE,0.855763828209959,FALSE,"2026-10-07 16:00:00",302.031125843362,239.525874156638,275.59,289.72,"","","","","",36,"D","NONE",55,"B","NONE",90,"PASS"
"SKHY","NA","NA","NA","Large","Good","No",179.4,179.4,179.5,179.45,178.27,181.14,176.7,179.52,179.366,179.259,182.54,-1.72,"-2.14","Moderate","Mixed trend","Mixed trend","Hold","-","Neutral",179.0986,179.48,3.01490066225166,"","Excellent reward to risk ratio zone"," + Breakout Signal: above upper bollinger band limit + ","Very Strong",178.89,"175.5-179.11"," + Breakout Signal: above upper bollinger band limit + ",NA,"178.67-180.18","Neutral","Neutral","84.4-272.1","129.15-163.85","False",9,15.68,"low","normal",FALSE,-0.0445732114998797,0.122781560442013,0.352408122168146,0.268276324614363,0.476057126855219,179.034463911985,178.703912068521,TRUE,"Breakout",12,156.22,3,6,0.254254753946161,185.349,184.092,NA,NA,67.0434071367918,63.7338181043759,68.5369690613554,79.0246460409053,-2.9132436054294,5.2438384897774,100,0.0378153408525165,179.046608,178.934560833333,179.477301136625,179.022128863375,FALSE,FALSE,199.41968910115,172.82631089885,10,0,0.0642440208344496,8.65005238989886,FALSE,FALSE,18.3842982157654,47.6300646669489,-2.7860587272084,-8.07117070654977,11.7414744232698,-10.2512461608177,-5.81739406107999,-3.19339597023842,-8.64127927835581,-2.3501698257916,-8.64127927835581,-3.19339597023841,-5.81739406107999,-10.2512461608177,15.3873435497123,FALSE,179.356,179.249715,"low",FALSE,-0.682814350439557,FALSE,"2026-10-07 18:38:00",199.41968910115,172.82631089885,176.7,181.14,"","","","","",47,"C","NONE",16,"D","NONE",50,"AVOID"
"SKYD","NA","NA","NA","ETF",NA,"No",8.87,8.86,8.87,8.86,9.37,9.4952,8.65,8.93,8.867,8.867,9.53,-6.93,"-1.06","-","Mixed trend","Mixed trend","Hold","-","Neutral",8.86,8.87,10.8333333333333,"","Excellent reward to risk ratio zone"," + Breakout Signal: above upper bollinger band limit + ","Very Strong",8.83,"8.54-8.85"," + Breakout Signal: above upper bollinger band limit + ","Breakdown Signal: below lower bollinger band limit","8.86-8.88","Lower","Neutral","5.82-11.96","5.64-9.39","False",4.91,NA,"low","quiet",FALSE,0.0169137960196206,0.00112740842624795,0.112866817155754,0.479173510653954,1.66189111747851,8.85383040217563,8.81994649675376,TRUE,"MomentumPullback",9,8.41,0,7,0.185889219009935,9.423,9.933,NA,NA,60.7053447734391,52.4751386254938,68.3333333333354,100,-6.66666666666706,94.9999999999938,100,0.00411703777032339,8.866568,8.84527916666667,8.87542392213279,8.85895607786721,FALSE,FALSE,11.241444077551,9.00155592244898,7.2445988546291,0,0.00617656125306524,0.596734650860226,FALSE,FALSE,18.8655083315491,36.3747083007094,-6.28643505512706,-2.07094073584489,-16.2900188323917,-12.5860373647984,-10.7429718875502,-13.9399806389158,-6.42105263157894,-6.71563483735571,-6.42105263157894,-13.9399806389158,-10.7429718875502,-12.5860373647984,24.8833443284619,FALSE,8.8677,8.86719,"medium",TRUE,3.82937232103358,FALSE,"2026-10-07 18:43:00",11.241444077551,9.00155592244898,8.65,9.5,"","","","","",72,"A","TREND_CONFIRMED",2,"D","NONE",70,"AVOID"
"SLV","NA","NA","NA","ETF",NA,"No",53.9584,53.93,53.96,53.94,53.9,54.385,53.6,54.09,53.951,53.968,55.45,-2.69,"-2.78","-","Mixed trend","Mixed trend","Hold","-","Neutral",53.92,54.05,32.6363636363638,"","Excellent reward to risk ratio zone"," + Breakout Signal + ","Very Strong",53.88,"52.88-54.06"," + Breakout Signal + ",NA,"53.73-54.19","Neutral","Neutral","39.08-68.56","44.3-54.95","False",5.44,NA,"medium","normal",FALSE,-0.033718314973526,0.0155699721964683,-0.0955378633586383,0.00704295833904477,0.191997029059513,53.89929620317,53.8098226960249,TRUE,"MomentumPullback",6,50.97,3,3,0.262534077853324,54.828,56.613,NA,NA,58.9865271963175,46.3438048957122,36.2930703581192,42.6666666666637,3.35229085598724,20.5555555555519,92.0398009950078,0.0130229796894495,53.99598,53.948335,54.0434354602678,53.9019245397322,FALSE,FALSE,60.9625321809889,52.9694678190111,10,0,0.020718541373692,1.61541691372226,FALSE,FALSE,21.7187101930054,38.3230917648185,-4.82290394335851,1.22249388753056,-13.6392811296534,-11.3636363636364,-7.46217331499312,-1.26582278481012,-1.68067226890757,-2.93958521190262,-1.68067226890757,-1.26582278481012,-7.46217331499311,-11.3636363636364,15.0899465127512,FALSE,53.94566,53.97268,"low",FALSE,0.149950161028078,FALSE,"2026-10-07 18:44:00",60.9625321809889,52.9694678190111,53.6,54.38,"","","","","",25,"D","NONE",6,"D","NONE",65,"AVOID"
"SM","Energy","Oil & Gas E&P","United States","Mid","Good","No",35.25,35.1,35.33,35.22,35.46,35.875,34.68,35.05,35.264,35.247,35.1,0.43,"1.22","-","Mixed trend","Mixed trend","Hold","-","Neutral",35.18,35.31,2.33790292701001,"","Good reward to risk ratio zone"," + ","Very Strong",35.13,"33.63-35.15"," + ",NA,"34.95-35.55","Neutral","Neutral","23.25-47.25","21.42-31.25","False",5.15,5.64,"medium","normal",FALSE,-0.0567054153671764,-0.0283607487237607,0.156272197755362,0.502369289897306,1.06077981651375,35.1509139796774,35.0015756115922,TRUE,"Breakout",7,31.17,7,4,0.415608502359219,34.996,35.282,NA,NA,27.1397089584137,52.4067880257949,64.7692307692298,51.9999999999982,-3.6239316239316,-1.84615384615483,26.6666666666698,0.0207966343424504,35.2183,35.096585,35.3150825056471,35.1689174943529,FALSE,FALSE,40.1777524445835,31.5052475554165,0,10,0.0291438947234866,1.41245463528365,FALSE,FALSE,72.7245070585102,49.8276190945054,0.776831510431698,19.2893401015228,-0.620242458415559,-7.18799368088467,2.73972602739725,4.35168738898756,0.0283768444948865,0.427350427350423,0.0283768444948818,4.35168738898757,2.73972602739725,-7.18799368088466,27.5271758265425,FALSE,35.272,35.242,"medium",FALSE,-0.407320107511737,FALSE,"2026-10-07 16:00:00",40.1777524445835,31.5052475554165,34.68,35.88,"","","","","Undervalued",36,"D","NONE",37,"D","NONE",85,"PASS"
"SMCI","Technology","Computer Hardware","United States","Large","Good","Yes",44.98,44.95,45.03,44.99,42.595,45.77,42.46,43.98,44.985,44.971,43.46,3.5,"-2.08","Moderate","Mixed trend","Uptrend","Hold","-","Neutral",44.93,45.0107,0.0866388308977041,"","Low reward High risk zone"," + Breakout Signal: above upper bollinger band limit + ","Very Strong",44.85,"42.56-44.9"," + Breakout Signal: above upper bollinger band limit + ",NA,"44.75-45.22","Neutral","Neutral","25.77-64.11","21.16-33.58","False",7.63,3.26,"low","quiet",FALSE,0,-0.0273380111708077,0.102817923255988,-0.133214920071053,-0.0111148160498001,44.903896202935,44.7630005129645,FALSE,"",5,33.6,2,3,0.185999759365774,43.556,41.254,NA,NA,44.3407683540807,52.5501988572038,82.5573847878678,61.9578686493148,8.47150921500404,-38.0421313506852,0,0.0194909722586821,44.92609,44.9538766666667,45.0169579912056,44.9333820087944,FALSE,FALSE,45.8829282540267,35.7340717459733,0,10,0.0261328464719616,2.26022270449785,FALSE,TRUE,86.3453884157995,65.2645473114755,3.53403731943529,62.5316455696203,16.8486739469579,15.4379655792448,8.44594594594595,9.42293644996347,2.86106660563058,3.40543028071789,2.86106660563057,9.42293644996348,8.44594594594594,15.4379655792448,28.4010637808075,FALSE,44.98214,44.97517,"medium",FALSE,3.23840050563858,FALSE,"2026-10-07 18:41:00",45.8829282540267,35.7340717459733,42.46,45.77,"","","","","",32,"D","NONE",93,"A","TREND_CONFIRMED",80,"PASS"
"SMFG","Financial Services","Banks - Diversified","Japan","Large","Good","No",25.4,25.12,26,25.56,25.37,25.525,25.12,25.4,25.412,25.435,25.83,-1.66,"-0.63","Very Weak","Downtrend","Mixed trend","Hold","Oversold","Neutral",25.4,25.465,3.128,"","Excellent reward to risk ratio zone"," + Breakdown Signal: below lower bollinger band limit + ","Very Strong",25.4,"24.85-25.44"," + Breakdown Signal: below lower bollinger band limit + ",NA,"25.3-25.5","Neutral","Neutral","21.38-29.46","19.93-24.21","False",2.52,1.73,"high","normal",FALSE,-0.157232704402526,-0.176852033798395,-0.31005926449233,-0.294406280667332,-0.255252307088165,25.3889335174237,25.3455931082634,FALSE,"",5,24.3,9,2,0.313377266070892,25.614,25.956,NA,NA,12.4348395301426,27.765694193382,3.33333333333503,0,-4.69862018881596,0,0,0.0120415945788397,25.45216,25.4583966666667,25.4795488362701,25.3999511637299,FALSE,FALSE,27.3820465896231,24.9969534103769,1.66657793769812,1.21932822703638,0.0110664825762946,0.581394555936531,FALSE,FALSE,33.3001868772756,44.0972927577815,-3.90572843249669,-3.27494287890329,0.873709293089749,-3.45876092740403,-1.74081237911026,-1.96835198764956,0,-1.66473093302362,0,-1.96835198764956,-1.74081237911026,-3.45876092740403,9.54153548270404,FALSE,25.413,25.43975,"low",TRUE,0.117446024156006,FALSE,"2026-10-07 16:00:00",27.3820465896231,24.9969534103769,25.12,25.52,"","","","","",9,"D","NONE",10,"D","NONE",78,"PASS"
"SMX","Industrials","Specialty Business Services","Ireland","Nano","Moderate","No",3.9,3.9,3.95,3.92,3.86,4.1002,3.7801,3.93,3.951,3.938,3.79,2.9,"1.96","Very Weak","Mixed trend","Mixed trend","Hold","-","Oversold",3.8254,4,37.77,"","Excellent reward to risk ratio zone"," + ","Strong",3.77,"1.73-3.89"," + ","Breakdown Signal: below lower bollinger band limit","3.77-4.13","Higher","Neutral","-17.27-9.49","2.19-72.66","False",28.91,2481132.2,"medium","normal",FALSE,-0.299102691924234,1.82767624020887,0.0769822940723663,-3.82244143033292,0.775193798449607,3.78354618252481,3.58542901396915,FALSE,"",5,3.65,8,2,5.16998518828915,4.527,8.969,NA,NA,23.900574032853,46.3597420323845,78.7323405880107,42.7262313860251,-2.6094288096826,-54.0664375715924,0,0.0435402342667125,3.94665,3.97739416666667,4.03134723216919,3.83317276783081,FALSE,FALSE,20.8462147309438,-0.166214730943818,0,10,0.0426700183387992,1.46248016776556,FALSE,FALSE,14.5971411777035,20.8345484241801,0.735992154087143,-77.7142857142857,-76.3636363636364,-78.2366071428571,-59.5435684647303,-40.9984871406959,2.09424083769634,2.90237467018469,2.09424083769634,-40.9984871406959,-59.5435684647303,-78.2366071428571,-12641.7371929508,FALSE,3.97772,3.93226,"medium",TRUE,39.5950481731838,FALSE,"2026-10-07 18:33:00",20.8462147309438,-0.166214730943818,3.78,4.1,"","","","","",26,"D","NONE",9,"D","NONE",90,"PASS"
"SN","Consumer Cyclical","Furnishings, Fixtures & Appliances","United States","Large","Good","No",185.19,181,187,184,183,185.97,181.96,184.64,185.023,184.912,184.72,0.25,"-","-","Uptrend","Uptrend","Hold","-","Neutral",184.57,185.2,0.0402767920510997,"","Low reward High risk zone"," + Breakout Signal: above upper bollinger band limit + ","Very Strong",184.3,"176.19-184.52"," + Breakout Signal: above upper bollinger band limit + ",NA,"183.92-186.46","Neutral","Neutral","138-232.38","101.19-152.07","False",3.65,4.9,"low","normal",FALSE,0.146009085009739,0.213750372033881,0.221885485442146,0.287013971623525,0.0621369714980462,184.405520503487,183.584907712905,TRUE,"MomentumPullback",9,155.24,2,10,0.266246114087197,183.269,178.048,NA,NA,86.7035584874408,61.3062443873239,79.6296296296299,98.4126984126998,1.48148148148218,19.0476190476199,97.5000000000021,0.143640175441708,184.87696,184.884931666667,185.105764114548,184.614235885452,TRUE,FALSE,190.166121204767,158.019878795233,10,10,0.165032009314504,5.82985066381835,FALSE,FALSE,88.920069433334,63.0453934797629,0.515332631490622,23.5506037761025,0.756256800870504,9.38570584760779,9.9115674520743,2.81479013990673,1.4350660020814,0.254439151147682,1.43506600208139,2.81479013990673,9.91156745207431,9.38570584760778,20.3431635656357,FALSE,184.982,184.86,"medium",FALSE,2.65982217634011,FALSE,"2026-10-07 16:00:00",190.166121204767,158.019878795233,181.96,185.97,"","","","","",79,"A","TREND_CONFIRMED",90,"A","TREND_CONFIRMED",75,"AVOID"
"SNDK","Technology","Computer Hardware","United States","Large","Good","No",1699,1696.16,1699,1697.58,1620,1733.28,1617.77,1678.03,1697.987,1697.573,1660.46,2.32,"-2.31","Moderate","Uptrend","Mixed trend","Hold","-","Neutral",1696,1699,1.15322494952715,"","Moderate reward to risk ratio zone"," + Breakout Signal: above upper bollinger band limit + ","Very Strong",1693.55,"1623.52-1695.23"," + Breakout Signal: above upper bollinger band limit + ",NA,"1694.25-1702.3","Lower","Neutral","655.36-2729.48","1015.89-1418.16","False",10.71,73.76,"low","quiet",FALSE,0.0701492335121342,0.141459389366975,0.0730374140043357,0.146122564943201,-0.161011670407936,1695.23095009726,1691.58708394756,TRUE,"MomentumPullback",8,1364.66,0,8,0.196464540208534,1702.734,1697.569,NA,NA,78.0639429331707,58.7561146878227,72.4319999999989,100,5.97066666666655,0,100,1.07082526680354,1697.625178,1694.794925,1699.23787198034,1695.90601801966,FALSE,FALSE,1897.30474542645,1511.08875457355,10,4.47552024510537,0.770410250449683,96.8116840059513,FALSE,TRUE,43.0383630786085,50.9163321928597,2.19255422614206,-3.7205174591255,14.2932393281874,-4.06706836642727,-6.83430861458682,-2.72833340038738,-1.60291629602497,1.9247678354191,-1.60291629602497,-2.72833340038738,-6.83430861458683,-4.06706836642727,25.5587892957282,FALSE,1697.64248,1697.571945,"low",FALSE,-0.0206367005099892,FALSE,"2026-10-07 18:35:00",1897.30474542645,1511.08875457355,1617.77,1733.28,"","","","","",79,"A","TREND_CONFIRMED",38,"D","NONE",60,"AVOID"
"SNX","Technology","Electronics & Computer Distribution","United States","Large","Good","No",271.5,271,275.92,273.46,275,276.835,270.71,272.87,271.322,271.332,278.38,-2.47,"-0.24","-","Mixed trend","Mixed trend","Hold","-","Neutral",270.71,271.8,0.956475803705876,"","Moderate reward to risk ratio zone"," + Breakout Signal + ","Strong",270.21,"253.3-271.77"," + Breakout Signal + ",NA,"270.2-272.5","Neutral","Neutral","201.18-341.86","146.16-235.21","False",2.92,16.4,"low","expanding",FALSE,0.00736702519521947,0.13461928559574,-0.249834668234259,-0.117724965050398,-0.356002495687609,270.361896297931,268.627218846419,TRUE,"Thrust",7,240.26,1,6,0.325475253224925,273.173,267.886,NA,NA,61.9361776232223,51.8495365083279,57.7981651376143,72.4770642201833,-1.46636970675755,45.8715596330262,96.1538461538495,0.227332355814817,271.616622,272.422730833333,271.695215924743,270.813784075257,FALSE,FALSE,287.779359792955,248.395640207045,6.34032327656562,0,0.349119556395371,10.6388438579204,FALSE,FALSE,41.6272556829546,53.6964289222434,-5.2016728105539,7.54971084528241,8.00747841998488,5.14657475893582,-5.68619959012123,5.7115047693206,-2.46075367316881,-2.4642574897622,-2.46075367316881,5.71150476932061,-5.68619959012123,5.14657475893581,15.8552378588778,FALSE,271.316,271.2545,"medium",FALSE,0.272671520755468,FALSE,"2026-10-07 17:41:00",287.779359792955,248.395640207045,270.71,276.84,"","","","","Undervalued",41,"C","EARLY_REVERSAL",66,"B","PULLBACK_ENTRY",70,"AVOID"
"SNXX","NA","NA","NA","ETF",NA,"No",15.8203,15.82,15.84,15.83,14.405,16.5,14.4,15.46,15.825,15.841,15.19,4.15,"-4.66","-","Mixed trend","Mixed trend","Hold","-","Neutral",15.81,15.87,1.55746140651801,"","Good reward to risk ratio zone"," + Breakdown Signal: below lower bollinger band limit + ","Very Strong",15.77,"14.51-15.79"," + Breakdown Signal: below lower bollinger band limit + ","Upwards Momentum Signal","15.8-15.88","Higher","Neutral","-3.6-35.08","7.57-11.31","False",21.52,NA,"medium","expanding",FALSE,-0.189270865535675,-0.13067356858784,-0.212564652453637,-0.250315258511979,0.258563325834146,15.7925502130032,15.7074642861037,TRUE,"MomentumPullback",8,10.29,7,4,0.441519027869412,15.986,16.184,NA,NA,37.7011168338299,42.5956771262746,23.809362662154,17.4280879864624,4.12163940590278,0.761421319795691,34.4481605351145,0.00794342495400105,15.850242,15.8362208333333,15.8804835724313,15.8106764275687,FALSE,FALSE,19.6975359575584,12.8414640424416,6.71802412724156,5.11772002729018,0.0174611552957784,1.85853179599544,FALSE,TRUE,41.1109731104634,48.7206526059036,2.05758103698071,-31.3563017880506,22.2049689440994,-11.8207282913165,-14.3168209036473,-5.63549160671463,-3.61298224127372,3.62080315997367,-3.61298224127372,-5.63549160671463,-14.3168209036473,-11.8207282913165,53.390111068778,FALSE,15.82054,15.84558,"low",FALSE,0.0733424739813913,FALSE,"2026-10-07 18:48:00",19.6975359575584,12.8414640424416,14.4,16.5,"","","","","",9,"D","NONE",26,"D","NONE",95,"PASS"
"SONY","Technology","Consumer Electronics","Japan","Large","Good","No",23.39,23.39,23.52,23.45,23.43,23.52,23.27,23.42,23.459,23.47,23.85,-1.93,"-1.79","Very Weak","Mixed trend","Mixed trend","Hold","-","Neutral",23.39,23.52,1.72932330827068,"","Good reward to risk ratio zone"," + Breakdown Signal: below lower bollinger band limit + ","Very Strong",23.4,"22.29-23.45"," + Breakdown Signal: below lower bollinger band limit + ",NA,"23.41-23.55","Higher","Neutral","19.15-27.89","19.8-22.39","False",2.99,1.21,"high","expanding",FALSE,-0.362087326943561,-0.383304940374786,-0.340860673199822,-0.404513519267613,-0.404937598732808,23.3680942400966,23.281574110786,FALSE,"",4,22.2,8,0,0.395342749868718,23.611,23.617,NA,NA,17.224399414658,29.9273710596833,57.4330563250219,0,4.65329486248071,-100,0,0.0483476990145367,23.461996,23.4683283333333,23.5190573712425,23.4264426287575,FALSE,TRUE,24.2299240941473,22.9730759058527,0,1.55312749273137,0.0219057599034016,0.475189746148892,FALSE,FALSE,41.8871864481506,48.8715306914086,-4.58741454239222,13.0769230769231,-2.20374220374221,0.341296928327638,1.37931034482759,-0.0424989375265685,-1.25944584382872,-1.38364779874215,-1.25944584382872,-0.0424989375265694,1.37931034482759,0.341296928327628,5.47096171816684,FALSE,23.47,23.47275,"low",FALSE,-1.09570895438148,FALSE,"2026-10-07 18:13:00",24.2299240941473,22.9730759058527,23.27,23.52,"","","","","",9,"D","NONE",27,"D","NONE",58,"WATCH"
"SOXL","NA","NA","NA","ETF",NA,"No",159.63,159.59,159.65,159.62,153.7,159.49,151.42,157.27,159.616,159.555,164.26,-2.82,"-6.25","-","Mixed trend","Mixed trend","Hold","-","Neutral",159.25,159.8,0.184740314667569,"","Low reward High risk zone"," + Breakout Signal + ","Very Strong",159.02,"154.9-159.18"," + Breakout Signal + ",NA,"158.85-160.41","Neutral","Lower","96.99-183.07","42.04-92.54","False",14.52,NA,"low","normal",FALSE,-0.0462731342190197,0.0187969924812037,0.0443722455364475,0.251334863197708,0.623420175112363,159.175330386168,158.857867242363,TRUE,"MomentumPullback",7,93.98,2,5,0.410843711480777,159.288,144.331,NA,NA,56.9467265799822,57.8200607893281,50.3097652778457,54.0540540540503,-7.84045653344899,4.00859950860072,100,0.0496417969862517,159.371056,159.107949166667,159.856205978086,159.202134021914,FALSE,FALSE,181.094371248723,95.1826287512773,10,0,0.0748477893627173,11.5580007058189,FALSE,FALSE,47.5312054090895,61.2398110481561,-4.10516011399366,-9.98640534723009,37.477290423047,26.3295969472931,8.65641025641025,7.47328554037602,-2.93201392706616,-3.25703153537075,-2.93201392706616,7.47328554037603,8.65641025641026,26.3295969472931,90.2598968157754,FALSE,159.60806,159.52917,"medium",FALSE,3.86530057469499,FALSE,"2026-10-07 18:38:00",181.094371248723,95.1826287512773,151.42,159.49,"","","","","",47,"C","NONE",46,"C","NONE",75,"AVOID"
"SOXS","NA","NA","NA","ETF",NA,"No",30.43,30.42,30.43,30.42,31.55,31.97,30.5,30.9,30.44,30.458,29.63,2.7,"6.32","-","Mixed trend","Mixed trend","Hold","-","Neutral",30.42,30.53,9.55251141552512,"","Excellent reward to risk ratio zone"," + Breakdown Signal: below lower bollinger band limit + ","Very Strong",30.37,"29.49-30.62"," + Breakdown Signal: below lower bollinger band limit + ","Upwards Momentum Signal","30.26-30.6","Neutral","Neutral","-16.74-78.04","11.21-231.31","False",15.59,NA,"low","normal",FALSE,-0.0984898227183228,0,-0.033179917280171,-0.305014890361725,-0.620509470934034,30.4013258550563,30.3145687271405,FALSE,"",4,25,7,-1,0.363787222601727,30.666,35.738,NA,NA,14.8033501445152,36.9871330305522,24.8102795665429,16.6666666666637,-3.59066536529751,-12.4031007751963,24.9999999999956,0.0109544511501515,30.49067,30.5402341666667,30.5155897166527,30.4049802833473,FALSE,FALSE,52.259461388236,22.278538611764,0,10,0.0186802837158817,3.3166981764174,FALSE,TRUE,49.4833146346895,35.9142056200166,2.58003378539162,-27.4899455878874,-35.9054788791301,-28.2369468508546,-8.94236482471776,-7.34582829504232,3.1639178727701,3.44245696928788,3.16391787277011,-7.34582829504232,-8.94236482471776,-28.2369468508546,134.573112262583,FALSE,30.442,30.460285,"high",FALSE,8.26420888708788,FALSE,"2026-10-07 18:41:00",52.259461388236,22.278538611764,30.5,31.97,"","","","","",9,"D","NONE",12,"D","NONE",88,"PASS"
"SPAI","Industrials","Aerospace & Defense","United States","Micro",NA,"No",4.55,4.45,4.61,4.53,4.32,4.82,3.8501,4.41,4.553,4.555,4.1,10.98,"5.03","-","Mixed trend","Uptrend","Hold","-","Neutral",4.49,4.7,0.209326665891382,"","Low reward High risk zone"," + ","Very Strong",4.44,"2.6-4.45"," + ",NA,"4.21-4.9","Neutral","Neutral","2.43-6.63","1.89-3.85","True",9.24,-0.74,"medium","normal",TRUE,1.11111111111111,0,-1.72786177105832,-5.20833333333333,-2.04520990312163,4.45319622440975,4.25859122995358,FALSE,"",6,3.49,4,2,4.43565738724006,4.445,4.481,NA,NA,46.4710075389811,48.824280970827,30.0793650793651,28.5714285714284,1.03174603174607,-4.42857142857168,0,0.0234333096257054,4.590052,4.63519583333333,4.65128107796886,4.45372892203114,FALSE,FALSE,4.76202211076862,4.08597788923138,0.956649066128085,10,0.0372955855090463,0.408149908223184,FALSE,TRUE,71.3673125821815,53.8730819701561,13.1468023728523,22.65625,-10.2857142857143,0.212765957446804,3.97350993377483,3.28947368421053,6.56108597285068,14.8780487804878,6.56108597285068,3.28947368421053,3.97350993377483,0.212765957446814,16.5454694044957,FALSE,4.5599,4.552505,"low",TRUE,-2.3719072056294,TRUE,"2026-10-07 18:23:00",4.76202211076862,4.08597788923138,3.85,4.82,"","","","","",18,"D","EARLY_REVERSAL",60,"B","NONE",65,"PASS"
"SPCX","NA","NA","NA","Large",NA,"No",168.21,168.2,168.22,168.21,168.125,171.31,165.65,168.06,168.205,168.17,171.92,-2.16,"-2.23","Moderate","Mixed trend","Mixed trend","Hold","-","Neutral",168.0301,168.22,0.356678084269186,"","Low reward High risk zone"," + Breakout Signal: above upper bollinger band limit + ","Very Strong",167.85,"166.38-168"," + Breakout Signal: above upper bollinger band limit + ",NA,"168.04-168.27","Lower","Neutral","104.12-231.08","110.54-136.81","False",6.71,-1.1,"low","normal",FALSE,0.0118913133955706,0.0237854551941609,0.0329458724293121,0.107123727905735,0.322061191626421,167.997200177198,167.884332453184,FALSE,"",7,133.12,1,7,0.131563425157403,164.533,154.431,NA,NA,57.2636495547502,57.8596225833123,95.5723418924409,92.307692307699,0.933403241373208,-7.52554838156726,50.7614213198944,0.0121871653966999,168.163028,168.0323525,168.254009945664,168.032940054336,FALSE,FALSE,169.436990054727,136.991009945273,0,0,0.0329350467178344,7.11349491766858,FALSE,FALSE,65.3199712955692,64.2646337560861,-5.11953673187702,23.1628453850676,21.4932946719826,13.5886140291427,12.9684551091938,11.0963807503646,5.43532964267739,-2.51279664960446,5.43532964267739,11.0963807503646,12.9684551091938,13.5886140291426,23.6847513734052,FALSE,168.20988,168.143475,"medium",FALSE,11.6371040500724,FALSE,"2026-10-07 18:38:00",169.436990054727,136.991009945273,165.65,171.31,"","","","","",79,"A","TREND_CONFIRMED",81,"A","TREND_CONFIRMED",100,"PASS"
"SPXL","NA","NA","NA","ETF",NA,"No",297.0449,297.05,297.15,297.1,295.31,297.7521,292.86,295.88,297.082,296.926,299.21,-0.72,"-1.34","-","Mixed trend","Mixed trend","Hold","-","Neutral",296.5194,297.2004,0.168524590163934,"","Low reward High risk zone"," + Breakout Signal: above upper bollinger band limit + ","Very Strong",296.34,"289.91-296.39"," + Breakout Signal: above upper bollinger band limit + ",NA,"296.48-297.28","Lower","Neutral","235.02-358.8","172.8-259.78","False",4.23,NA,"medium","normal",FALSE,0.0488043112158999,0.0960035045154311,-0.0185459441265697,0.0168016296570581,-0.13283351264121,296.38878173189,295.823093625689,FALSE,"",5,258.95,3,-1,0.313761265751776,293.664,288.075,NA,NA,40.7172454564517,54.5766163566509,92.3886441507576,77.1659324522729,1.53288545359055,-22.8340675477271,0,0.0697125383141082,296.852038,297.0174325,297.3259028064,296.3959271936,FALSE,FALSE,300.992454808202,270.042545191798,0,3.25656301191639,0.130849753469638,7.39294436983425,FALSE,FALSE,71.429801876951,58.9297607195453,-2.38296385716345,7.8339507517978,3.70228074464742,5.62809064712371,3.25508607198748,5.62433297758805,2.86159708990128,-0.768690885999784,2.86159708990128,5.62433297758804,3.25508607198748,5.62809064712371,11.4611235034916,FALSE,297.15306,296.860915,"medium",FALSE,2.17116369591062,FALSE,"2026-10-07 18:35:00",300.992454808202,270.042545191798,292.86,297.75,"","","","","",42,"C","NONE",81,"A","TREND_CONFIRMED",90,"PASS"
"SPY","NA","NA","NA","ETF",NA,"No",777.31,777.35,777.41,777.38,775.77,779.1021,773.61,776.79,777.336,777.351,779.09,-0.23,"-0.44","-","Mixed trend","Mixed trend","Hold","-","Neutral",777.23,777.5,0.149253731343283,"","Low reward High risk zone"," + Breakout Signal: above upper bollinger band limit + ","Very Strong",777.15,"774.17-777.18"," + Breakout Signal: above upper bollinger band limit + ",NA,"776.07-778.55","Neutral","Neutral","720.75-833.69","632.33-741.32","False",1.41,NA,"low","quiet",FALSE,-0.0244372990353768,-0.00900460521238648,0.0181942502566336,0.0398970398970329,0,777.175468187899,776.989561479126,TRUE,"MomentumPullback",11,741.22,6,4,0.0395814214393327,774.079,768.164,NA,NA,39.1405195728402,48.5725343513622,17.2839506172694,29.6296296296047,-21.9670781893071,7.40740740740117,100,0.103379533745165,777.224624,777.130186666667,777.538934597296,777.231295402704,FALSE,FALSE,780.843084433552,750.943915566448,10,2.68078580638135,0.0545374250404741,6.67166705767044,FALSE,FALSE,73.4260888048008,60.5102813342297,-2.20300859346352,3.63347867248023,1.72903496027539,2.19720976712996,1.22556361599876,1.91311645227699,0.984876045943563,-0.240023617297104,0.984876045943572,1.91311645227699,1.22556361599877,2.19720976712996,3.98154485938551,FALSE,777.34784,777.385115,"medium",FALSE,0.85559000875687,FALSE,"2026-10-07 18:38:00",780.843084433552,750.943915566448,773.61,779.1,"","","","","",26,"D","NONE",77,"A","TREND_CONFIRMED",70,"AVOID"
"SQQQ","NA","NA","NA","ETF",NA,"No",31.9615,31.96,31.97,31.96,32.575,32.84,32.0201,32.26,31.962,31.965,31.83,0.41,"2.33","-","Mixed trend","Mixed trend","Hold","-","Neutral",31.93,31.99,13.5076923076923,"","Excellent reward to risk ratio zone"," + Breakdown Signal: below lower bollinger band limit + ","Very Strong",31.91,"31.31-32.13"," + Breakdown Signal: below lower bollinger band limit + ",NA,"31.82-32.1","Neutral","Neutral","16.83-47.31","24.2-34.11","False",6.24,NA,"low","normal",FALSE,0.00469336670838566,0.00469336670838566,-0.0844053331665988,-0.276131045241798,-0.446970876810453,31.9176140589331,31.8652159193953,FALSE,"",5,30.08,3,3,0.161953065470313,32.608,34.764,NA,NA,45.0762366822182,46.6185125034051,52.0573982545313,53.3665835411482,2.93474174727904,10.4808119980601,57.5000000000093,0.00420416460216119,31.973576,32.0318383333333,31.9893369716687,31.9376130283313,FALSE,FALSE,41.0188557603584,29.8931442396416,7.93668533444312,10,0.012398160206986,1.3434672960561,FALSE,FALSE,22.1706067938683,32.68391304324,1.59256260178542,-15.8046731425571,-17.5790285273708,-15.8267716535433,-6.06326889279438,-6.8003487358326,-3.17028985507246,0.754005655042419,-3.17028985507245,-6.8003487358326,-6.06326889279438,-15.8267716535433,37.2182712916592,FALSE,31.9626,31.963475,"high",FALSE,4.38788306602079,FALSE,"2026-10-07 18:52:00",41.0188557603584,29.8931442396416,32.02,32.84,"","","","","",31,"D","EARLY_REVERSAL",10,"D","NONE",95,"PASS"
"SSRM","Basic Materials","Gold","United States","Mid","Good","No",32.86,32.62,33.04,32.83,32.8,33.25,32.4,32.86,32.78,32.706,34.28,-4.14,"-3.98","Very Weak","Uptrend","Mixed trend","Hold","-","Neutral",32.53,32.86,16.9142857142857,"","Excellent reward to risk ratio zone"," + ","Very Strong",32.51,"30.26-32.85"," + ",NA,"32.18-34.49","Higher","Neutral","19.71-45.79","23.74-30.93","False",6.3,2.98,"high","expanding",TRUE,0.274641440341765,0.735744941753532,0.859113385164557,0.0609013398294641,-0.0152137532329303,32.4846763333712,32.2966515557788,FALSE,"",9,30.38,0,8,0.979814051936305,33.572,34.688,NA,NA,83.1838600557354,71.829955657836,79.013641133263,100,-4.19140450693091,39.3494228751319,100,0.0526307894718708,32.630902,32.7315841666667,32.8466064359696,32.5278935640304,TRUE,FALSE,37.9817269055344,32.1817730944656,10,0,0.04578345174988,1.49084879338045,TRUE,FALSE,24.3849902462136,40.4755845420723,-6.46437067630436,17.8481468154012,-16.4753889313951,-12.8989361702128,-9.77961432506886,-1.71068427370948,-1.56296964232042,-4.463243873979,-1.56296964232042,-1.71068427370948,-9.77961432506886,-12.8989361702128,18.0224805949746,FALSE,32.773,32.68725,"low",FALSE,0.078898056384773,FALSE,"2026-10-07 18:29:00",37.9817269055344,32.1817730944656,32.4,33.25,"","","","","Undervalued",66,"B","TREND_CONFIRMED",10,"D","NONE",40,"AVOID"
"STNG","Energy","Oil & Gas Midstream","Monaco","Mid","Good","No",84.51,80.5,85,82.75,86.6,87.3,84.21,85.8,84.428,84.526,86.23,-1.99,"-0.44","-","Mixed trend","Mixed trend","Hold","-","Neutral",84.21,84.71,1.23059866962306,"","Moderate reward to risk ratio zone"," + Breakout Signal + ","Very Strong",84.08,"78.78-85.7"," + Breakout Signal + ",NA,"83.06-84.64","Lower","Neutral","69.2-99.82","63.92-77.29","False",3.09,16.06,"medium","expanding",FALSE,0.213447171824981,-0.0709471443774247,-0.937756417770481,-1.48053159244579,-1.48053159244579,84.1013602567853,83.6122083089122,TRUE,"MomentumPullback",9,77.37,4,7,0.581685095849483,85.255,83.97,NA,NA,84.5788799012324,43.5264939483096,48.4210526315789,63.1578947368434,11.7735482742146,10.5263157894759,100,0.0983361581478778,84.93835,85.384605,84.7244897957101,84.2345102042899,FALSE,FALSE,88.636042516984,80.637957483016,10,0,0.109026774718871,2.86305797205657,FALSE,FALSE,29.49591300488,54.4739544578601,-7.6375182166569,9.14374273537388,9.46891191709845,1.7457259812184,4.0123076923077,0.967741935483874,-1.99466542966485,-1.99466542966485,-1.99466542966484,0.967741935483879,4.01230769230769,1.7457259812184,9.91851143508004,FALSE,84.382,84.4795,"low",FALSE,-0.284428796938361,FALSE,"2026-10-07 16:00:00",88.636042516984,80.637957483016,84.21,87.3,"","","","","",16,"D","EARLY_REVERSAL",74,"A","TREND_CONFIRMED",60,"AVOID"
"STRL","Industrials","Engineering & Construction","United States","Large","Good","No",535.19,535,537.12,536.06,545.52,550.2819,513.011,525.78,534.622,533.553,563.69,-5.06,"-2.76","Very Weak","Uptrend","Mixed trend","Hold","-","Neutral",525,535.5,0.539143083840254,"","Low reward High risk zone"," + ","Very Strong",526.57,"453.15-523.56"," + ",NA,"528.07-541.15","Neutral","Neutral","229.47-838.79","304.38-599.4","True",8.16,13.88,"high","expanding",FALSE,0.0822814399252089,0.277304153941282,0.682895627962998,1.11088020252784,2.44243247899242,523.562949477469,519.361734859168,TRUE,"MomentumPullback",9,422.44,0,8,1.78062082167499,532.812,515.411,NA,NA,78.4259943020195,56.0777901867404,94.0002905545434,100,1.11120796262565,8.4753188125602,100,0.335365472251064,532.314082,526.934506666667,538.359719289384,528.941280710616,FALSE,FALSE,554.0442164753,461.6407835247,10,0,1.46494298886366,29.9978133799861,FALSE,FALSE,51.3064113782263,53.8629880264304,-7.60440857788637,-21.4075512786557,9.81516889738687,7.87236191053217,4.322265625,8.61157428118265,0.133103370702268,-5.24401710159841,0.13310337070227,8.61157428118264,4.322265625,7.87236191053216,20.0163062381719,FALSE,534.622,533.6505,"medium",FALSE,4.2503353201649,TRUE,"2026-10-07 18:22:00",554.0442164753,461.6407835247,513.01,550.28,"","","","","",79,"A","TREND_CONFIRMED",39,"D","NONE",75,"AVOID"
"STZ","Consumer Defensive","Beverages - Brewers","United States","Large","Good","Yes",117.6,117.4,117.8,117.6,114.34,120.31,114.1,115.75,117.603,117.839,115.67,1.67,"-1.37","Weak","Mixed trend","Mixed trend","Hold","-","Neutral",117.44,118.7783,0.946279081711264,"","Moderate reward to risk ratio zone"," + ","Very Strong",117.09,"108.33-117.68"," + ","Upwards Momentum Signal","115.6-119.6","Neutral","Neutral","94.16-142.62","94.19-130.73","True",2.72,11.17,"medium","normal",FALSE,-0.186725513495161,-0.00850267834368261,-0.389632390310019,-0.507614213197977,-0.106179655977915,117.257709218512,116.408637890607,TRUE,"MomentumPullback",7,108.8,4,2,1.0733648754852,115.533,117.839,NA,NA,49.4152542621999,42.4813335991795,11.4589371980676,21.3333333333329,-4.69082125603853,21.3333333333329,100,0.0780144217480387,118.133968,118.1097675,118.527581369213,117.268858630787,FALSE,FALSE,126.400368159607,108.769631840393,10,10,0.18253913405179,3.07832286460645,FALSE,TRUE,94.8599929086036,46.4932940576517,9.40622776202971,-9.14741769626276,-12.3101992445004,-2.59975318798848,1.56129364330446,4.71431098531753,4.89058208558518,2.35151724734157,4.89058208558519,4.71431098531754,1.56129364330446,-2.59975318798847,16.2092451917879,FALSE,117.5765,117.89822,"high",FALSE,-1.55807090560668,TRUE,"2026-10-07 18:43:00",126.400368159607,108.769631840393,114.1,120.31,"","","Earnings Alert","","",9,"D","NONE",39,"D","EARLY_REVERSAL",50,"AVOID"
"SU","Energy","Oil & Gas Integrated","Canada","Large","Good","No",67.3256,67.02,70.17,68.6,68.87,69.51,67.85,68.28,67.88,68.117,68.22,-1.31,"0.53","-","Mixed trend","Mixed trend","Hold","Oversold","Neutral",67.3256,68.275,1.71929824561403,"","Good reward to risk ratio zone"," + Breakdown Signal: below lower bollinger band limit + ","Very Strong",67.57,"62.65-68.12"," + Breakdown Signal: below lower bollinger band limit + ",NA,"66.12-68.53","Neutral","Neutral","55.22-81.06","55.23-64.22","False",2.7,5.42,"high","expanding",FALSE,-1.26763455052061,-1.34720492343763,-1.36165848655776,-1.4699253622128,-1.26763455052061,67.2321418717811,67.0940782148638,FALSE,"",3,64.01,8,-1,1.17479240702695,68.44,68.264,NA,NA,0.13048399023161,8.91422398140591,6.89655172413839,0,-6.79721867461382,-10.3448275862076,0,0.368266034274564,68.262412,68.2292716666667,68.5547924282639,67.7587675717361,FALSE,TRUE,70.7516759578555,66.5623240421445,0,0,0.0934581282189483,1.69946120106965,FALSE,FALSE,34.5371809313612,50.8291157821553,-0.363353272771072,12.2200263504611,4.79852353122117,-1.27499275572297,0.235363342159454,0.397819360542207,-2.0414031052329,-0.117267663441803,-2.0414031052329,0.397819360542218,0.235363342159456,-1.27499275572297,6.29387867085052,FALSE,67.98412,68.15678,"low",FALSE,-0.286063332641933,FALSE,"2026-10-07 18:14:00",70.7516759578555,66.5623240421445,67.85,69.51,"","","","","Undervalued",9,"D","NONE",47,"C","NONE",73,"PASS"
"SXTC","Healthcare","Drug Manufacturers - Specialty & Generic","China","-",NA,"No",2.3704,2.36,2.38,2.37,3.19,9.59,1.87,2.77,2.373,2.365,1.25,89.63,"145.48","-","Mixed trend","Mixed trend","Hold","-","Neutral",2.33,2.43,4.0969696969697,"","Excellent reward to risk ratio zone"," + Breakout Signal + ","Very Strong",2.18,"0.97-2.3"," + Breakout Signal + ",NA,"2.16-2.58","Neutral","Neutral","-284.67-293.05","0.42-176.4","True",22.34,NA,"low","quiet",FALSE,0.0802195482372815,1.08315565031982,2.60583499264133,0.440677966101703,-6.86051080550098,2.30287865168847,2.14758595476872,FALSE,"",8,0.41,3,5,3.58558391991224,2.324,3.378,NA,NA,42.5629308351814,52.6537399951218,43.4999999999999,40.4,-6.91975308641979,0.300000000000189,40.8000000000001,0.012146192821597,2.347154,2.35806,2.41033145011861,2.32689854988139,FALSE,FALSE,3.2213916675223,1.6671083324777,0,10,0.0275916068831116,1.82046767827602,FALSE,TRUE,65.1085821684498,34.9030256232198,10.4275411308382,-98.5321576763485,-20.9497206703911,32.2429906542056,12.7490039840638,-5.98006644518272,17.4273858921162,126.4,17.4273858921162,-5.98006644518272,12.7490039840638,32.2429906542056,93.2322935927378,FALSE,2.3801,2.368615,"medium",TRUE,20.6688745033583,TRUE,"2026-10-07 18:30:00",3.2213916675223,1.6671083324777,1.87,9.59,"","","","","",72,"A","TREND_CONFIRMED",25,"D","NONE",95,"PASS"
"T","Communication Services","Telecom Services","United States","Large","Good","Yes",24.52,24.49,24.52,24.5,24.63,24.825,24.46,24.62,24.507,24.508,24.43,0.37,"0.5","Very Weak","Mixed trend","Mixed trend","Hold","-","Neutral",24.47,24.52,4.92,"","Excellent reward to risk ratio zone"," + Breakout Signal + ","Very Strong",24.45,"23.88-24.59"," + Breakout Signal + ",NA,"24.36-24.68","Neutral","Neutral","20.38-28.56","20.38-23.49","False",2.55,3.03,"low","quiet",FALSE,0.0407996736026031,0.122498979175178,-0.365704997968305,-0.264388854992887,0.0203956761166592,24.4584058270795,24.408136105777,FALSE,"",7,23.45,1,7,0.190315398126623,24.441,24.899,NA,NA,88.0806760180801,53.041542675092,66.6666666666667,100,3.84615384615175,50,100,0.00894427191019364,24.542784,24.5534966666667,24.525048141071,24.478461858929,FALSE,FALSE,26.670483282473,23.698516717527,10,10,0.0116178635067584,0.494596798362604,FALSE,FALSE,57.0239282907343,41.8426372945267,0.760293766522842,14.9906015037594,-5.04462553356617,-2.70377733598409,-3.2806324110672,0.286885245901641,0.699588477366248,0.16373311502251,0.699588477366242,0.286885245901636,-3.2806324110672,-2.70377733598409,12.5407281829918,FALSE,24.504,24.501755,"medium",FALSE,1.31182224944466,FALSE,"2026-10-07 18:41:00",26.670483282473,23.698516717527,24.46,24.82,"","","","Strong fundamentals, below 50/200-day averages","Undervalued",41,"C","EARLY_REVERSAL",25,"D","NONE",65,"AVOID"
"TAL","Consumer Defensive","Education & Training Services","China","Mid","Good","No",12.7577,12.76,12.8,12.78,12.48,12.785,12.47,12.67,12.756,12.74,12.6,1.25,"-1.18","-","Mixed trend","Uptrend","Hold","-","Neutral",12.715,12.77,0.0181818181818184,"","Low reward High risk zone"," + Breakout Signal: above upper bollinger band limit + ","Very Strong",12.7,"12.24-12.71"," + Breakout Signal: above upper bollinger band limit + ",NA,"12.65-12.94","Higher","Neutral","9.5-16.02","9.51-11.07","False",3.74,1.6,"medium","expanding",FALSE,0.127143585920022,0.256974459724952,0.335823830121903,-0.0180250783699057,0.533490937746259,12.7056878805733,12.6611386633254,TRUE,"RSER",7,10.98,3,4,0.453039763803442,12.442,12.083,NA,NA,59.5826012552067,65.9557652789147,83.4545454545462,77.636363636364,-0.796536796536666,-4.18181818181814,38.4999999999999,0.00546882071429902,12.729158,12.7312341666667,12.765992093234,12.708417906766,FALSE,FALSE,12.604709857364,11.358290142636,0,10,0.00934339174284977,0.357753158347844,FALSE,FALSE,89.9635447518581,65.2012691438551,2.19821477039206,23.8834951456311,10.0949094046592,11.5384615384615,6.51085141903171,5.71665285832642,5.80431177446102,1.26984126984127,5.80431177446101,5.71665285832643,6.51085141903172,11.5384615384615,10.9736562376527,FALSE,12.75854,12.737205,"medium",FALSE,2.52316905877376,FALSE,"2026-10-07 17:31:00",12.604709857364,11.358290142636,12.47,12.79,"","","","","",50,"C","NONE",93,"A","TREND_CONFIRMED",73,"PASS"
"TEL","Technology","Electronic Components","Ireland","Large","Good","Yes",215.83,215,224.36,219.68,218.89,219.38,213.415,216.25,215.848,215.938,219.51,-1.68,"0.05","-","Mixed trend","Mixed trend","Hold","-","Neutral",215.49,216.22,0.499353891908389,"","Low reward High risk zone"," + Positive News + ","Very Strong",215.24,"206.17-216.08"," + Positive News + ",NA,"214.23-217.43","Neutral","Neutral","170.29-261.37","169.65-205.06","False",3.79,10.21,"medium","normal",FALSE,0.0741874159595795,0.00463349087203194,-0.550627807856235,-0.754127006023813,-0.681054714463205,215.303571032103,214.414430843084,FALSE,"",5,194.15,7,-1,0.384277415889886,217.285,213.288,NA,NA,46.0263833841804,43.2739289847764,60.3004433856123,49.2753623188412,7.4669666688728,-2.89855072463505,18.6046511627933,0.149933318517332,216.50475,216.7796875,216.27408048642,215.44616951358,FALSE,FALSE,223.942460666333,199.708539333667,0,0,0.18672311541667,5.68356342579504,FALSE,FALSE,35.9124412093296,54.892553474318,-5.42213372514834,7.70497529816858,7.15952534630853,5.44752784834864,0.671673119082059,2.25033162781884,-2.05572699219459,-1.67646120905653,-2.0557269921946,2.25033162781885,0.67167311908205,5.44752784834865,12.1346445242265,FALSE,215.876,215.860125,"medium",FALSE,0.604416207559542,FALSE,"2026-10-07 16:02:00",223.942460666333,199.708539333667,213.42,219.38,"","News Alert","","","",23,"D","EARLY_REVERSAL",74,"A","TREND_CONFIRMED",90,"PASS"
"TER","Technology","Semiconductor Equipment & Materials","United States","Large","Good","Yes",412.51,412.5,412.95,412.72,415.18,416.69,404.8,410.7,412.65,412.255,430.32,-4.14,"-2.95","Moderate","Mixed trend","Mixed trend","Hold","-","Neutral",411,415.78,0.469277981636338,"","Low reward High risk zone"," + ","Very Strong",410.32,"380.73-410.44"," + ",NA,"407.89-417.63","Neutral","Neutral","223.08-600.48","248.95-310.18","False",7.37,7.28,"medium","normal",FALSE,0.0509337860780935,0.177279129632332,0.485974933924462,0.671124560718469,0.797736711942692,410.4429826997,407.549446728409,TRUE,"RSER",6,316.76,3,4,0.977508000214839,422.831,399.616,NA,NA,37.6540483339432,53.0870977847522,89.855072463768,69.565217391304,8.17552719954036,-30.434782608696,0,0.256164010011434,411.9184,410.088128333333,414.348540746043,410.337459253957,FALSE,FALSE,456.627593615312,322.357406384688,0,0,0.559063762887078,20.4341288271471,FALSE,FALSE,31.3913621468075,55.5168414664696,-6.53105398615708,16.6218244640177,12.4191214611373,7.32101436055148,5.81795754741224,2.71133172033622,-8.2977017637627,-4.30842163970999,-8.2977017637627,2.71133172033622,5.81795754741223,7.32101436055148,41.6525833038848,FALSE,412.782,412.343,"medium",FALSE,3.89935663334788,FALSE,"2026-10-07 18:12:00",456.627593615312,322.357406384688,404.8,416.69,"","","","","",72,"A","TREND_CONFIRMED",81,"A","TREND_CONFIRMED",90,"PASS"
"TGHL","Technology","Software - Infrastructure","Singapore","ETF",NA,"No",0.7804,0.78,0.82,0.8,0.8052,0.8052,0.7803,0.8,0.79,0.791,0.78,0.05,"4.11","-","Mixed trend","Mixed trend","Hold","-","Neutral",0.7803,0.8,1.65950920245399,"","Good reward to risk ratio zone"," + ","Weak",0.75,"0.25-0.78"," + ",NA,"0.76-0.82","Higher","Neutral","0.53-1.14","0.3-0.59","False",15.32,NA,"medium","expanding",FALSE,-0.0768245838668431,-2.45000000000001,-2.45000000000001,-3.64242499073959,-2.45000000000001,0.769596770367334,0.706374434914562,FALSE,"",4,0.54,7,-1,4.56368510731291,0.778,0.802,NA,NA,29.4998316207759,45.9161416477355,66.6666666666667,0.507614213197912,16.3000564015792,-98.9847715736042,0,0.00980015306003013,0.794366,0.7979675,0.806903667124308,0.771686332875691,FALSE,FALSE,0.935455078326497,0.699784921673503,0,10,0.0107046013140237,0.0752640975432114,FALSE,FALSE,54.9102536955669,46.7520838129511,0.0459077352341808,18.0099803417511,-2.70539832938537,-13.6630158203341,-5.48625408744096,1.91981193678986,-0.69983458455275,0.0512820512820456,-0.69983458455275,1.91981193678985,-5.48625408744096,-13.6630158203341,33.6775128119938,FALSE,0.79014,0.789295,"low",FALSE,0.208390161455107,FALSE,"2026-10-07 16:00:00",0.935455078326497,0.699784921673503,0.78,0.81,"","","","","",17,"D","NONE",32,"D","NONE",85,"PASS"
"TLT","NA","NA","NA","ETF",NA,"No",77.09,77.08,77.1,77.09,76.46,77.319,76.43,76.88,77.088,77.093,77.28,-0.25,"-1.07","-","Mixed trend","Mixed trend","Hold","-","Oversold",77.06,77.13,6.24475524475534,"","Excellent reward to risk ratio zone"," + Breakdown Signal: below lower bollinger band limit + ","Very Strong",77.04,"76.37-77.05"," + Breakdown Signal: below lower bollinger band limit + ",NA,"76.98-77.19","Neutral","Lower","68.53-79.59","72.42-81.68","False",1.03,NA,"low","quiet",FALSE,0,0.00259443752595676,-0.033715441672281,-0.0259369731552276,-0.032419114309786,77.0461248596175,76.9892413670424,TRUE,"MomentumPullback",8,76.32,4,5,0.0900123379741762,77.405,78.983,NA,NA,59.4788155651397,48.147350572615,37.6190476190482,42.8571428571487,-1.47619047619,1.57142857144029,100,0.00416088932807431,77.107666,77.1160691666667,77.1244445419744,77.0550854580256,FALSE,FALSE,82.5778577853583,76.0716422146417,9.47088014593052,10,0.0138805420721901,0.796603517093173,FALSE,FALSE,23.1744212780905,26.8559203615141,-0.68773096373134,-7.15489228547359,-6.85220961120502,-5.22727272727274,-3.73720988270527,-0.419517232477092,-0.43236964377905,-0.174689440993795,-0.432369643779051,-0.419517232477096,-3.73720988270527,-5.22727272727274,8.55274762224637,FALSE,77.08746,77.089765,"high",FALSE,0.552594591475339,FALSE,"2026-10-07 18:44:00",82.5778577853583,76.0716422146417,76.43,77.32,"","","","","",21,"D","NONE",2,"D","NONE",65,"AVOID"
"TMO","Healthcare","Diagnostics & Research","United States","Large","Good","Yes",662.06,653.48,665,659.24,662.4,671.665,651.12,662.26,661.528,660.786,656.58,0.83,"0.39","-","Uptrend","Mixed trend","Hold","-","Neutral",658.1,662.06,0.476587887740032,"","Low reward High risk zone"," + Breakout Signal: above upper bollinger band limit + ","Very Strong",657.65,"625.39-662.79"," + Breakout Signal: above upper bollinger band limit + ",NA,"657.86-666.26","Neutral","Neutral","539.5-784.62","468.61-577.89","False",2.58,18.58,"medium","expanding",FALSE,0.163393748676197,0.230114754594723,0.244532095783887,-0.0166120482655532,-0.090544170464495,657.445881048715,654.849782401821,FALSE,"",10,594.55,2,10,0.541285299048649,663.29,654.057,NA,NA,81.7119030846388,65.5030467850935,86.8493687085739,100,-1.54342976329916,9.1269841269845,100,0.395529708115178,660.74095,661.301981666667,662.208194017619,658.643055982381,FALSE,FALSE,700.712477871786,608.962522128214,10,3.67754312424143,0.658054996030592,18.3443321653285,FALSE,TRUE,47.4018851186555,56.6339455145611,1.97233205848165,24.0602630888581,5.47899373874807,9.38981874659219,-0.486998346610553,-1.9243019035627,1.10873549175321,0.834627920436185,1.10873549175321,-1.9243019035627,-0.486998346610557,9.38981874659219,15.0666013768667,FALSE,661.5325,660.425625,"medium",FALSE,-3.30210814656377,FALSE,"2026-10-07 16:00:00",700.712477871786,608.962522128214,651.12,671.66,"","","","","",50,"C","NONE",73,"A","RESUMING",33,"AVOID"
"TOPP","Industrials","Trucking","United States","Nano",NA,"No",0.1786,0.18,0.18,0.18,0.2402,0.268,0.1512,0.2,0.175,0.172,0.112,59.46,"114.56","Moderate","Uptrend","Uptrend","Squeeze","Overbought","Neutral",0.1701,0.1792,1.54838709677419,"","Good reward to risk ratio zone"," + Upwards Momentum Signal + ","Very Strong",0.16,"0.12-0.18"," + Upwards Momentum Signal + ",NA,"0.17-0.22","Higher","Neutral","-0.59-0.99","0.09-0.26","True",12.22,-0.33,"low","quiet",TRUE,3.9580908032596,4.62800234329234,6.49970184853907,4.56674473067916,7.52558699578568,0.169269862726779,0.158400241793476,FALSE,"",11,0.08,2,10,4.90763958341156,0.137,0.148,NA,NA,99.4852518595774,89.5985852563577,97.0333929636256,93.0232558139536,1.41528953238449,-5.05366726296967,90.9090909090911,0.00271201032446436,0.169406,0.169984166666667,0.17588909643464,0.16766090356536,TRUE,FALSE,0.175380539784756,0.106529460215244,10,10,0.000871619735433871,0.0301180127025828,FALSE,TRUE,88.1730959290817,50.8578494091183,27.7147127872236,-79.7647058823529,-18.8679245283019,17.8082191780822,21.1267605633803,33.4367726920093,37.6,54.1218637992831,37.6,33.4367726920093,21.1267605633803,17.8082191780822,64.6310226583304,FALSE,0.1744,0.171775,"medium",TRUE,14.046723146352,TRUE,"2026-10-07 18:39:00",0.175380539784756,0.106529460215244,0.15,0.27,"","","","","",59,"B","TREND_CONFIRMED",53,"C","EARLY_REVERSAL",50,"AVOID"
"TOPS","Energy","Oil & Gas Midstream","Greece","Nano",NA,"No",0.508,0.5,0.52,0.51,0.55,0.575,0.4501,0.51,0.506,0.505,0.539,-5.75,"6.35","Very Weak","Mixed trend","Downtrend","Hold","-","Neutral",0.5006,0.51,10.0658761528327,"","Excellent reward to risk ratio zone"," + ","Very Strong",0.49,"0.35-0.51"," + ","Upwards Momentum Signal","0.48-0.53","Neutral","Neutral","0.04-1.01","0.07-3.43","True",7.95,-0.35,"low","quiet",TRUE,1.15491835921944,1.47822612864562,-0.431203449627593,-2.28890171186767,-0.353079639074151,0.49766125778931,0.477746675282356,FALSE,"",6,0.45,2,-1,1.8868522170129,0.549,0.641,NA,NA,79.5530103886788,54.2632771665324,68.0851063829786,78.7234042553191,0.00985027580822854,-10.6382978723405,66.6666666666667,0.00320468407180139,0.510464,0.514646666666667,0.506883511758969,0.497496488241031,TRUE,FALSE,0.858218217628768,0.474641782371232,5.59846062265179,10,0.00298218346590218,0.079754679009707,FALSE,TRUE,7.76486651230344,31.191862410525,-1.02062505170315,-28.629579375848,-33.4261485887862,-27.488282326992,-25.8528333803214,-9.16940079433603,-3.02359882005899,-2.33939844040103,-3.02359882005899,-9.16940079433602,-25.8528333803214,-27.488282326992,80.8138789091117,FALSE,0.5051,0.50219,"high",TRUE,12.4434591105069,TRUE,"2026-10-07 18:30:00",0.858218217628768,0.474641782371232,0.45,0.58,"","","","","",41,"C","EARLY_REVERSAL",2,"D","NONE",95,"PASS"
"TQQQ","NA","NA","NA","ETF",NA,"No",83.928,83.89,83.91,83.9,82.315,83.745,81.6,83.11,83.896,83.865,84.25,-0.38,"-2.29","-","Uptrend","Mixed trend","Hold","-","Neutral",83.8004,83.95,0.0988372093023249,"","Low reward High risk zone"," + Breakout Signal: above upper bollinger band limit + ","Very Strong",83.74,"82.18-83.77"," + Breakout Signal: above upper bollinger band limit + ",NA,"83.57-84.28","Neutral","Neutral","58.18-109.06","39.11-64.19","False",5.78,NA,"low","normal",FALSE,0.136015462810514,0.033373063170431,0.126219545657358,0.320344250537892,0.500538857621832,83.7716678799818,83.622663119438,TRUE,"MomentumPullback",10,65.23,0,8,0.190988286775034,82.337,77.882,NA,NA,88.7895664400818,61.7540554609289,72.8163992869887,85.2941176470558,13.5918003565062,18.7165775401005,89.0262751159071,0.0321278695188191,83.810936,83.6871083333333,83.9515259694561,83.7914940305439,FALSE,FALSE,87.2641596537605,65.5258403462396,10,0,0.0287758694336289,2.80870472121783,FALSE,FALSE,76.9672856838417,67.2712866250479,-2.03733986427289,11.6720085470086,19.2357051190646,17.0984455958549,6.30561912026444,7.16391131616046,3.22182446611529,-0.747774480712161,3.2218244661153,7.16391131616045,6.30561912026444,17.0984455958549,33.1751858391366,FALSE,83.8918,83.87151,"medium",FALSE,3.83287313188434,FALSE,"2026-10-07 18:43:00",87.2641596537605,65.5258403462396,81.6,83.75,"","","","","",79,"A","TREND_CONFIRMED",81,"A","TREND_CONFIRMED",65,"AVOID"
"TRGP","Energy","Oil & Gas Midstream","United States","Large","Good","Yes",283.96,262.5,298,280.25,285.04,286.07,278.16,281.46,284.032,284.057,285.72,-0.62,"-","-","Mixed trend","Mixed trend","Hold","-","Neutral",283.4725,284.44,0.761202830188682,"","Moderate reward to risk ratio zone"," + Breakdown Signal: below lower bollinger band limit + ","Very Strong",283.22,"270.5-283.21"," + Breakdown Signal: below lower bollinger band limit + ",NA,"283.51-284.5","Neutral","Neutral","226.19-341.73","226.83-271.9","False",2.76,10.46,"low","expanding",FALSE,-0.0352038301767312,-0.154711673699015,0.028180921516128,0.169324114575971,1.33466561987009,283.213120517674,282.004906232451,TRUE,"RSER",4,262.08,8,2,0.289404209398014,283.24,283.198,NA,NA,31.4473081724988,47.8395383794371,56.5891472868208,50.3875968992215,-1.55038759689917,-8.26873385013366,26.9230769230752,0.104187331271938,283.998012,283.149156666667,284.501767063536,283.680782936464,FALSE,FALSE,295.162476260459,272.036523739541,0,0,0.2598255485141,7.46038419447213,FALSE,FALSE,55.9568043331622,50.676875760341,-1.92287600729459,1.30935816475791,-1.02819699557354,-2.54650284851397,0.335677184551779,5.04975768562021,0.787960530986005,-0.615987680246412,0.787960530985998,5.04975768562022,0.335677184551786,-2.54650284851398,8.50104691936888,FALSE,284.039,284.091275,"low",FALSE,-1.05327300064091,FALSE,"2026-10-07 16:00:00",295.162476260459,272.036523739541,278.16,286.07,"","","","","",26,"D","NONE",38,"D","NONE",75,"PASS"
"TRIN","Financial Services","Asset Management","United States","Small","Good","No",17.25,17.09,17.25,17.17,17.28,17.31,16.91,17.08,17.142,17.102,17.38,-0.75,"-0.43","-","Uptrend","Mixed trend","Hold","-","Neutral",17.06,17.25,6.85294117647068,"","Excellent reward to risk ratio zone"," + Breakout Signal: above upper bollinger band limit + Positive News + ","Very Strong",17.04,"15.91-17.08"," + Breakout Signal: above upper bollinger band limit + Positive News + ","Breakdown Signal: below lower bollinger band limit","16.99-17.51","Neutral","Neutral","15.65-18.75","13.43-16.59","True",1.91,1.76,"high","expanding",TRUE,0.847705349313064,1.04264292408623,0.847705349313064,0.641773628938153,1.35135135135135,17.0370205052549,16.9195861090817,TRUE,"MomentumPullback",9,16.69,0,8,0.9212258083796,17.351,17.61,NA,NA,92.7322660869877,79.771323060001,63.6363636363642,100,-7.15279687331834e-13,63.6363636363642,100,0.0728868986857003,17.100144,17.0914666666667,17.1689605701058,17.0122394298942,TRUE,FALSE,18.0529398877036,17.2100601122964,10,0,0.0232354211227092,0.325847619037093,TRUE,FALSE,9.06667311894834,35.9292808985378,-5.66731486852929,-0.466200466200477,-7.77537796976243,-4.52766908887648,-2.67806267806269,-2.67806267806269,-2.89937464468449,-1.72612197928654,-2.89937464468449,-2.67806267806269,-2.67806267806269,-4.52766908887648,4.89759925245712,FALSE,17.12,17.0906,"low",TRUE,0.896548614448473,TRUE,"2026-10-07 18:30:00",18.0529398877036,17.2100601122964,16.91,17.31,"","News Alert","","","",59,"B","TREND_CONFIRMED",2,"D","NONE",40,"AVOID"
"TRLV","NA","NA","NA","Mid",NA,"No",10.7579,10.73,10.91,10.82,10.7,10.92,10.55,10.76,10.803,10.787,10.65,1.01,"-0.16","-","Mixed trend","Mixed trend","Hold","-","Neutral",10.7,10.91,3.80530973451328,"","Excellent reward to risk ratio zone"," + Positive News + ","Very Strong",10.68,"8.61-10.75"," + Positive News + ",NA,"10.6-11.02","Higher","Neutral","6.68-14.88","6.79-9.53","False",6.41,-2.43,"high","expanding",FALSE,-0.112349117920151,-0.573937153419602,0.026964202696407,0.026964202696407,1.06059182714889,10.6586273072455,10.4510029853002,FALSE,"",4,9.57,6,1,2.03113938325904,10.869,11.311,NA,NA,37.1151866554487,47.6101574202209,46.3662200568412,0,0.422726947051617,-100,0,0.0623929643469727,10.74945,10.721555,10.8900392992287,10.6732507007713,FALSE,FALSE,12.8414246389971,10.2015753610029,0.077285302834593,10,0.0415965692881668,0.71886252417345,FALSE,FALSE,35.3423022335312,43.134875885198,2.04127687936316,18.9845474613686,-4.77031802120142,-8.41121495327103,-14.0350877192982,-1.10091743119267,0.559701492537301,1.2206572769953,0.559701492537301,-1.10091743119267,-14.0350877192982,-8.41121495327103,25.876878664108,FALSE,10.79958,10.781645,"medium",FALSE,2.9025688557295,FALSE,"2026-10-07 18:43:00",12.8414246389971,10.2015753610029,10.55,10.92,"","News Alert","","","",26,"D","NONE",25,"D","NONE",85,"PASS"
"TRMD","Energy","Oil & Gas Midstream","United Kingdom","Mid","Good","No",39.25,38.8,39.18,38.99,39.31,39.525,38.85,39.2,39.117,39.029,39.05,0.51,"0.63","Very Weak","Mixed trend","Mixed trend","Hold","-","Neutral",38.85,39.3463,0.404468412942989,"","Low reward High risk zone"," + Breakout Signal: above upper bollinger band limit + ","Very Strong",38.77,"33.9-39.15"," + Breakout Signal: above upper bollinger band limit + ",NA,"38.3-40.2","Neutral","Higher","35.5-53.53","24.41-31.17","False",3.36,6.07,"high","expanding",TRUE,0.84789311408016,0.796096558808429,0.641025641025641,0.229826353421868,0.255427841634742,38.7509004730023,38.2397657016268,FALSE,"",11,32.23,1,7,1.54366637296911,39.016,36.544,NA,NA,64.7668487358194,59.8026600070145,44.9996641816104,80.5964134596011,-12.9836510341135,70.5218617771515,100,0.194087369501697,39.023352,39.1136591666667,39.2842293414879,38.6870306585121,FALSE,FALSE,40.8844333802918,32.4795666197082,10,0,0.100119856747963,1.51491345938634,TRUE,FALSE,47.484349449485,64.7557222220373,-0.702507399650443,41.8884433102443,32.651670074983,17.7253478523896,13.0737943056363,2.28646517739817,-2.7,-0.332906530089617,-2.69999999999999,2.28646517739817,13.0737943056363,17.7253478523896,25.8773981161545,FALSE,39.18252,38.98563,"medium",FALSE,0.176577476866779,FALSE,"2026-10-07 17:41:00",40.8844333802918,32.4795666197082,38.85,39.52,"","","","","",79,"A","TREND_CONFIRMED",83,"A","TREND_CONFIRMED",70,"AVOID"
"TRNI","NA","NA","NA","ETF",NA,"No",25.02,25.02,28.03,26.52,25.06,25.06,25,25.01,25.019,25.019,25.02,0,"-","-","Mixed trend","Mixed trend","Hold","-","Neutral",NA,NA,0.785714285714278,"","Moderate reward to risk ratio zone"," + Breakout Signal + Positive News + ","None",24.96,"25-25"," + Breakout Signal + Positive News + ",NA,"24.99-25.03","Lower","Higher","24.97-25.35","23.97-24.81","False",0.25,NA,"medium","normal",FALSE,0.0799999999999983,0.0599880023995224,-0.000399678658357748,-0.000399678658357748,NA,NA,24.997229606165,FALSE,"",7,24.83,2,3,0.0737921606655139,25.028,24.998,NA,NA,56.3532197036084,37.6026302558623,32.7222222222217,33.3333333333333,3.32981161325062,1.66666666666874,100,0.00461432551949285,NA,NA,25.031008651039,25.012551348961,FALSE,FALSE,25.1077192313647,24.9132807686353,10,1.85029838621906,0.014325485674018,0.0699822069685889,FALSE,FALSE,43.2240816072524,55.5448471938748,0,1.21359223300971,0.765203383004435,0.361010830324909,0.0399840063974331,-0.119760479041921,0.0399840063974331,0,0.0399840063974422,-0.119760479041919,0.0399840063974422,0.361010830324915,0.780461090352307,FALSE,25.02178,25.02178,"medium",TRUE,-0.151822799978029,FALSE,"2026-10-07 15:26:00",25.1077192313647,24.9132807686353,25,25.06,"","News Alert","","","",23,"D","EARLY_REVERSAL",47,"C","NONE",53,"AVOID"
"TSLA","Consumer Cyclical","Auto Manufacturers","United States","Large","Moderate","Yes",377.5,377.51,377.64,377.58,378.445,382.3499,374.43,377.09,377.544,377.573,380.68,-0.84,"-0.68","Moderate","Mixed trend","Mixed trend","Hold","-","Neutral",377.5,377.65,0.282492953335421,"","Low reward High risk zone"," + Breakdown Signal: below lower bollinger band limit + ","Very Strong",377.22,"374.72-377.44"," + Breakdown Signal: below lower bollinger band limit + ",NA,"377.32-377.78","Higher","Neutral","257.45-498.17","284.45-380.3","False",4.37,1.08,"low","quiet",FALSE,-0.0397193168277445,-0.034425231046261,0,-0.0158915139315612,-0.10320463626981,377.444992570057,377.204955275529,FALSE,"",4,332.38,6,-1,0.0426111145396065,374.033,367.028,NA,NA,30.8718851945823,42.4277538582207,26.6666666666717,0,-2.54742547425617,-53.3333333333308,0,0.0377681346776935,377.57735,377.552463333333,377.661238559961,377.500381440039,FALSE,TRUE,387.030621834053,347.418378165947,0,0,0.0550074299427306,11.8748030282576,FALSE,FALSE,69.1031996301773,57.7063632592304,-1.93973413501887,-4.63678126104296,7.86866523911492,2.71879503004268,-0.607702830685047,6.48234266226995,1.9482446908983,-0.753914048544711,1.94824469089832,6.48234266226995,-0.607702830685053,2.71879503004269,11.4018849196244,FALSE,377.53808,377.58081,"low",FALSE,1.04413883264322,FALSE,"2026-10-07 18:37:00",387.030621834053,347.418378165947,374.43,382.35,"","","","","",9,"D","NONE",47,"C","NONE",90,"PASS"
"TSLG","NA","NA","NA","ETF",NA,"No",5.08,5.07,5.08,5.08,5.1,5.2029,4.9901,5.05,5.076,5.076,5.16,-1.55,"-1.36","-","Mixed trend","Mixed trend","Hold","-","Neutral",5.055,5.1,0.3625,"","Low reward High risk zone"," + Breakout Signal + ","Very Strong",5.05,"4.68-5.05"," + Breakout Signal + ",NA,"5.05-5.1","Lower","Neutral","1.78-8.38","2.97-5.93","False",8.74,NA,"medium","normal",FALSE,0.19526242085955,-0.0983284169124856,0,0.215028308772767,0.494559841740858,5.04769344015738,5.01445201732842,TRUE,"MomentumPullback",9,3.95,0,7,0.788334588879457,4.993,4.845,NA,NA,68.0136457317027,53.0189724554838,12.2630992196202,33.1103678929771,-9.76448610197434,30.1003344481621,100,0.00462093064215769,5.075546,5.0632575,5.09684796925091,5.05698203074909,FALSE,FALSE,5.35363856234438,4.33240143765562,10,0,0.00734269515341485,0.308994718517236,TRUE,FALSE,66.9675939362525,56.0145214888682,-1.99865665446831,-17.2638436482085,12.3893805309735,3.88548057259715,-2.30769230769231,12.6385809312639,3.46232179226069,-1.5580187582358,3.46232179226069,12.6385809312639,-2.30769230769231,3.88548057259714,23.5720798126542,FALSE,5.07566,5.076915,"low",FALSE,1.51900170150759,FALSE,"2026-10-07 18:42:00",5.35363856234438,4.33240143765562,4.99,5.2,"","","","","",35,"D","NONE",45,"C","NONE",70,"AVOID"
"TSLL","NA","NA","NA","ETF",NA,"No",10.16,10.15,10.16,10.16,10.195,10.41,9.98,10.12,10.155,10.15,10.31,-1.45,"-1.24","-","Uptrend","Mixed trend","Hold","-","Neutral",10.14,10.16,0.369905956112852,"","Low reward High risk zone"," + Breakout Signal: above upper bollinger band limit + ","Very Strong",10.12,"9.81-10.14"," + Breakout Signal: above upper bollinger band limit + ",NA,"10.14-10.17","Lower","Neutral","3.6-16.7","5.93-11.86","False",8.73,NA,"low","normal",FALSE,0.0995083695405822,0.0147659595412714,0.169578420160121,0.168590836940136,0.295159968805832,10.1333924637434,10.0995561867773,TRUE,"RSER",7,7.9,1,8,0.25100057464447,9.973,9.683,NA,NA,77.9762078489519,57.5548767130101,84.6846846846847,100,16.7222222222221,0,100,0.00836660026537203,10.14691,10.1466583333333,10.1611102946023,10.1356697053977,FALSE,FALSE,10.6887223972136,8.67707760278641,7.10046524748913,0,0.00662056887244428,0.621476435009874,FALSE,FALSE,67.2661438682721,56.0807404155591,-2.03038840603151,-17.21044045677,12.4404564085521,3.76201185851564,-2.30991337824832,12.6526082130966,3.57142857142857,-1.55189136760427,3.57142857142856,12.6526082130966,-2.30991337824832,3.76201185851563,23.18343671124,FALSE,10.152,10.14839,"low",FALSE,1.39443118390602,FALSE,"2026-10-07 18:49:00",10.6887223972136,8.67707760278641,9.98,10.41,"","","","","",79,"A","TREND_CONFIRMED",43,"C","NONE",70,"AVOID"
"TSM","Technology","Semiconductors","Taiwan","Large","Good","No",473.88,473.58,473.97,473.78,472.6,475.7992,471.3,473.69,473.787,473.693,482.3,-1.75,"-1.94","Moderate","Mixed trend","Mixed trend","Hold","-","Neutral",473.331,473.98,0.252354982647497,"","Low reward High risk zone"," + Breakout Signal: above upper bollinger band limit + ","Very Strong",473.01,"465.01-473.18"," + Breakout Signal: above upper bollinger band limit + ",NA,"472.5-475.04","Neutral","Neutral","378.11-566.29","321.73-402.54","False",4.14,13.76,"low","quiet",FALSE,-0.0101703169383059,0.0232180171813356,0.0802534318901786,0.292063492063491,0.381291306558213,473.181558125945,472.429073127118,TRUE,"Breakout",9,404.02,4,7,0.164754089459773,473.144,453.254,NA,NA,59.0244888052918,56.7629708426705,60.8328762740493,79.1666666666627,-0.214224936414617,60.8614424790857,91.6152897657225,0.160286992629762,473.48119,473.093716666667,474.074546247478,473.294773752522,FALSE,FALSE,489.895935642482,405.693064357518,9.77899777635729,0,0.149615206435453,10.4987335771084,FALSE,FALSE,47.0407185692666,64.593254093855,-8.1075549614371,12.5598913017568,13.3624621885053,8.68914719760617,5.73930178919318,3.50950261952257,-0.122678624307285,-2.09413228281153,-0.122678624307282,3.50950261952256,5.73930178919317,8.68914719760616,20.7553144686645,FALSE,473.76,473.68466,"high",FALSE,4.26705436530769,FALSE,"2026-10-07 18:29:00",489.895935642482,405.693064357518,471.3,475.8,"","","","","",47,"C","NONE",81,"A","TREND_CONFIRMED",75,"AVOID"
"TT","Industrials","Building Products & Equipment","Ireland","Large","Good","Yes",467.27,466.24,472.43,469.34,469.73,473.035,462.21,467.67,467.305,467.188,476.39,-1.91,"-0.05","-","Mixed trend","Mixed trend","Hold","-","Neutral",465.53,468.12,0.246153846153846,"","Low reward High risk zone"," + ","Very Strong",465.25,"444.2-467.9"," + ",NA,"464.13-470.41","Neutral","Neutral","363.52-564.2","361.71-422.73","False",2.99,13.42,"medium","expanding",FALSE,-0.102618920363446,0.196202463788308,-0.227401325973928,-0.406031864442911,-0.217813747891272,465.103310929995,463.331623098468,FALSE,"",7,408.25,6,-1,0.574085293453923,466.629,453.448,NA,NA,45.2107978281753,50.4660971262718,65.5842113747653,65.0924024640648,-6.10552417533958,-2.0890647174019,44.2622950819632,0.368279784953476,467.51933,468.050371666667,468.196878477178,465.524371522822,FALSE,FALSE,479.019178596001,411.312821403999,0,0,0.428283895219296,11.1126470850582,FALSE,FALSE,52.3425966489467,60.605188758499,-8.34965537387311,-3.19459694628022,2.82325499515887,5.20071143931377,6.90475645748015,3.38289304836496,0.724278416072074,-1.91439786729361,0.724278416072077,3.38289304836497,6.90475645748017,5.20071143931378,16.4610373585944,FALSE,467.366,466.860625,"high",FALSE,3.73990791879089,FALSE,"2026-10-07 16:02:00",479.019178596001,411.312821403999,462.21,473.04,"","","","","",31,"D","NONE",48,"C","NONE",100,"PASS"
"UAL","Industrials","Airlines","United States","Large","Good","Yes",110.2511,110.2,110.53,110.37,109.4,110.68,108.93,109.91,110.278,110.342,111.87,-1.45,"-1.96","Very Weak","Mixed trend","Mixed trend","Hold","-","Neutral",110.11,110.51,1.44982078853047,"","Moderate reward to risk ratio zone"," + ","Very Strong",109.99,"106.6-110.05"," + ",NA,"109.31-111.19","Neutral","Neutral","80.5-139.84","81.98-101.84","False",4.47,10.68,"medium","quiet",FALSE,-0.225248868778286,-0.225248868778286,0.278411933239348,0.529862314215366,-0.162003078873506,110.049695637348,109.791629527439,TRUE,"MomentumPullback",8,100.01,5,4,0.489472063921149,111.073,111.399,NA,NA,36.0224236669301,44.1707801683356,5.49462365591297,16.4838709677389,-8.95277250685237,16.4838709677389,51.0999999999939,0.125154995906381,110.214534,110.176715,110.694715284647,110.155534715353,FALSE,FALSE,115.706071119508,105.471928880492,10,0,0.0603816394255064,3.89502999112693,FALSE,FALSE,36.9343723858542,46.7142435105021,-3.06314434458218,-8.45866223514748,-6.16642534707435,2.84727408513816,-0.496748554913292,-0.703019378098243,-2.07981512754422,-1.51962098864754,-2.07981512754423,-0.703019378098246,-0.496748554913296,2.84727408513816,9.70319055282735,FALSE,110.27296,110.425125,"low",FALSE,-0.552680534765226,FALSE,"2026-10-07 18:06:00",115.706071119508,105.471928880492,108.93,110.68,"","","","","",18,"D","NONE",14,"D","NONE",85,"PASS"
"UFPI","Basic Materials","Lumber & Wood Production","United States","Mid","Good","No",76.44,75.96,89,82.48,77.48,78.205,75.52,76.16,76.372,76.285,79,-3.24,"-0.57","-","Uptrend","Mixed trend","Hold","-","Neutral",75.995,76.535,6.0160642570281,"","Excellent reward to risk ratio zone"," + Positive News + ","Strong",75.86,"70.74-75.9"," + Positive News + ",NA,"75.66-77.26","Neutral","Neutral","59.18-93.72","61.38-83.46","False",3.19,4.38,"medium","normal",FALSE,0.176921564772939,0.052356020942398,0.407198213582034,0.897571277719103,0.85763293310462,75.8977666648766,75.409890255047,TRUE,"Breakout",12,73.25,2,9,0.762097684873172,77.665,79.716,NA,NA,88.2220905963701,65.7573104147297,64.2336074214637,77.6470588235295,2.38718883558378,17.4320050600889,95.1219512195097,0.0478800584834703,76.09,75.9736883333333,76.5482300238516,75.9692699761484,FALSE,FALSE,83.2943372498121,75.8206627501879,10,0,0.0978026993464773,2.35226576141873,TRUE,FALSE,27.5299151564647,36.294163644201,-6.74338647794976,-8.97832817337462,-13.4804753820034,-6.84864733122106,-6.52971386647102,-1.01010101010101,-0.920285158781605,-3.24050632911393,-0.920285158781609,-1.01010101010102,-6.52971386647102,-6.84864733122106,9.85704190459053,FALSE,76.356,76.25875,"medium",FALSE,-1.06115882541149,FALSE,"2026-10-07 16:00:00",83.2943372498121,75.8206627501879,75.52,78.2,"","News Alert","","Strong fundamentals, below 50/200-day averages","",79,"A","TREND_CONFIRMED",0,"D","NONE",28,"AVOID"
"UGI","Utilities","Utilities - Regulated Gas","United States","Mid","Good","No",36.65,36.34,37.02,36.68,37.13,37.235,36.595,36.83,36.648,36.673,37.15,-1.35,"-","-","Mixed trend","Mixed trend","Hold","-","Neutral",36.595,36.759,1.35416666666667,"","Moderate reward to risk ratio zone"," + Breakout Signal + ","Very Strong",36.57,"35.06-36.78"," + Breakout Signal + ",NA,"36.45-36.85","Neutral","Neutral","30.28-43.02","31.09-34.49","False",1.79,3.01,"medium","expanding",FALSE,-0.054540496318525,-0.13623978201636,-0.421138432278226,-0.461705594785447,-0.529244130818294,36.5642226581291,36.4218885467793,TRUE,"MomentumPullback",9,34.84,7,4,0.333849694269605,36.754,36.867,NA,NA,52.2435590068237,41.7732296173128,43.4782608695661,47.8260869565207,-2.00342871299394,17.3913043478223,44.4444444444409,0.0115424434150508,36.75196,36.7951358333333,36.7214933367001,36.5993066632999,FALSE,FALSE,38.4059454136781,35.6110545863219,4.78861298073597,1.86757778787464,0.0308235982940106,0.753402690564342,FALSE,FALSE,44.5629527614318,47.7004647111977,-4.85236868895795,1.97551474680023,-3.47642875954701,-3.95702306079664,0.0819224467504127,2.74740678441266,-1.47849462365593,-1.34589502018843,-1.47849462365592,2.74740678441265,0.0819224467504043,-3.95702306079664,7.84837983548423,FALSE,36.64716,36.6604,"medium",FALSE,-0.647058668180067,FALSE,"2026-10-07 16:00:00",38.4059454136781,35.6110545863219,36.59,37.24,"","","","","Undervalued",9,"D","NONE",24,"D","NONE",85,"PASS"
"UNH","Healthcare","Healthcare Plans","United States","Large","Good","Yes",375.938,375.6,376,375.8,375.92,383.48,372.01,378.65,375.934,375.854,376.32,-0.1,"-0.53","Very Weak","Mixed trend","Mixed trend","Hold","-","Neutral",375.65,376,1.5575485799701,"","Good reward to risk ratio zone"," + Breakout Signal + ","Very Strong",375.15,"362.7-379.17"," + Breakout Signal + ",NA,"374.86-380.17","Higher","Neutral","329.65-422.44","264.29-354.05","False",2.35,15.55,"low","quiet",FALSE,-0.00851131739235553,0.00468184221979329,0.0393836983421506,0.487283321973184,-1.76435234785336,375.46197583812,374.076942012491,TRUE,"MomentumPullback",8,354.08,5,7,0.106976551824515,374.918,377.542,NA,NA,53.1115092790504,53.5551755751785,78.8761904761944,82.2857142857121,-4.12036364131192,5.08571428570413,100,0.0329719880432047,375.479036,376.465015,376.114527193626,375.712602806374,FALSE,FALSE,384.859916391069,366.215083608931,10,10,0.18816831457118,8.86855598564063,FALSE,FALSE,59.0329936250544,45.8394663988528,-0.299692575851324,-11.0296031614567,-4.61234016642988,-3.75527966210162,1.26316356486843,2.42453960989431,1.09706910459802,-0.0903486394557757,1.09706910459801,2.42453960989431,1.26316356486844,-3.75527966210162,5.09122469735517,FALSE,375.94322,375.913565,"low",FALSE,-4.05316924413197,FALSE,"2026-10-07 18:32:00",384.859916391069,366.215083608931,372.01,383.48,"","","","","",40,"C","NONE",23,"D","EARLY_REVERSAL",50,"AVOID"
"URI","Industrials","Rental & Leasing Services","United States","Large","Good","Yes",1034.9875,1034.8,1042.5,1038.65,1070.59,1070.955,1022.26,1037.86,1035.514,1034.069,1080.62,-4.22,"-0.7","-","Mixed trend","Mixed trend","Hold","-","Neutral",1030.93,1037.44,0.928059098664129,"","Moderate reward to risk ratio zone"," + ","Very Strong",1029.23,"962.34-1032.95"," + ",NA,"1027.31-1043.54","Neutral","Neutral","864.08-1237.88","734.43-936.44","False",3.38,41.59,"medium","expanding",FALSE,0.00748857388563959,0.340531762766916,0.089694988685377,0.322538433204726,-0.0909810508432142,1029.57498980096,1022.78996237025,TRUE,"RSER",6,938.53,3,4,0.803088659216153,1054.219,1039.854,NA,NA,43.7664008660929,54.2896129990902,67.5755248335882,62.3271889400906,-10.3530044396745,-30.9139784946244,32.9166666666652,1.52926085092887,1033.121052,1033.1113825,1037.43795998019,1029.17279001981,FALSE,FALSE,1085.39608486181,967.026915138195,0,0,1.36034320311176,34.3492539442694,FALSE,FALSE,33.7316774206651,49.3324751005013,-9.75941389157415,-2.49532420417485,-1.49077995328257,0.842753968331121,0.528105892498963,3.66314274865606,-4.03315325982387,-3.99585423182986,-4.03315325982386,3.66314274865607,0.528105892498965,0.842753968331111,12.2405248365497,FALSE,1036.1155,1033.305375,"medium",FALSE,2.23154793342752,FALSE,"2026-10-07 18:09:00",1085.39608486181,967.026915138195,1022.26,1070.95,"","","","","",72,"A","TREND_CONFIRMED",29,"D","EARLY_REVERSAL",100,"PASS"
"V","Financial Services","Credit Services","United States","Large","Good","Yes",371.83,371.8,372.3,372.05,369.72,374.6185,369.6,372.67,371.978,372.145,370.64,0.32,"-0.52","Very Weak","Mixed trend","Uptrend","Hold","-","Neutral",371.76,372.46,0.33029315960912,"","Low reward High risk zone"," + Breakdown Signal: below lower bollinger band limit + ","Very Strong",371.49,"362.41-373.16"," + Breakdown Signal: below lower bollinger band limit + ",NA,"369.65-372.25","Neutral","Neutral","326-418.2","303.08-351.11","False",1.8,11.75,"low","normal",FALSE,-0.0725611394786452,-0.0725611394786452,-0.273568459165895,-0.589517023807943,-0.62009872508387,371.572901888994,370.666405207549,FALSE,"",4,351.3,7,-1,0.135966611209112,368.447,367.67,NA,NA,33.6919617630963,37.5688856329952,25.6868131868135,3.84615384615048,-11.2407086091318,-62.2252747252786,6.06060606060084,0.1616477652181,372.6239,373.4138975,372.29275326015,371.78724673985,FALSE,FALSE,377.201833932949,358.047166067051,0,10,0.187133340368216,5.87904711664917,FALSE,FALSE,84.9945593764874,55.6708553376159,1.62137130918904,4.71071589374156,-3.13427396261779,1.282016385857,2.92653241867671,3.55383630645925,3.1719625131703,0.39391323116772,3.17196251317029,3.55383630645925,2.92653241867671,1.28201638585701,5.34976105977931,FALSE,371.996,372.04,"low",FALSE,-0.136494063159601,FALSE,"2026-10-07 18:35:00",377.201833932949,358.047166067051,369.6,374.62,"","","","","",9,"D","NONE",59,"B","NONE",73,"PASS"
"VALE","Basic Materials","Other Industrial Metals & Mining","Brazil","Large","Moderate","No",13.7,13.62,13.71,13.66,13.84,13.87,13.57,13.72,13.669,13.649,14.08,-2.7,"-1.6","Very Weak","Uptrend","Mixed trend","Hold","-","Neutral",13.61,13.7,3.97777777777779,"","Excellent reward to risk ratio zone"," + ","Very Strong",13.58,"12.22-13.69"," + ",NA,"13.58-13.78","Lower","Higher","12.92-15.46","10.73-14.65","False",3.39,0.5,"high","expanding",TRUE,0.661278471711976,0.587371512481645,0.366300366300359,0.0365096750638847,-0.291120815138289,13.5822691633556,13.433417006211,FALSE,"",8,12.82,0,8,0.821391679129537,13.789,14.018,NA,NA,70.5787220786229,58.2465450343691,68.0740740740747,100,6.64197530864208,55.5555555555545,100,0.0254968233315438,13.662348,13.6941325,13.6919642026752,13.5804157973248,TRUE,FALSE,15.1733870503186,12.9346129496814,10,0,0.0279142146971561,0.427034324190002,TRUE,FALSE,34.2112634761406,41.1401918960911,-7.26584635564116,-4.55820476858345,-11.2198303979126,-11.8523316062176,-1.51953690303908,1.49142431021625,-1.09011627906977,-3.33806818181819,-1.09011627906977,1.49142431021625,-1.51953690303908,-11.8523316062176,17.308396543032,FALSE,13.67276,13.63619,"medium",FALSE,-4.83180743134653,FALSE,"2026-10-07 18:31:00",15.1733870503186,12.9346129496814,13.57,13.87,"","","","Strong fundamentals, below 50/200-day averages","",79,"A","TREND_CONFIRMED",9,"D","EARLY_REVERSAL",45,"AVOID"
"VCX","NA","NA","NA","ETF",NA,"No",29.44,29.2,29.5,29.35,28.88,29.36,28.84,29.09,29.362,29.238,29.44,0,"-1.24","-","Mixed trend","Mixed trend","Hold","-","Neutral",29.05,29.55,7.89772727272728,"","Excellent reward to risk ratio zone"," + ","Strong",28.95,"24.55-29.05"," + ",NA,"29.02-29.67","Lower","Neutral","-3.79-61.89","17.52-38.35","False",16.01,NA,"high","expanding",TRUE,0.477815699658705,1.20316259883122,1.30763936682726,1.08154506437769,1.44727773949001,28.9600023058867,28.509153967972,TRUE,"RSER",7,23.6,2,7,1.93581848410417,29.464,31.259,NA,NA,65.6508177779103,60.1291442722116,65.7199999999998,78.0000000000001,8.17333333333331,-11.1599999999996,81.1359026369175,0.136827219514245,29.15084,29.1370508333333,29.4851649267682,28.9252250732318,FALSE,FALSE,33.2203943575737,27.8136056424263,10,0,0.0912059247744113,1.76030488000981,FALSE,FALSE,19.6896717301556,34.7909278689365,-1.0584403528232,-53.3782699406195,-34.6309630963096,-22.7188081936685,-5.06535947712419,-1.92437542201215,-2.61481729802212,-1.32472826086957,-2.61481729802212,-1.92437542201216,-5.06535947712419,-22.7188081936685,19.4393664189301,FALSE,29.32076,29.205195,"low",FALSE,-17.6640556342275,FALSE,"2026-10-07 18:26:00",33.2203943575737,27.8136056424263,28.84,29.36,"","","","","",79,"A","TREND_CONFIRMED",2,"D","NONE",45,"WATCH"
"VEA","NA","NA","NA","ETF",NA,"No",70.214,70.05,70.87,70.46,70.13,70.42,69.9146,70.24,70.412,70.336,71.11,-1.26,"-0.91","-","Mixed trend","Mixed trend","Hold","-","Neutral",70.214,71.07,5.08718446601941,"","Excellent reward to risk ratio zone"," + ","Very Strong",70.11,"63.96-70.28"," + ",NA,"70.06-70.5","Higher","Neutral","63.13-77.39","64.69-70.07","False",1.75,NA,"high","expanding",FALSE,-0.0796926142023586,-0.0583588356700545,-0.107981374279952,-0.108123488405189,-0.235862460926395,70.088868103202,69.4029586781992,FALSE,"",4,68.7,7,0,1.07735259781397,70.779,71.37,NA,NA,35.77573027119,46.5117325142191,43.5294117647062,0,-3.0504136386488,-30.5882352941185,0,0.360955952991727,70.288694,70.3107833333333,70.6791436915357,69.9257963084643,FALSE,FALSE,72.7105790248042,70.0724209751958,0,0,0.125131896798005,0.846705785211019,FALSE,FALSE,22.5192912647242,40.9111987257946,-5.30187844650884,-0.241374414312085,-4.55101209074853,-3.27643171806167,-1.6241949033884,-0.49568049851295,-1.22311261071277,-1.19533117704963,-1.22311261071276,-0.495680498512951,-1.6241949033884,-3.27643171806167,3.76490210113092,FALSE,70.4528,70.30247,"low",TRUE,-1.13683595469912,FALSE,"2026-10-07 18:01:00",72.7105790248042,70.0724209751958,69.91,70.42,"","","","","",17,"D","NONE",5,"D","NONE",65,"PASS"
"VGNT","NA","NA","NA","Mid","Good","No",45.5,39.87,47.29,43.58,46.97,46.97,44.34,45.07,45.308,45.126,47.37,-3.95,"0.02","-","Uptrend","Mixed trend","Hold","Overbought","Neutral",44.9,45.5,2.29545454545454,"","Good reward to risk ratio zone"," + Breakout Signal: above upper bollinger band limit + ","Very Strong",44.8,"40.62-44.95"," + Breakout Signal: above upper bollinger band limit + ",NA,"44.86-45.64","Lower","Neutral","40.03-52.35","33.71-42.43","False",4.87,6.84,"high","expanding",TRUE,0.864553314121039,0.965272384333745,1.20106761565836,1.15606936416186,2.0408163265306,44.8150631553693,44.4028672244811,TRUE,"MomentumPullback",10,41.41,0,8,1.3258029821897,46.259,46.288,NA,NA,95.5043790181904,77.5977980463447,94.3452380952379,100,5.42960392098279,10.714285714286,100,0.144022567676078,45.05705,44.94252,45.3781262811597,44.7843737188403,TRUE,FALSE,47.8509721362228,44.5780278637772,10,0,0.0860718581447071,1.79876470930042,TRUE,FALSE,26.9659046652747,46.3655500267522,-8.20955824616924,14.5712117379206,-3.82246761520494,-0.983821600349809,-1.96969696969698,0.77881619937695,-2.45530906741331,-4.39096474561959,-2.45530906741331,0.778816199376942,-1.96969696969698,-0.98382160034981,7.34205712833961,FALSE,45.279,45.08125,"low",FALSE,-3.098769304842,FALSE,"2026-10-07 17:54:00",47.8509721362228,44.5780278637772,44.34,46.97,"","","","","",59,"B","TREND_CONFIRMED",27,"D","NONE",25,"AVOID"
"VIVS","Healthcare","Biotechnology","United States","-",NA,"No",0.193,0.19,0.19,0.19,0.201,0.2075,0.1915,0.2,0.193,0.194,0.202,-4.46,"1.55","-","Mixed trend","Downtrend","Hold","-","Oversold",0.191,0.1965,551.999999999984,"","Excellent reward to risk ratio zone"," + ","Strong",0.19,"0.13-0.19"," + ","Upwards Momentum Signal","0.18-0.21","Neutral","Neutral","-3.51-3.65","0.03-0.9","True",12.07,NA,"medium","normal",TRUE,0.783289817232377,-1.32924335378323,0.0518403317781321,0.0518403317781321,-6.94310511089682,0.18985193840441,0.17991731392088,FALSE,"",7,0.16,3,5,3.26491372583368,0.201,0.231,NA,NA,44.8238863641898,47.5833701453074,59.9472990777339,36.3636363636364,19.9824330259113,-63.6363636363636,0,0.00216840955541193,0.193782,0.1953875,0.196943366767921,0.190716633232079,FALSE,FALSE,0.298649682076054,0.169870317923946,1.58665755214839,0,0.00116008318297879,0.022499016385308,FALSE,FALSE,22.7036889233046,29.1759803676757,-2.13113013117963,-77.0603737422137,-34.3278463648834,-30.3636363636364,-16.4120471409865,-9.66981132075471,-2.49490835030549,-5.15106488360574,-2.49490835030549,-9.66981132075472,-16.4120471409865,-30.3636363636364,75.8103980294926,FALSE,0.19298,0.19383,"high",FALSE,3.39564750577074,TRUE,"2026-10-07 17:34:00",0.298649682076054,0.169870317923946,0.19,0.21,"","","","","",30,"D","NONE",0,"D","NONE",85,"PASS"
"VIXY","NA","NA","NA","ETF",NA,"No",16.2021,16.2,16.23,16.22,16.49,16.52,16.16,16.32,16.204,16.198,16.1,0.63,"2.27","-","Mixed trend","Mixed trend","Hold","-","Neutral",16.16,16.2279,6.49999999999998,"","Excellent reward to risk ratio zone"," + Breakout Signal + ","Very Strong",16.15,"15.45-16.2"," + Breakout Signal + ",NA,"16.09-16.31","Neutral","Neutral","10.86-17.42","12.36-24.13","False",5.29,NA,"medium","expanding",FALSE,-0.0487353485502736,0.136588380716946,0.0129629629629766,-0.0795559666974922,-0.0178957112002271,16.1458155642677,16.0812714458317,FALSE,"",10,15.11,4,3,0.338542100236442,16.415,16.916,NA,NA,46.915767800329,51.5466708782541,73.6377025036812,62.0029455081007,2.32367861233751,3.09278350515783,7.52688172043736,0.0141670392108013,16.208782,16.2095825,16.2190665538959,16.1643434461041,FALSE,FALSE,17.9495030313748,15.9484969686252,4.64014076798932,0.501591751291992,0.0142213889961467,0.593029402152754,FALSE,FALSE,25.2294565422696,36.3530402182449,1.52969068933423,-21.6360116166505,-10.105496946141,-7.8018223234624,-3.57355568790946,-4.42739079102715,-3.16985645933013,0.559006211180123,-3.16985645933013,-4.42739079102715,-3.57355568790946,-7.8018223234624,12.546674879056,FALSE,16.204,16.191705,"low",TRUE,2.01245437407222,FALSE,"2026-10-07 18:43:00",17.9495030313748,15.9484969686252,16.16,16.52,"","","","","",36,"D","NONE",10,"D","NONE",90,"PASS"
"VLGEA","Consumer Defensive","Grocery Stores","United States","Small","Good","No",43.82,43.56,44.64,44.1,43.43,44.7,43,43.97,43.799,43.941,43.72,0.23,"-","-","Mixed trend","Mixed trend","Hold","-","Neutral",43.7,44.44,1.94285714285714,"","Good reward to risk ratio zone"," + ","Moderate",43.34,"37.47-43.83"," + ",NA,"41.79-45.84","Neutral","Neutral","37.17-50.47","34.86-41.17","False",2.46,3.67,"medium","quiet",FALSE,-0.136736554238838,-0.0911992704058348,-0.90456806874717,0.354975380739726,0.863160317642997,43.5876362400147,43.0010141228512,TRUE,"MomentumPullback",8,41.46,6,5,2.35358808838662,44.554,44.535,NA,NA,61.3803231891136,44.5514057074679,15.2282514452599,19.8347107438013,3.53762227662504,2.09277525993038,88.8888888888906,0.0531036721888951,43.995902,43.79009,44.5388280676502,43.5146719323498,FALSE,FALSE,46.408066573817,42.722933426183,10,0.780252604353741,0.112672310356005,1.29211770584596,FALSE,TRUE,20.9780418607206,46.2513685180843,0.727311218021534,1.22430122430123,-0.113973102347839,3.27598397360358,-1.32852961044809,-2.98870932034536,-4.73913043478261,0.228728270814276,-4.73913043478261,-2.98870932034536,-1.32852961044809,3.27598397360358,8.62565571252564,FALSE,43.762,44.02675,"medium",FALSE,-1.69507811292261,FALSE,"2026-10-07 16:00:00",46.408066573817,42.722933426183,43,44.7,"","","Earnings Alert","","",13,"D","NONE",30,"D","NONE",50,"AVOID"
"VMC","Basic Materials","Building Materials","United States","Large","Good","Yes",244.13,243.34,244.25,243.8,245.94,246.55,241.65,243.29,244.066,243.948,248.85,-1.9,"-","-","Mixed trend","Mixed trend","Hold","-","Neutral",243.61,244.16,1.39014084507042,"","Moderate reward to risk ratio zone"," + Breakout Signal: above upper bollinger band limit + ","Very Strong",243.39,"235.96-243.47"," + Breakout Signal: above upper bollinger band limit + ",NA,"242.6-245.66","Neutral","Neutral","193.93-294.33","197.3-273.35","False",3.08,8.48,"medium","normal",FALSE,0.0840422260940798,0.155897435897434,-0.0204766975182289,0.324648639763291,0.343204751433448,243.468352149783,242.731524147367,FALSE,"",7,229.21,0,7,0.250462545912707,245.316,248.408,NA,NA,73.4802075829899,58.0307086329604,95.1515151515143,94.5454545454542,7.17703349282309,0,87.9999999999995,0.104403065080431,243.921994,243.304711666667,244.20255392105,243.59244607895,FALSE,FALSE,252.198397228312,239.501602771688,6.87839191730517,0,0.141950205958468,6.60317788844937,FALSE,FALSE,40.5360134472472,40.7832385093664,-5.23788368613953,-16.207310794577,-10.9307161881134,-2.30501420625075,-0.110474631751232,-0.204390303723991,0.440220521681886,-1.89672493469962,0.440220521681889,-0.204390303723989,-0.110474631751234,-2.30501420625074,5.30134007859973,FALSE,244.06,243.8975,"low",FALSE,-3.76798205425494,FALSE,"2026-10-07 16:42:00",252.198397228312,239.501602771688,241.65,246.55,"","","","Strong fundamentals, below 50/200-day averages","",49,"C","NONE",2,"D","NONE",45,"AVOID"
"VOO","NA","NA","NA","ETF",NA,"No",714.57,714.53,714.61,714.57,713.06,715.055,711.06,713.74,714.514,714.372,716.2,-0.23,"-0.46","-","Uptrend","Mixed trend","Hold","-","Neutral",714.08,714.58,0.152567417805688,"","Low reward High risk zone"," + Breakout Signal: above upper bollinger band limit + ","Very Strong",714.02,"710.33-714.01"," + Breakout Signal: above upper bollinger band limit + ",NA,"713.23-715.91","Neutral","Neutral","662.63-766.05","581.08-681.39","False",1.4,NA,"medium","quiet",FALSE,0.00279896438319159,0.0406003248026092,0.0658171124492406,-0.00419815281275857,-0.0461603021401493,714.00651613409,713.783325697045,TRUE,"MomentumPullback",10,681.37,1,9,0.0960407639505266,711.539,706.082,NA,NA,70.3258583063494,62.2465370542294,88.4525925925851,97.77777777778,-2.738024691359,20.197777777791,91.0793933987636,0.0441608650302286,714.28346,714.359075833333,714.65871756777,713.97301243223,FALSE,FALSE,717.772873554681,690.200126445319,7.25522059011887,2.23191127316179,0.0735342903643634,6.10922529682794,FALSE,FALSE,72.2977111836278,60.4203984285718,-2.38126277579565,3.62816067775956,1.72740348328847,2.18433061066846,1.21140849261113,1.92335131124619,0.961076405574253,-0.259703993297963,0.961076405574257,1.92335131124619,1.21140849261112,2.18433061066845,3.99489163402035,FALSE,714.53558,714.315865,"medium",FALSE,0.861545495781437,FALSE,"2026-10-07 18:33:00",717.772873554681,690.200126445319,711.06,715.06,"","","","","",50,"C","NONE",77,"A","TREND_CONFIRMED",60,"AVOID"
"VOOG","NA","NA","NA","ETF",NA,"No",87.9473,87.7,87.96,87.83,87.36,87.75,87.05,87.47,87.878,87.782,87.81,0.16,"-0.5","-","Uptrend","Mixed trend","Hold","-","Neutral",87.69,87.9473,0.0982456140350881,"","Low reward High risk zone"," + Breakout Signal: above upper bollinger band limit + ","Very Strong",87.67,"85.96-87.66"," + Breakout Signal: above upper bollinger band limit + ",NA,"87.83-88.33","Higher","Neutral","78.6-96.78","65.7-81.08","False",1.77,NA,"high","expanding",FALSE,0.167767653758544,0.270550678371913,0.362090608239191,0.396461187214617,0.344914142278513,87.6577343707785,87.5016272861936,TRUE,"Breakout",10,81.39,2,10,0.372452056006986,87.123,85.661,NA,NA,87.3546188757215,74.1467427639247,90.2964959568732,100,-2.21623240491196,14.5552560646902,100,0.036606666059075,87.685424,87.6565916666667,87.9226172270676,87.5963627729324,TRUE,FALSE,88.4875241084023,81.9004758915977,10,0,0.0323603030314975,0.971204174020274,FALSE,FALSE,84.8394316363859,67.7243284589645,-1.12574659500387,5.9313843923653,5.23220928837153,4.81711690174516,2.6094079101334,2.58540009358914,1.3757225433526,-0.136658694909469,1.37572254335261,2.58540009358914,2.6094079101334,4.81711690174516,8.04274718198592,FALSE,87.88486,87.75949,"medium",FALSE,1.52964679910893,FALSE,"2026-10-07 18:46:00",88.4875241084023,81.9004758915977,87.05,87.75,"","","","","",66,"B","TREND_CONFIRMED",83,"A","TREND_CONFIRMED",35,"AVOID"
"VRXA","NA","NA","NA","ETF",NA,"No",1.17,1.17,1.23,1.2,1.16,1.32,1.1001,1.19,1.167,1.175,1.08,8.33,"5.07","-","Mixed trend","Mixed trend","Hold","-","Neutral",1.1304,1.2297,3.25,"","Excellent reward to risk ratio zone"," + ","Strong",1.11,"0.55-1.13"," + ","Upwards Momentum Signal","1.03-1.31","Neutral","Neutral","0.25-2.15","0.35-2.18","True",10.17,NA,"medium","normal",FALSE,0,3.50318471337578,-4.09836065573771,-6.37753060734577,-3.30578512396694,1.11879936463158,1.06712244171499,FALSE,"",6,0.98,2,2,8.10084002555934,1.173,1.345,NA,NA,68.9101526107833,45.7168928017605,43.1347015314095,56.8965517241378,3.32306991854863,15.8089384310865,87.4999999999991,0.0055684827376992,1.204316,1.23937416666667,1.21935800833111,1.12798199166889,FALSE,FALSE,1.72563505122152,1.03336494877848,10,10,0.0120070270532971,0.137763740458437,FALSE,TRUE,60.2131282391275,35.4273635095555,10.1538100759357,-42.5837320574163,-30.635838150289,-24.5283018867925,-13.6690647482014,-4,6.19469026548673,11.1111111111111,6.19469026548674,-4,-13.6690647482014,-24.5283018867925,66.9918312268439,FALSE,1.16456,1.17367,"high",TRUE,5.45136732887052,TRUE,"2026-10-07 18:22:00",1.72563505122152,1.03336494877848,1.1,1.32,"","","","","",19,"D","NONE",19,"D","NONE",70,"AVOID"
"VTI","NA","NA","NA","ETF",NA,"No",381.3,381,381.5,381.25,380.6,381.46,379.385,380.71,381.268,381.213,382.54,-0.32,"-0.41","-","Mixed trend","Mixed trend","Hold","-","Neutral",380.7704,381.41,0.216423637759022,"","Low reward High risk zone"," + Breakout Signal: above upper bollinger band limit + ","Very Strong",380.79,"373.64-380.72"," + Breakout Signal: above upper bollinger band limit + ",NA,"380.85-381.66","Neutral","Neutral","352.92-409.14","311.41-364.76","False",1.38,NA,"high","expanding",FALSE,-0.013111315064904,0.0629822075263762,0.0971307064290039,0.0577306602288305,0.0183616189701737,380.627845257215,380.051326178834,TRUE,"MomentumPullback",8,364.64,4,7,0.2023955900266,379.921,377.539,NA,NA,63.0382271133613,53.1956362752144,65.8536585365815,73.1707317073154,-4.95448544229083,12.1951219512215,100,0.0207364414033927,381.097502,381.149805,381.588744404437,380.817985595563,FALSE,FALSE,383.142050589486,369.744949410514,10,0.642334619108136,0.142753017103935,3.3507804399632,FALSE,FALSE,65.0269851165067,57.8814334292107,-3.4364121540593,2.91710558301595,1.0153764581124,1.71106721477763,0.993956743002545,1.81434373663958,0.804254080795779,-0.394729962879711,0.804254080795785,1.81434373663958,0.993956743002555,1.71106721477763,3.62333581576463,FALSE,381.264,381.203365,"medium",FALSE,0.705933124848173,FALSE,"2026-10-07 18:40:00",383.142050589486,369.744949410514,379.38,381.46,"","","","","",40,"C","NONE",77,"A","TREND_CONFIRMED",70,"AVOID"
"WAB","Industrials","Railroads","United States","Large","Good","Yes",282.44,277.77,288,282.88,287.85,288.9,280.315,283.66,282.396,282.729,291.16,-2.99,"0.23","-","Mixed trend","Mixed trend","Hold","-","Neutral",282.16,283.51,1.30222693531283,"","Moderate reward to risk ratio zone"," + ","Very Strong",281.9,"271.07-283.33"," + ",NA,"280.84-284.04","Neutral","Neutral","260.52-309.22","237.44-266.93","False",2.22,7.44,"medium","expanding",FALSE,-0.0389311626260887,-0.0884360960769748,-0.4353573631797,-0.359839130741544,-0.763318547147442,281.938205845766,280.969110471218,TRUE,"Thrust",9,268.35,5,5,0.592875517628742,287.502,287.281,NA,NA,58.3769082058579,39.2726038681448,19.9619506682886,30.1075268817191,3.91826038693684,15.3292017585685,81.203007518796,0.0802807573940337,283.2078,283.765226666667,283.631334911948,281.959665088052,FALSE,FALSE,296.419545146873,274.641454853127,10,0,0.222014250503221,6.29318703600207,TRUE,FALSE,19.6854412253216,43.9821183591646,-11.6654363709338,7.90448901623687,-4.88314137536203,0.702392412735754,-3.34679351173774,-1.65053276690578,-1.77366627251861,-2.9949168841874,-1.77366627251861,-1.65053276690578,-3.34679351173774,0.702392412735753,7.92964423575207,FALSE,282.327,282.7955,"medium",FALSE,0.417098554815175,FALSE,"2026-10-07 16:02:00",296.419545146873,274.641454853127,280.32,288.9,"","","","","",9,"D","NONE",19,"D","NONE",58,"WATCH"
"WCC","Industrials","Industrial Distribution","United States","Large","Good","No",367,350.5,376.49,363.5,376.41,378.605,360.735,365.94,366.617,366.118,384.09,-4.45,"-0.08","Very Weak","Mixed trend","Mixed trend","Hold","-","Neutral",364.94,367,0.630194487197425,"","Low reward High risk zone"," + Breakout Signal: above upper bollinger band limit + ","Very Strong",364.53,"344.24-365.11"," + Breakout Signal: above upper bollinger band limit + ",NA,"365.57-371.81","Higher","Neutral","259.08-473.16","260.29-318.73","True",4.03,14.46,"medium","normal",TRUE,0.293364924376896,0.215723218918113,0.444748546014369,0.838027201538676,0.211618540514705,364.550083024055,362.671194895135,FALSE,"",10,321.26,0,7,0.567454389393959,373.077,362.796,NA,NA,86.0274765975871,65.2666897396952,86.3221884498481,100,8.52650494159948,0,100,0.462687799708818,365.6869,365.2158125,367.040592885898,364.969557114102,FALSE,FALSE,389.011968600851,328.132031399149,10,0,0.392117965067905,12.9164045855194,FALSE,FALSE,33.5361821420942,53.2054063132871,-10.8582673696151,7.79331664949213,8.1723098741358,3.13529958590383,0.0738007380073751,1.81595706220975,-4.08927776176879,-4.67859095524486,-4.08927776176879,1.81595706220974,0.0738007380073791,3.13529958590382,18.5534880401988,FALSE,366.496,366.005075,"medium",FALSE,2.30299270922994,TRUE,"2026-10-07 17:38:00",389.011968600851,328.132031399149,360.74,378.6,"","","","","",79,"A","TREND_CONFIRMED",74,"A","TREND_CONFIRMED",58,"AVOID"
"WETO","Technology","Software - Application","China","Nano",NA,"No",1.08,1.08,1.09,1.08,1.14,1.33,1.09,1.14,1.092,1.104,1.02,5.88,"11.91","Moderate","Mixed trend","Mixed trend","Hold","-","Neutral",1.08,1.125,8.35051546391753,"","Excellent reward to risk ratio zone"," + Breakdown Signal: below lower bollinger band limit + ","Very Strong",1.07,"0.74-1.13"," + Breakdown Signal: below lower bollinger band limit + ",NA,"1-1.1","Neutral","Neutral","-100.86-103.22","1.85-5.14","True",19.8,-14.17,"medium","normal",FALSE,-1.81818181818182,-1.81818181818182,-3.58003749665209,-5.6768558951965,-6.89655172413792,1.0732865953135,1.04316260945678,FALSE,"",3,-0.03,7,0,3.17171560006859,1.133,2.727,NA,NA,6.17659648839762,31.4821399588062,0,0,0,0,0,0.00894427191000337,1.117726,1.13307583333333,1.12033066078567,1.08588933921433,FALSE,TRUE,2.59499149711519,0.639008502884815,1.63596578179169,10,0.00671340468649553,1.62214641117996,FALSE,TRUE,61.1233866972454,35.2735946061703,0.865073099960981,-98.0114593865858,-95.8318615330272,-51.0373443983403,-18.6206896551724,16.8316831683168,9.25925925925925,15.6862745098039,9.25925925925926,16.8316831683168,-18.6206896551724,-51.0373443983403,306.096551986406,FALSE,1.094,1.10311,"medium",FALSE,7.43868790610667,TRUE,"2026-10-07 18:31:00",2.59499149711519,0.639008502884815,1.09,1.33,"","","","","",7,"D","NONE",16,"D","EARLY_REVERSAL",78,"PASS"
"WF","Financial Services","Banks - Regional","South Korea","Large","Good","No",74.28,51.1,83.74,67.42,74.41,74.81,73.795,74.34,74.252,74.23,75.2,-1.22,"-","-","Mixed trend","Mixed trend","Hold","-","Neutral",73.99,74.38,2.73260073260073,"","Good reward to risk ratio zone"," + ","None",73.79,"68.82-74.27"," + ",NA,"73.74-74.73","Neutral","Neutral","56.49-92.07","58.64-69.55","False",3.51,8.59,"medium","quiet",FALSE,0.0808407437348454,0.276746540668239,-0.141157491429729,0.0673582109659129,-1.75902658378521,73.8902645954676,73.3903840616715,FALSE,"",6,69.71,4,-1,0.610182233047745,75.158,76.055,NA,NA,57.044276160117,51.3930206550249,85.9984459984464,74.3589743589759,14.8405442155441,-25.6410256410241,54.5454545454569,0.119142771496186,74.351716,74.7588358333333,74.423086158181,73.971723841819,FALSE,FALSE,81.735507100817,73.024492899183,2.42622677179482,0,0.100126312321469,2.0782666064543,FALSE,FALSE,30.2672629600347,46.2415972626117,-2.35681296709688,19.8837959974177,4.66394251092011,-0.0269179004037632,-4.06819062378924,-1.6679904686259,-1.23653769445551,-1.22340425531915,-1.23653769445552,-1.6679904686259,-4.06819062378924,-0.0269179004037667,11.9288937941141,FALSE,74.217,74.197405,"medium",TRUE,-0.0148311455793984,FALSE,"2026-10-07 16:00:00",81.735507100817,73.024492899183,73.8,74.81,"","","","","Undervalued",42,"C","NONE",28,"D","NONE",85,"PASS"
"WFC","Financial Services","Banks - Diversified","United States","Large","Good","Yes",80.15,80.13,80.4,80.26,80.475,80.82,79.07,80.26,80.185,80.206,81.51,-1.67,"-1.15","-","Mixed trend","Mixed trend","Hold","-","Neutral",80.12,80.26,5.19026548672565,"","Excellent reward to risk ratio zone"," + Breakdown Signal: below lower bollinger band limit + ","Very Strong",80.05,"77.98-80.09"," + Breakdown Signal: below lower bollinger band limit + ",NA,"79.76-80.57","Neutral","Neutral","67.2-93.32","68.69-81.9","False",2.78,6.89,"low","normal",FALSE,-0.0374158144175619,0.0374438342486285,-0.124610591900304,0,0.0930371961461376,80.0771890475827,79.8733775998985,FALSE,"",3,76.95,6,-1,0.162469794594568,80.864,83.043,NA,NA,25.002270233592,43.5675313397957,45.2380952380945,21.4285714285722,-6.28815628815728,-35.7142857142835,0,0.0402492235957634,80.25274,80.1434616666667,80.2625704562243,80.1323795437757,FALSE,FALSE,91.3213874186348,76.7006125813652,0,0,0.0428269824793529,1.83031931866952,FALSE,FALSE,29.0811241355712,35.19823510219,-3.88929735678985,-5.35377358490565,-5.34261115697606,-10.4940336790454,-2.002442002442,0.262336039975026,-0.236171535114975,-1.53355416513311,-0.236171535114971,0.262336039975031,-2.00244200244201,-10.4940336790454,19.0621356795027,FALSE,80.198,80.197475,"high",FALSE,-0.622553841970429,FALSE,"2026-10-07 18:41:00",91.3213874186348,76.7006125813652,79.07,80.82,"","","","Strong fundamentals, below 50/200-day averages","Undervalued",13,"D","NONE",7,"D","EARLY_REVERSAL",75,"PASS"
"WMB","Energy","Oil & Gas Midstream","United States","Large","Good","Yes",71.46,71.45,72,71.72,72.9,72.9,70.83,71.33,71.46,71.496,72.39,-1.28,"-0.05","-","Mixed trend","Mixed trend","Hold","-","Neutral",71.39,71.62,0.801470588235297,"","Moderate reward to risk ratio zone"," + Breakdown Signal: below lower bollinger band limit + ","Very Strong",71.33,"69.15-71.35"," + Breakdown Signal: below lower bollinger band limit + ",NA,"71.1-71.82","Neutral","Neutral","68.46-75.58","56.98-69.64","False",2.35,2.51,"medium","expanding",FALSE,0.0279955207166798,-0.0699202908684259,-0.223401284557401,-0.0559440559440647,0.154169586545199,71.3452389515714,71.1448945505977,TRUE,"MomentumPullback",7,66.17,3,7,0.287294445478308,71.011,70.978,NA,NA,50.0793724280106,42.4326397046447,47.9166666666656,43.7499999999967,13.3347362514028,3.12499999999722,33.3333333333288,0.0288530760955434,71.552746,71.48126,71.6048036521185,71.3996763478815,FALSE,FALSE,73.5983087258093,68.1076912741907,6.70352884434222,3.37387200093657,0.0448049379564192,1.84608421231581,FALSE,FALSE,61.3752426739927,51.1297373929819,-4.39766395706764,-5.26315789473686,1.26115913277597,-4.22195416164054,0.492195190549844,5.1346182139179,1.30422455344484,-1.28470783257357,1.30422455344483,5.1346182139179,0.492195190549838,-4.22195416164054,8.06167020038051,FALSE,71.448,71.50224,"low",FALSE,-3.05950784233143,FALSE,"2026-10-07 16:00:00",73.5983087258093,68.1076912741907,70.83,72.9,"","","","","",16,"D","EARLY_REVERSAL",33,"D","NONE",75,"PASS"
"WMT","Consumer Defensive","Discount Stores","United States","Large","Good","Yes",108.05,108.01,108.14,108.08,107.535,108.8,107.4,108.15,108.04,108.064,107.2,0.79,"0.39","Moderate","Mixed trend","Mixed trend","Hold","-","Neutral",107.91,108.2,0.643605870020966,"","Low reward High risk zone"," + Breakout Signal + ","Very Strong",107.83,"103.8-108.17"," + Breakout Signal + ",NA,"107.94-108.23","Higher","Neutral","87.17-129.15","90.82-118.29","False",2.44,2.82,"medium","expanding",FALSE,0.0184207919829684,-0.101701183431952,0.00462770142070013,-0.0593816538438055,-0.175535846267552,107.827824352114,107.428590534473,FALSE,"",6,101.01,2,5,0.309158618601347,106.639,106.911,NA,NA,55.859900988285,48.8642486809732,21.3768115942025,24.9999999999982,-7.19023636672071,7.60869565216972,44.4444444444409,0.0491907308351724,108.07876,108.1824725,108.220405769554,107.886864230446,FALSE,FALSE,110.809024865725,103.503975134275,10,10,0.0822822607183815,2.15994918127512,FALSE,FALSE,82.1882499821806,52.9735671827004,2.81651212215838,-4.64603720356168,2.63807174036819,2.20164414627232,-2.1442142404777,4.08006158583525,3.74064837905236,0.895522388059696,3.74064837905237,4.08006158583525,-2.1442142404777,2.20164414627233,7.05774799660877,FALSE,108.04616,108.053635,"low",TRUE,0.130195876914131,FALSE,"2026-10-07 18:20:00",110.809024865725,103.503975134275,107.4,108.8,"","","","Strong fundamentals, below 50/200-day averages","",26,"D","NONE",50,"C","NONE",95,"PASS"
"WPC","Real Estate","REIT - Diversified","United States","Large","Moderate","No",63.25,62.52,63.4,62.96,63.79,64.14,62.71,63.39,62.957,62.961,64.01,-1.19,"-","-","Uptrend","Mixed trend","Hold","-","Oversold",62.71,63.25,336.000000000067,"","Excellent reward to risk ratio zone"," + Breakout Signal: above upper bollinger band limit + Positive News + ","Very Strong",62.72,"58.76-63.27"," + Breakout Signal: above upper bollinger band limit + Positive News + ",NA,"62.46-64.04","Neutral","Neutral","50.92-66.11","56.55-66.58","False",1.61,2.92,"high","expanding",TRUE,0.460609911054637,0.349040139616054,0.452632414833632,0.221834891459358,0.31720856463125,62.6309422771229,62.3016001424786,FALSE,"",10,62.25,0,8,0.725695927820872,63.738,65.443,NA,NA,86.534928869173,67.2264011011133,37.0370370370363,100,10.2089268755931,94.4444444444455,100,0.215684955434043,62.989704,63.0541433333333,63.2024264786855,62.7470735213145,TRUE,FALSE,68.5300096277128,62.3799903722872,10,0,0.0797384942110967,1.08421949115157,TRUE,FALSE,13.6992380129681,23.982816159127,-5.36906449488572,-11.5232722143865,-11.3356890459364,-9.00783289817233,-4.27285212879598,-2.93981123317345,-2.7743335399876,-1.99968754882051,-2.77433353998759,-2.93981123317345,-4.27285212879598,-9.00783289817233,9.85896153353341,FALSE,62.888,62.97475,"medium",FALSE,-1.54223029772772,FALSE,"2026-10-07 17:23:00",68.5300096277128,62.3799903722872,62.71,64.14,"","News Alert","","Strong fundamentals, below 50/200-day averages","",79,"A","TREND_CONFIRMED",0,"D","NONE",28,"AVOID"
"WPM","Basic Materials","Gold","Canada","Large","Good","No",133.79,133.75,134.5,134.12,133.11,135.57,131.77,134.02,133.697,133.633,137.65,-2.8,"-2.67","Very Weak","Uptrend","Mixed trend","Hold","-","Neutral",133.45,133.81,9.25738396624471,"","Excellent reward to risk ratio zone"," + Breakout Signal: above upper bollinger band limit + ","Very Strong",133.25,"128-133.87"," + Breakout Signal: above upper bollinger band limit + ",NA,"132.12-136.08","Higher","Neutral","87.02-180.36","105.47-126.27","False",5.31,4.55,"low","normal",FALSE,0.13846787171139,0.187209824771604,0.00747495888771932,-0.513087447947649,-0.387164023527667,133.341039488631,132.784930013177,FALSE,"",7,125.3,0,8,0.238970640363313,135.757,141.045,NA,NA,90.4883159432392,60.4610624834139,79.5206971677555,94.4444444444418,11.3108206245451,23.8562091503222,92.8571428571392,0.0772657750867039,133.657876,134.006538333333,133.754936507702,133.436063492298,TRUE,FALSE,158.601085506218,128.447914493782,10,0,0.10923811776704,5.14501624656311,FALSE,FALSE,27.2811376706583,39.7963890091957,-4.20367574693617,23.3643997416259,-18.3422917175666,-14.7167644807349,-8.08525266414575,-0.0224349386778351,-1.90049897270326,-2.87686160552126,-1.90049897270326,-0.02243493867784,-8.08525266414575,-14.7167644807349,23.4750179722819,FALSE,133.678,133.5955,"medium",FALSE,-0.336180386311057,FALSE,"2026-10-07 18:25:00",158.601085506218,128.447914493782,131.77,135.57,"","","","","",50,"C","NONE",10,"D","NONE",55,"AVOID"
"WU","Financial Services","Credit Services","United States","Small","Moderate","No",6.1146,6.11,6.14,6.12,6.13,6.175,6.06,6.11,6.116,6.101,6.14,-0.41,"-0.3","-","Mixed trend","Mixed trend","Hold","-","Neutral",6.07,6.1354,3.14999999999999,"","Excellent reward to risk ratio zone"," + Positive News + ","Very Strong",6.06,"5.46-6.1"," + Positive News + ",NA,"6.07-6.17","Neutral","Neutral","4.02-8.19","4.84-6.79","False",2.91,1.23,"high","expanding",FALSE,-0.00654129190515055,0.403940886699514,0.486442070665576,-0.169795918367343,-0.251223491027727,6.05775921443418,5.99975121394018,TRUE,"RSER",7,5.76,4,3,1.00326598464439,6.088,6.26,NA,NA,47.5274459147044,58.7187402455507,81.1135638950212,65.5629139072854,-1.35720709672144,-34.4370860927146,18.1102362204726,0.0105631434715296,6.094136,6.110705,6.12642189080748,6.06556810919252,FALSE,FALSE,6.80058865510973,5.70741134489026,0,10,0.0123307260989771,0.181787649651127,FALSE,FALSE,59.8079271171898,39.0311609759658,-0.955631880911191,-19.7109067017083,-13.7979683972912,-8.83318412414204,0.328407224958957,3.5593220338983,1.83333333333334,-0.488599348534192,1.83333333333333,3.5593220338983,0.328407224958949,-8.83318412414205,19.1536450443189,FALSE,6.117,6.095995,"medium",FALSE,-3.29914965651472,FALSE,"2026-10-07 16:35:00",6.80058865510973,5.70741134489026,6.06,6.18,"","News Alert","","","",43,"C","NONE",12,"D","EARLY_REVERSAL",65,"PASS"
"XLE","NA","NA","NA","ETF",NA,"No",63.37,63.26,63.42,63.34,64.04,64.51,63.0441,63.52,63.354,63.38,63.75,-0.6,"0.49","-","Mixed trend","Mixed trend","Hold","-","Neutral",63.33,63.55,1.00414937759336,"","Moderate reward to risk ratio zone"," + Breakout Signal + ","Very Strong",63.27,"61.8-63.3"," + Breakout Signal + ",NA,"63.15-63.41","Lower","Neutral","54.96-71.76","44.69-59.75","False",2.09,NA,"medium","normal",FALSE,0.0631612190115256,-0.0473186119873835,-0.181145152398207,-0.228292529323787,0.213489365066811,63.299413686656,63.1530666187376,TRUE,"MomentumPullback",6,59.72,2,5,0.266399393458253,63.17,62.909,NA,NA,75.735335547225,46.4554572238858,10.6060606060617,18.1818181818179,3.03030303030316,9.09090909090733,100,0.0151657508865047,63.41978,63.3808391666667,63.4713089658389,63.3026710341611,FALSE,FALSE,65.4378410267878,60.8761589732122,10,1.04951238180847,0.030605632032317,1.25022540921198,FALSE,FALSE,61.2353502651637,54.1818030748566,-2.87459452547426,11.9236883942766,2.70708380612741,-2.40295748613679,1.58730158730159,3.02439024390244,0.859598853868193,-0.611764705882354,0.859598853868193,3.02439024390244,1.58730158730158,-2.40295748613679,7.49338021734083,FALSE,63.346,63.38699,"low",FALSE,-0.565029513678524,FALSE,"2026-10-07 18:03:00",65.4378410267878,60.8761589732122,63.04,64.51,"","","","","",24,"D","EARLY_REVERSAL",45,"C","NONE",60,"AVOID"
"XLF","NA","NA","NA","ETF",NA,"No",53.75,53.75,53.78,53.76,53.53,53.82,53.41,53.68,53.784,53.776,54.01,-0.48,"-0.81","-","Mixed trend","Mixed trend","Hold","-","Neutral",53.75,53.85,3.8936170212766,"","Excellent reward to risk ratio zone"," + Breakdown Signal: below lower bollinger band limit + ","Very Strong",53.72,"52.69-53.73"," + Breakdown Signal: below lower bollinger band limit + ",NA,"53.55-53.95","Neutral","Neutral","49.14-58.36","48.37-52.15","False",1.63,NA,"medium","normal",FALSE,-0.16716196136702,-0.0186011904761868,0,-0.00930146032927645,0.0372231528010481,53.7308856414629,53.6226800945893,TRUE,"Breakout",7,52.43,8,1,0.20423776115946,53.83,54.797,NA,NA,14.5226659162005,44.3427739097525,33.333333333331,0,-12.4777777777789,-49.9999999999964,0,0.0254844658566526,53.755652,53.7501391666667,53.8280866015801,53.7183733984199,FALSE,FALSE,57.3988373462249,52.5081626537751,0,4.52969274431787,0.0191143585370826,0.674097890309456,FALSE,FALSE,41.5571292907971,33.3009812642619,-2.04764291115698,-3.98356555912825,-7.48709122203098,-5.46957439324657,-1.44847818115145,0.655430711610489,0.486072163021122,-0.48139233475282,0.486072163021123,0.655430711610494,-1.44847818115145,-5.46957439324657,9.31412269116619,FALSE,53.79446,53.77323,"high",FALSE,-1.11168062174511,FALSE,"2026-10-07 18:30:00",57.3988373462249,52.5081626537751,53.41,53.82,"","","","","",9,"D","NONE",9,"D","EARLY_REVERSAL",65,"PASS"
"XLI","NA","NA","NA","ETF",NA,"No",168.3,167.91,168.53,168.22,169.7,170.2064,167.23,168.28,167.964,167.905,171.58,-1.91,"-0.78","-","Uptrend","Mixed trend","Hold","-","Neutral",167.73,168.3,2.77710843373494,"","Good reward to risk ratio zone","Strong Bullish Breakout Signal + Bullish Signal + ","Very Strong",167.61,"163-168.08","Strong Bullish Breakout Signal + Bullish Signal + ",NA,"167.46-169.14","Neutral","Neutral","149.58-186.1","150.58-170.07","False",1.69,NA,"medium","expanding",TRUE,0.28004528391825,0.271083440078651,0.121954846961547,0.115998929240666,-0.041575102452927,167.635405266855,167.17252838136,FALSE,"",9,163.14,0,8,0.278678558313648,169.363,170.405,NA,NA,93.5077293268903,71.3900779387465,49.554781262101,100,13.1231986923046,56.0975609756108,100,0.236917707237711,167.9724,168.0713125,168.113096593343,167.645903406657,TRUE,FALSE,171.841254314339,167.018745685661,10,0,0.0949161961981646,2.52293237991258,TRUE,FALSE,31.0874836775866,40.1589400238575,-9.88000987569593,-6.7400122242596,-5.66546762589927,-2.03700461098465,-1.3286302175191,0.515031740328191,-1.24154162989114,-2.17974122858142,-1.24154162989114,0.515031740328187,-1.3286302175191,-2.03700461098465,2.88740560760429,FALSE,167.884,167.8795,"low",TRUE,-1.58376537438764,FALSE,"2026-10-07 17:40:00",171.841254314339,167.018745685661,167.23,170.21,"","","","","",66,"B","TREND_CONFIRMED",9,"D","EARLY_REVERSAL",20,"AVOID"
"XLK","NA","NA","NA","ETF",NA,"No",201.55,201.52,201.74,201.63,200.28,201.56,199.63,200.92,201.475,201.346,202,-0.22,"-0.87","-","Mixed trend","Mixed trend","Hold","-","Neutral",201.18,201.55,0.0952868852459024,"","Low reward High risk zone"," + Breakout Signal: above upper bollinger band limit + ","Very Strong",201.1,"197.54-201.11"," + Breakout Signal: above upper bollinger band limit + ",NA,"201.07-201.64","Lower","Neutral","170.9-231.88","129.13-179.18","False",2.59,NA,"medium","normal",FALSE,0.163999602425212,0.183914902077744,0.113997332611434,0.203838122700619,0.0968438826947539,201.10838233244,200.765264051044,FALSE,"",7,180.47,0,7,0.251925799884515,200.212,194.71,NA,NA,80.3092010794808,66.812132122602,90.9090909090901,100,8.03170594837277,0,100,0.0605805249234767,201.31291,201.257806666667,201.543231743246,201.036768256754,TRUE,FALSE,205.55128255354,180.96371744646,8.32263573729823,0,0.0717493831234267,2.98310580555721,FALSE,FALSE,76.9983131228742,69.7830244922269,-1.92214180574052,9.80317321847227,10.9403404395968,7.32214228617105,3.09716391932015,2.88122605363984,0.790751213652962,-0.301980198019809,0.790751213652952,2.88122605363983,3.09716391932016,7.32214228617105,13.5870137141471,FALSE,201.492,201.29,"medium",FALSE,1.67390876950025,FALSE,"2026-10-07 18:01:00",205.55128255354,180.96371744646,199.63,201.56,"","","","","",79,"A","TREND_CONFIRMED",83,"A","TREND_CONFIRMED",43,"AVOID"
"XLU","NA","NA","NA","ETF",NA,"No",41.17,41.17,41.2,41.19,40.99,41.33,40.82,41.11,41.174,41.172,41.16,0.02,"-0.54","-","Mixed trend","Mixed trend","Hold","-","Neutral",41.09,41.1996,0.839622641509436,"","Moderate reward to risk ratio zone"," + ","Very Strong",41.08,"40.16-41.09"," + ",NA,"41.09-41.23","Neutral","Neutral","36.8-45.5","35.65-41.72","False",1.43,NA,"medium","quiet",FALSE,-0.0485554746297548,-0.0242836328314668,0.0690298870243376,-0.0242836328314668,-0.278551532033414,41.0721598302266,41.0103142743349,FALSE,"",4,38.76,8,4,0.226698286830885,40.548,40.663,NA,NA,37.2725998828364,50.3786057911009,1.17785630152843,0,-19.6160996286405,-3.53356890458521,0,0.00735132640840091,41.153182,41.2005733333333,41.2223494944524,41.1291105055476,FALSE,FALSE,42.3541030051623,38.6488969948377,0.550495008905088,10,0.0178749036157202,0.626251286276219,FALSE,FALSE,91.5503838616364,51.9558877865605,-0.109419181095575,-9.28130511463845,-4.28006513142592,-3.47173352099461,3.52201257861635,4.33569979716025,3.3140848606578,-0.0242954324586929,3.31408486065781,4.33569979716024,3.52201257861635,-3.47173352099461,9.58683506755548,FALSE,41.17378,41.17573,"high",FALSE,-3.12525717223525,FALSE,"2026-10-07 18:34:00",42.3541030051623,38.6488969948377,40.82,41.33,"","","","","",32,"D","NONE",33,"D","EARLY_REVERSAL",70,"PASS"
"XLV","NA","NA","NA","ETF",NA,"No",169.3,168.9,169.3,169.1,167.869,170.38,167.43,169.36,169.176,168.939,167.09,1.32,"0.37","-","Uptrend","Uptrend","Hold","-","Neutral",168.57,169.3,0.706697459584294,"","Low reward High risk zone"," + Breakout Signal: above upper bollinger band limit + ","Very Strong",168.55,"164.21-169.58"," + Breakout Signal: above upper bollinger band limit + ",NA,"168.25-172.53","Higher","Neutral","149.95-187.67","142.04-162.05","False",1.38,NA,"high","expanding",TRUE,0.290267164267525,0.245729342451977,0.361610053945114,-0.0236211172788426,-0.223950966525221,168.484533363068,168.153609043202,FALSE,"",9,162.15,0,8,0.491702615071814,167.901,168.361,NA,NA,97.4720923183257,73.5488458319969,99.3650793650799,100,7.19576719576674,1.90476190476025,100,0.177902922961372,168.829012,169.221731666667,169.29421553055,168.46586446945,TRUE,FALSE,171.755410217303,164.371589782697,10,10,0.0858367540643357,2.49531580095297,FALSE,TRUE,70.2063083684156,51.8674555649731,5.90164082543501,7.05181051430021,-3.32722483106174,1.72954079787875,0.00592417061610836,0.231563947274679,1.58262125406186,1.0293853611826,1.58262125406186,0.231563947274682,0.00592417061611172,1.72954079787875,4.49215125580273,FALSE,169.1717,168.88004,"low",FALSE,-0.405089523048594,FALSE,"2026-10-07 17:18:00",171.755410217303,164.371589782697,167.43,170.38,"","","","","",37,"D","NONE",60,"B","NONE",35,"AVOID"
"XOM","Energy","Oil & Gas Integrated","United States","Large","Good","Yes",164.05,163.9,164.33,164.12,165.6,166.86,163.46,164.38,164.052,164.081,164.48,-0.26,"0.83","Very Weak","Mixed trend","Mixed trend","Hold","-","Neutral",163.9,165,0.681707317073166,"","Low reward High risk zone"," + ","Very Strong",163.76,"158.47-163.82"," + ",NA,"163.3-164.29","Neutral","Neutral","138.73-189.37","136.69-152.55","False",2.61,7.77,"high","normal",FALSE,0.091519219036001,-0.0304692260816471,-0.109602386896413,-0.285679552637976,0.0365875968046846,163.79146796582,163.249901143754,FALSE,"",3,152.61,4,2,0.475057781842086,163.841,162.743,NA,NA,48.7342593054687,47.5407660088368,74.8099468972867,68.2749203459323,10.5499822990955,0,0,0.030311169575161,164.207084,164.207714166667,164.462970043857,163.685369956143,FALSE,FALSE,168.150983233329,158.219016766671,0.917746141828166,0,0.108631361849702,3.47128155455228,FALSE,FALSE,59.6865467184462,54.9202810379947,-1.19166185836546,13.7971698113208,2.12275896414344,-0.109602386896413,1.74905414625071,0.798771121351773,0.0243887567831355,-0.261429961089481,0.0243887567831447,0.798771121351782,1.74905414625071,-0.109602386896412,6.27735317133581,FALSE,164.06868,164.07417,"low",FALSE,-0.39029463828025,FALSE,"2026-10-07 18:12:00",168.150983233329,158.219016766671,163.46,166.86,"","","","","",24,"D","EARLY_REVERSAL",47,"C","NONE",75,"PASS"
"Z","Communication Services","Internet Content & Information","United States","-",NA,"No",27.8638,27.17,27.8,27.48,27.45,27.66,26.955,27.24,27.494,27.349,27.7,0.59,"-0.56","-","Uptrend","Mixed trend","Hold","Overbought","Neutral",27.2037,27.8638,10.2622950819672,"","Excellent reward to risk ratio zone"," + Upwards Momentum Signal + Positive News + ","Very Strong",27.16,"23.76-27.25"," + Upwards Momentum Signal + Positive News + ",NA,"26.93-29.94","Higher","Neutral","15.93-38.63","19.77-39.63","False",4.6,NA,"high","expanding",TRUE,2.10260168559913,2.1400293255132,1.95316502012442,1.4520298561806,2.17748441510818,27.1348824121891,26.7868361076586,FALSE,"",10,25.8,0,8,1.98372965100326,27.507,29.228,NA,NA,95.6480221559196,83.0007405030175,87.9020497921345,100,17.334871298233,4.84730974309336,100,0.265656206402072,27.341552,27.360055,27.5816311203686,27.0451288796314,TRUE,FALSE,33.4418497652256,25.2531502347744,10,1.59319362041213,0.0704874521938599,1.2127123387217,FALSE,FALSE,33.2912757937769,34.3212260581663,-1.65716361855043,-14.375392341494,-24.4111942366306,-15.1213441194773,-4.78184991273996,0.552893475856993,-0.474279460051073,-1.51624548736461,-0.474279460051075,0.552893475856986,-4.78184991273995,-15.1213441194773,32.4264476088017,FALSE,27.4055,27.31338,"high",FALSE,-2.39426188922013,FALSE,"2026-10-07 18:31:00",33.4418497652256,25.2531502347744,26.95,27.66,"","News Alert","","","",59,"B","TREND_CONFIRMED",9,"D","EARLY_REVERSAL",20,"AVOID"
"ZBAO","Financial Services","Insurance Brokers","China","Nano",NA,"No",0.082,0.08,0.08,0.08,0.0928,0.0931,0.077,0.08,0.083,0.083,0.087,-5.75,"2.88","Weak","Mixed trend","Mixed trend","Hold","-","Neutral",0.0814,0.0894,12.5666666666667,"","Excellent reward to risk ratio zone"," + ","Very Strong",0.08,"0.01-0.08"," + ","Upwards Momentum Signal","0.07-0.1","Neutral","Neutral","-0.08-0.13","0.06-0.5","False",11.71,-0.28,"high","expanding",FALSE,0.244498777506119,0.737100737100741,-0.606060606060607,1.73697270471464,-2.03106332138589,0.0799485690016612,0.067913919409826,FALSE,"",3,0.06,5,3,13.1955392207919,0.089,0.109,NA,NA,27.8680778469416,45.75936879487,33.8102808691045,17.6470588235295,3.38870032497486,1.43084260731318,0,0.000981325634027908,0.083336,0.0819833333333333,0.0890504365499392,0.0786695634500607,FALSE,FALSE,0.143428433209356,0.0664615667906443,0.214537087486123,0,0.00146212950692606,0.0210160166615471,TRUE,FALSE,22.9514691256499,33.1485021161622,-1.35079759268764,-72.8181212524983,-55.939524838013,-46.1741424802111,-15.8762886597938,-18.4,-14.8225469728601,-5.77367205542724,-14.8225469728601,-18.4,-15.8762886597938,-46.1741424802111,115.806578351003,FALSE,0.08306,0.08386,"high",FALSE,-13.7183703952551,FALSE,"2026-10-07 18:37:00",0.143428433209356,0.0664615667906443,0.08,0.09,"","","","","",32,"D","NONE",2,"D","NONE",60,"WATCH"
"ZBRA","Technology","Communication Equipment","United States","Large","Good","Yes",386.05,384.83,399,391.91,381.11,387.51,378.08,383.75,386.012,386,385.78,0.07,"-0.27","-","Mixed trend","Uptrend","Hold","-","Neutral",384.89,386.78,0.0956894433456457,"","Low reward High risk zone"," + Breakout Signal + ","Very Strong",384.44,"368.07-385.3"," + Breakout Signal + ",NA,"382.62-389.48","Neutral","Neutral","259.83-512.27","216.79-327.05","False",3.9,10.91,"medium","normal",FALSE,-0.00518040769808113,0.173854377497539,-0.0841151730831417,-0.200348995023584,0.142671854734114,384.553582380195,383.115987799465,FALSE,"",6,328.26,8,2,0.549436240527607,380.751,367.992,NA,NA,56.4841040749676,49.6008761627474,67.4698795180727,69.8795180722896,-1.73544631606766,0,40.0000000000028,0.155306149255412,386.427702,386.444064166667,386.981799937524,384.867200062476,FALSE,FALSE,392.829526023791,333.480473976209,10,9.70924723248999,0.337431531413632,10.7309064949547,FALSE,FALSE,93.2346628510885,69.1371590753859,0.132613089683247,48.4179770097266,7.08143792300012,11.9537163239857,4.05099455554957,3.41271329458091,2.71111584100463,0.0699880761055624,2.71111584100463,3.4127132945809,4.05099455554958,11.9537163239857,17.7968596901469,FALSE,386.092,385.9245,"medium",FALSE,2.20068689048244,FALSE,"2026-10-07 16:27:00",392.829526023791,333.480473976209,378.08,387.51,"","","","","",21,"D","NONE",90,"A","TREND_CONFIRMED",90,"PASS"
"ZENA","Technology","Software - Infrastructure","Canada","Micro",NA,"No",1.3497,1.34,1.35,1.35,1.36,1.4,1.3,1.34,1.347,1.352,1.3,3.82,"5.1","Weak","Mixed trend","Mixed trend","Hold","-","Neutral",1.34,1.38,3.41176470588234,"","Excellent reward to risk ratio zone"," + ","Very Strong",1.33,"0.99-1.33"," + ",NA,"1.27-1.43","Neutral","Neutral","0.45-2.25","0.71-1.36","True",9.29,-1.45,"high","expanding",TRUE,0.641264633509801,-2.19565217391304,0.723880597014912,0.723880597014912,0.349442379182151,1.33309382023245,1.29687283031511,TRUE,"MomentumPullback",8,1.16,1,5,3.42924233096914,1.333,1.436,NA,NA,59.76863175002,49.1091245152666,12.1034338358457,24.2499999999997,-1.63274706867679,24.2499999999997,100,0.00438919126947187,1.347628,1.3430175,1.3769263006201,1.3312736993799,FALSE,FALSE,1.60342981040461,1.25557018959539,10,10,0.00695617226288642,0.0971516440987416,TRUE,TRUE,59.1872991839974,41.6354890044088,3.99392661446321,-3.57142857142856,-26.2295081967213,-16.1490683229814,-9.39597315436241,3.05343511450382,1.50375939849624,3.84615384615385,1.50375939849625,3.05343511450382,-9.39597315436241,-16.1490683229814,27.7053105984706,FALSE,1.3469,1.3541,"low",FALSE,-4.07045419357557,TRUE,"2026-10-07 18:25:00",1.60342981040461,1.25557018959539,1.3,1.4,"","","","","",30,"D","NONE",21,"D","EARLY_REVERSAL",45,"AVOID"
"ZG","Communication Services","Internet Content & Information","United States","-",NA,"No",27.99,27.47,29.78,28.62,27.98,28.275,27.56,27.85,27.973,27.958,28.36,-1.3,"-0.79","-","Uptrend","Mixed trend","Hold","-","Neutral",27.895,27.99,8.62500000000001,"","Excellent reward to risk ratio zone"," + Breakout Signal: above upper bollinger band limit + Positive News + ","Very Strong",27.85,"26.66-27.88"," + Breakout Signal: above upper bollinger band limit + Positive News + ",NA,"27.74-28.24","Neutral","Neutral","16.24-39.7","20.19-40.12","False",4.8,NA,"low","normal",FALSE,0.161030595813198,0.232766338406438,0.053619302949051,-0.391459074733107,0.502692998204657,27.8702114313826,27.7543248148024,TRUE,"MomentumPullback",8,26.32,0,8,0.317914290355358,28.188,29.904,NA,NA,88.0546153646422,57.2424215896537,87.4999999999993,100,6.32716049382682,18.7500000000011,100,0.0103682206762075,27.9713,27.9706675,27.9906020604152,27.9018979395848,FALSE,FALSE,34.0665273791715,25.9469726208285,10,1.05363037662962,0.0248729892669788,1.24481734058084,FALSE,FALSE,33.6874203592328,35.0262683147312,-1.50703586980145,-12.0440251572327,-24.5888379617148,-14.7386069196769,-4.70187393526406,0.974729241877255,-0.444919024737498,-1.37517630465444,-0.4449190247375,0.974729241877248,-4.70187393526407,-14.7386069196769,31.2928790460324,FALSE,27.972,27.94625,"high",FALSE,-2.57146423233818,FALSE,"2026-10-07 17:42:00",34.0665273791715,25.9469726208285,27.56,28.27,"","News Alert","","","",50,"C","NONE",9,"D","EARLY_REVERSAL",45,"AVOID"
